date,open,high,low,close,volume,_source
2020-01-02 07:00:00,14140.0,14720.0,14140.0,14452.0,15870,KBS
2020-01-03 07:00:00,14675.0,14675.0,14274.0,14541.0,230,KBS
2020-01-06 07:00:00,14229.0,14229.0,13872.0,14006.0,8040,KBS
2020-01-07 07:00:00,14274.0,14274.0,13872.0,14006.0,4920,KBS
2020-01-08 07:00:00,14006.0,14006.0,14006.0,14006.0,880,KBS
2020-01-09 07:00:00,14452.0,14943.0,14184.0,14184.0,4470,KBS
2020-01-10 07:00:00,14541.0,14541.0,14006.0,14452.0,1400,KBS
2020-01-13 07:00:00,14274.0,14541.0,14095.0,14274.0,27010,KBS
2020-01-14 07:00:00,14274.0,14274.0,14006.0,14184.0,3730,KBS
2020-01-15 07:00:00,14184.0,14184.0,14184.0,14184.0,320,KBS
2020-01-16 07:00:00,14184.0,14184.0,14006.0,14051.0,2450,KBS
2020-01-17 07:00:00,14095.0,14229.0,14006.0,14006.0,2150,KBS
2020-01-20 07:00:00,13828.0,14184.0,13381.0,14051.0,9870,KBS
2020-01-21 07:00:00,14006.0,14051.0,13917.0,14051.0,10410,KBS
2020-01-22 07:00:00,14095.0,14095.0,13828.0,14095.0,10100,KBS
2020-01-30 07:00:00,13694.0,13694.0,13248.0,13560.0,14370,KBS
2020-01-31 07:00:00,13292.0,13560.0,12802.0,12802.0,2700,KBS
2020-02-03 07:00:00,13203.0,13203.0,12400.0,12445.0,15130,KBS
2020-02-04 07:00:00,12445.0,13203.0,12445.0,12489.0,6190,KBS
2020-02-05 07:00:00,12757.0,12846.0,12489.0,12712.0,5420,KBS
2020-02-06 07:00:00,12489.0,13025.0,12489.0,12935.0,9000,KBS
2020-02-07 07:00:00,12935.0,13203.0,12935.0,13114.0,3770,KBS
2020-02-10 07:00:00,13158.0,13158.0,12311.0,12311.0,69220,KBS
2020-02-11 07:00:00,12668.0,12668.0,12445.0,12489.0,10330,KBS
2020-02-12 07:00:00,12891.0,12935.0,12400.0,12489.0,10810,KBS
2020-02-13 07:00:00,12489.0,12935.0,12266.0,12489.0,18960,KBS
2020-02-14 07:00:00,12489.0,12489.0,12489.0,12489.0,7550,KBS
2020-02-17 07:00:00,12489.0,12579.0,12489.0,12489.0,11030,KBS
2020-02-18 07:00:00,12489.0,12623.0,12445.0,12623.0,8300,KBS
2020-02-19 07:00:00,12489.0,12623.0,12489.0,12623.0,3690,KBS
2020-02-20 07:00:00,12579.0,12579.0,12400.0,12579.0,9220,KBS
2020-02-21 07:00:00,12579.0,12579.0,12534.0,12579.0,10610,KBS
2020-02-24 07:00:00,12579.0,12579.0,12311.0,12311.0,7930,KBS
2020-02-25 07:00:00,12311.0,12489.0,12222.0,12489.0,10700,KBS
2020-02-26 07:00:00,12445.0,12445.0,12222.0,12400.0,4170,KBS
2020-02-27 07:00:00,12133.0,12935.0,12133.0,12935.0,11740,KBS
2020-02-28 07:00:00,12400.0,12400.0,12311.0,12311.0,2420,KBS
2020-03-02 07:00:00,12400.0,12489.0,12400.0,12489.0,3520,KBS
2020-03-03 07:00:00,12400.0,12445.0,12266.0,12311.0,7470,KBS
2020-03-04 07:00:00,12266.0,12400.0,12222.0,12311.0,5940,KBS
2020-03-05 07:00:00,12579.0,12935.0,12311.0,12311.0,27460,KBS
2020-03-06 07:00:00,12802.0,12802.0,12266.0,12489.0,8570,KBS
2020-03-09 07:00:00,12222.0,12400.0,11642.0,11686.0,54130,KBS
2020-03-10 07:00:00,11151.0,11909.0,11151.0,11642.0,19060,KBS
2020-03-11 07:00:00,12266.0,12445.0,12043.0,12445.0,199520,KBS
2020-03-12 07:00:00,12445.0,12445.0,12043.0,12311.0,124760,KBS
2020-03-13 07:00:00,12311.0,13158.0,11776.0,13158.0,106370,KBS
2020-03-16 07:00:00,13828.0,14051.0,13114.0,14051.0,138680,KBS
2020-03-17 07:00:00,14630.0,15032.0,13381.0,15032.0,76490,KBS
2020-03-18 07:00:00,15255.0,15612.0,14407.0,15166.0,118300,KBS
2020-03-19 07:00:00,14274.0,15166.0,14140.0,14452.0,47670,KBS
2020-03-20 07:00:00,15076.0,15076.0,14184.0,14274.0,114090,KBS
2020-03-23 07:00:00,14274.0,14720.0,13381.0,13426.0,295240,KBS
2020-03-24 07:00:00,13426.0,14274.0,13381.0,13649.0,74020,KBS
2020-03-25 07:00:00,13840.0,14604.0,13649.0,14031.0,60930,KBS
2020-03-26 07:00:00,14031.0,14985.0,14031.0,14413.0,135130,KBS
2020-03-27 07:00:00,15176.0,15415.0,14699.0,15415.0,58540,KBS
2020-03-30 07:00:00,15415.0,15463.0,14365.0,15415.0,76490,KBS
2020-03-31 07:00:00,15415.0,15606.0,14842.0,14938.0,69910,KBS
2020-04-01 07:00:00,14938.0,15892.0,14460.0,14985.0,44970,KBS
2020-04-03 07:00:00,15081.0,15988.0,14938.0,15988.0,146260,KBS
2020-04-06 07:00:00,16703.0,16894.0,15988.0,16131.0,57060,KBS
2020-04-07 07:00:00,16608.0,16656.0,15463.0,16656.0,28580,KBS
2020-04-08 07:00:00,16656.0,16799.0,15940.0,16799.0,57180,KBS
2020-04-09 07:00:00,16369.0,16799.0,16226.0,16226.0,29840,KBS
2020-04-10 07:00:00,16226.0,16990.0,16131.0,16656.0,90130,KBS
2020-04-13 07:00:00,16656.0,16799.0,16226.0,16274.0,43800,KBS
2020-04-14 07:00:00,16226.0,16751.0,16226.0,16274.0,84280,KBS
2020-04-15 07:00:00,16608.0,16608.0,16226.0,16226.0,10730,KBS
2020-04-16 07:00:00,16131.0,16799.0,16131.0,16322.0,42980,KBS
2020-04-17 07:00:00,16274.0,17419.0,16274.0,17419.0,126970,KBS
2020-04-20 07:00:00,17562.0,17562.0,16226.0,16417.0,40900,KBS
2020-04-21 07:00:00,16417.0,16990.0,15272.0,15606.0,50760,KBS
2020-04-22 07:00:00,15081.0,16226.0,15081.0,15654.0,28500,KBS
2020-04-23 07:00:00,15654.0,15749.0,15558.0,15558.0,14790,KBS
2020-04-24 07:00:00,16035.0,16035.0,15367.0,15606.0,9990,KBS
2020-04-27 07:00:00,16226.0,16226.0,15510.0,16035.0,8290,KBS
2020-04-28 07:00:00,15606.0,15988.0,15606.0,15940.0,4610,KBS
2020-04-29 07:00:00,15558.0,15940.0,15558.0,15558.0,6090,KBS
2020-05-04 07:00:00,15272.0,16226.0,14508.0,15367.0,71460,KBS
2020-05-05 07:00:00,15463.0,16131.0,15463.0,15463.0,610,KBS
2020-05-06 07:00:00,16178.0,16322.0,15749.0,15749.0,31680,KBS
2020-05-07 07:00:00,16608.0,16608.0,15654.0,16131.0,3730,KBS
2020-05-08 07:00:00,16131.0,17228.0,15654.0,17228.0,88150,KBS
2020-05-11 07:00:00,16894.0,17467.0,16703.0,16894.0,51550,KBS
2020-05-12 07:00:00,17276.0,17276.0,16751.0,16751.0,7890,KBS
2020-05-13 07:00:00,15844.0,16751.0,15844.0,15940.0,45100,KBS
2020-05-14 07:00:00,16131.0,16131.0,15558.0,15940.0,14980,KBS
2020-05-15 07:00:00,16226.0,16226.0,15940.0,15940.0,4670,KBS
2020-05-18 07:00:00,16608.0,17038.0,15892.0,15892.0,35050,KBS
2020-05-19 07:00:00,16226.0,16990.0,16226.0,16417.0,74250,KBS
2020-05-20 07:00:00,16608.0,16990.0,16083.0,16942.0,5720,KBS
2020-05-21 07:00:00,16942.0,17658.0,16226.0,17562.0,46980,KBS
2020-05-22 07:00:00,16513.0,17562.0,16513.0,16799.0,48720,KBS
2020-05-25 07:00:00,17181.0,17228.0,16513.0,16656.0,62870,KBS
2020-05-26 07:00:00,17181.0,17181.0,16608.0,16703.0,111650,KBS
2020-05-27 07:00:00,16942.0,17228.0,16751.0,17228.0,44330,KBS
2020-05-28 07:00:00,17562.0,17562.0,16703.0,17133.0,13810,KBS
2020-05-29 07:00:00,16513.0,17181.0,16513.0,16847.0,7620,KBS
2020-06-01 07:00:00,17467.0,17992.0,16751.0,17372.0,82360,KBS
2020-06-02 07:00:00,17228.0,18565.0,17228.0,18565.0,113970,KBS
2020-06-03 07:00:00,19185.0,19567.0,18087.0,18565.0,24190,KBS
2020-06-04 07:00:00,18565.0,19424.0,18135.0,18135.0,48620,KBS
2020-06-05 07:00:00,18899.0,18899.0,16894.0,18469.0,21680,KBS
2020-06-08 07:00:00,18135.0,19424.0,18135.0,18278.0,57500,KBS
2020-06-09 07:00:00,19281.0,19281.0,18040.0,18040.0,41280,KBS
2020-06-10 07:00:00,18040.0,18135.0,16799.0,16799.0,192300,KBS
2020-06-11 07:00:00,17181.0,17181.0,16226.0,16226.0,71650,KBS
2020-06-12 07:00:00,15510.0,16990.0,15510.0,16226.0,10730,KBS
2020-06-15 07:00:00,16226.0,16226.0,15606.0,15654.0,27460,KBS
2020-06-16 07:00:00,16178.0,16178.0,15654.0,15701.0,22130,KBS
2020-06-17 07:00:00,16226.0,16226.0,15701.0,15701.0,6840,KBS
2020-06-18 07:00:00,15701.0,16083.0,15701.0,16035.0,2260,KBS
2020-06-19 07:00:00,15940.0,15940.0,15844.0,15844.0,6950,KBS
2020-06-22 07:00:00,15749.0,16226.0,15749.0,16178.0,43630,KBS
2020-06-23 07:00:00,16322.0,16322.0,16035.0,16035.0,21210,KBS
2020-06-24 07:00:00,16178.0,16178.0,15749.0,15940.0,11750,KBS
2020-06-25 07:00:00,15749.0,15749.0,15558.0,15749.0,13720,KBS
2020-06-26 07:00:00,16178.0,16178.0,15558.0,15558.0,4030,KBS
2020-06-29 07:00:00,15558.0,15844.0,14985.0,15844.0,19650,KBS
2020-06-30 07:00:00,15129.0,15844.0,15081.0,15844.0,6610,KBS
2020-07-01 07:00:00,15749.0,15749.0,15129.0,15749.0,2140,KBS
2020-07-02 07:00:00,15129.0,15749.0,15129.0,15558.0,2690,KBS
2020-07-03 07:00:00,15558.0,15558.0,15367.0,15558.0,4410,KBS
2020-07-06 07:00:00,15272.0,15558.0,15081.0,15463.0,14600,KBS
2020-07-07 07:00:00,15272.0,15463.0,15129.0,15463.0,29980,KBS
2020-07-08 07:00:00,15367.0,15558.0,15367.0,15558.0,26540,KBS
2020-07-09 07:00:00,15129.0,15606.0,15129.0,15558.0,9200,KBS
2020-07-10 07:00:00,15558.0,15558.0,15463.0,15463.0,5440,KBS
2020-07-13 07:00:00,15463.0,15463.0,15272.0,15463.0,12990,KBS
2020-07-14 07:00:00,15463.0,15463.0,15176.0,15272.0,11830,KBS
2020-07-15 07:00:00,15415.0,15415.0,15272.0,15415.0,4430,KBS
2020-07-16 07:00:00,15367.0,15463.0,15081.0,15081.0,10890,KBS
2020-07-17 07:00:00,15415.0,15415.0,15081.0,15129.0,1320,KBS
2020-07-20 07:00:00,15129.0,15367.0,15129.0,15176.0,1990,KBS
2020-07-21 07:00:00,15272.0,15272.0,15176.0,15176.0,4380,KBS
2020-07-22 07:00:00,15367.0,15367.0,15224.0,15272.0,4570,KBS
2020-07-23 07:00:00,15272.0,15272.0,15272.0,15272.0,2930,KBS
2020-07-24 07:00:00,15272.0,15272.0,14794.0,14794.0,23990,KBS
2020-07-27 07:00:00,13983.0,14699.0,13983.0,14270.0,7910,KBS
2020-07-28 07:00:00,13554.0,14604.0,13554.0,14604.0,4540,KBS
2020-07-29 07:00:00,13935.0,14317.0,13935.0,14222.0,4660,KBS
2020-07-30 07:00:00,14126.0,14604.0,14126.0,14604.0,1220,KBS
2020-07-31 07:00:00,14317.0,14699.0,14222.0,14317.0,13430,KBS
2020-08-03 07:00:00,14604.0,15319.0,14556.0,15081.0,5910,KBS
2020-08-04 07:00:00,15081.0,15749.0,14985.0,15224.0,7760,KBS
2020-08-05 07:00:00,15272.0,15463.0,14890.0,14890.0,4510,KBS
2020-08-06 07:00:00,14604.0,15367.0,14508.0,15367.0,520,KBS
2020-08-07 07:00:00,15081.0,15272.0,14794.0,14842.0,5350,KBS
2020-08-10 07:00:00,15224.0,15463.0,14842.0,15415.0,4390,KBS
2020-08-11 07:00:00,15272.0,15463.0,15081.0,15463.0,6560,KBS
2020-08-12 07:00:00,15463.0,15510.0,15415.0,15510.0,4050,KBS
2020-08-13 07:00:00,15558.0,15654.0,15176.0,15510.0,5750,KBS
2020-08-14 07:00:00,15463.0,15606.0,15367.0,15463.0,8930,KBS
2020-08-17 07:00:00,15463.0,15463.0,14794.0,15272.0,3560,KBS
2020-08-18 07:00:00,14842.0,15463.0,14794.0,15319.0,11360,KBS
2020-08-19 07:00:00,15081.0,15319.0,15033.0,15081.0,9020,KBS
2020-08-20 07:00:00,15272.0,15272.0,14890.0,15272.0,8540,KBS
2020-08-21 07:00:00,14604.0,15272.0,14604.0,14985.0,5550,KBS
2020-08-24 07:00:00,15272.0,15272.0,15033.0,15224.0,18140,KBS
2020-08-25 07:00:00,15224.0,15272.0,15033.0,15224.0,8790,KBS
2020-08-26 07:00:00,15224.0,15367.0,15224.0,15224.0,22810,KBS
2020-08-27 07:00:00,15272.0,16226.0,15272.0,16035.0,25240,KBS
2020-08-28 07:00:00,16035.0,16035.0,15319.0,15319.0,12260,KBS
2020-08-31 07:00:00,15319.0,15749.0,15272.0,15654.0,8520,KBS
2020-09-01 07:00:00,15272.0,15701.0,15129.0,15272.0,10560,KBS
2020-09-03 07:00:00,15701.0,15701.0,15129.0,15606.0,9610,KBS
2020-09-04 07:00:00,15654.0,15654.0,15176.0,15510.0,3050,KBS
2020-09-07 07:00:00,15176.0,15654.0,15176.0,15415.0,4980,KBS
2020-09-08 07:00:00,15558.0,15558.0,15176.0,15415.0,5890,KBS
2020-09-09 07:00:00,15415.0,15415.0,15129.0,15176.0,16700,KBS
2020-09-10 07:00:00,15272.0,15510.0,15176.0,15510.0,18030,KBS
2020-09-11 07:00:00,15463.0,15510.0,15272.0,15463.0,10580,KBS
2020-09-14 07:00:00,15463.0,15463.0,15272.0,15367.0,12920,KBS
2020-09-15 07:00:00,15367.0,15463.0,15272.0,15272.0,6850,KBS
2020-09-16 07:00:00,15367.0,15367.0,15272.0,15272.0,11010,KBS
2020-09-17 07:00:00,15176.0,15272.0,15176.0,15272.0,13080,KBS
2020-09-18 07:00:00,15272.0,16035.0,15224.0,15749.0,84620,KBS
2020-09-21 07:00:00,16322.0,16322.0,15940.0,16226.0,41960,KBS
2020-09-22 07:00:00,16226.0,16369.0,15844.0,16131.0,6760,KBS
2020-09-23 07:00:00,15749.0,15940.0,15701.0,15844.0,30120,KBS
2020-09-24 07:00:00,15701.0,16226.0,15606.0,15940.0,33080,KBS
2020-09-25 07:00:00,15940.0,15940.0,15797.0,15797.0,5220,KBS
2020-09-28 07:00:00,16178.0,16178.0,15749.0,15940.0,13050,KBS
2020-09-29 07:00:00,15749.0,15940.0,15749.0,15892.0,13380,KBS
2020-09-30 07:00:00,16226.0,16894.0,15654.0,15797.0,12470,KBS
2020-10-01 07:00:00,15797.0,15797.0,15654.0,15749.0,27700,KBS
2020-10-02 07:00:00,15749.0,16035.0,15272.0,15319.0,22390,KBS
2020-10-05 07:00:00,16083.0,16083.0,15415.0,15940.0,10670,KBS
2020-10-06 07:00:00,15940.0,15940.0,15272.0,15844.0,35890,KBS
2020-10-07 07:00:00,15463.0,15844.0,15463.0,15749.0,19870,KBS
2020-10-08 07:00:00,15749.0,15844.0,15654.0,15844.0,6020,KBS
2020-10-09 07:00:00,15940.0,15940.0,15463.0,15844.0,7660,KBS
2020-10-12 07:00:00,15558.0,15844.0,15176.0,15606.0,46580,KBS
2020-10-13 07:00:00,15606.0,15606.0,15272.0,15606.0,37200,KBS
2020-10-14 07:00:00,15749.0,15749.0,15749.0,15749.0,6280,KBS
2020-10-15 07:00:00,15749.0,15749.0,15367.0,15749.0,9480,KBS
2020-10-16 07:00:00,15654.0,15701.0,15272.0,15272.0,24110,KBS
2020-10-19 07:00:00,15606.0,15606.0,15272.0,15463.0,4540,KBS
2020-10-20 07:00:00,15558.0,15558.0,14794.0,15272.0,16860,KBS
2020-10-21 07:00:00,15367.0,15749.0,15033.0,15272.0,33470,KBS
2020-10-22 07:00:00,15463.0,15463.0,15272.0,15463.0,3560,KBS
2020-10-23 07:00:00,15367.0,15844.0,15272.0,15272.0,24770,KBS
2020-10-26 07:00:00,15272.0,15749.0,15272.0,15749.0,20180,KBS
2020-10-27 07:00:00,15892.0,15892.0,15272.0,15558.0,1050,KBS
2020-10-28 07:00:00,15176.0,15463.0,14985.0,15415.0,6160,KBS
2020-10-29 07:00:00,15272.0,15415.0,15081.0,15129.0,6790,KBS
2020-10-30 07:00:00,15701.0,15701.0,14985.0,15558.0,9330,KBS
2020-11-02 07:00:00,14985.0,15415.0,14604.0,15415.0,2920,KBS
2020-11-03 07:00:00,14890.0,15272.0,14794.0,15176.0,55730,KBS
2020-11-04 07:00:00,14890.0,15224.0,14604.0,15224.0,4840,KBS
2020-11-05 07:00:00,15224.0,15224.0,14365.0,15081.0,18520,KBS
2020-11-06 07:00:00,15081.0,15081.0,14651.0,15033.0,7140,KBS
2020-11-09 07:00:00,15081.0,15176.0,14604.0,14651.0,20610,KBS
2020-11-10 07:00:00,14651.0,14938.0,14604.0,14651.0,33050,KBS
2020-11-11 07:00:00,14938.0,14938.0,14604.0,14651.0,8900,KBS
2020-11-12 07:00:00,14556.0,14651.0,14413.0,14651.0,30980,KBS
2020-11-13 07:00:00,14794.0,14794.0,13649.0,14126.0,502290,KBS
2020-11-16 07:00:00,14126.0,14317.0,14126.0,14174.0,26400,KBS
2020-11-17 07:00:00,14222.0,14604.0,14222.0,14413.0,12140,KBS
2020-11-18 07:00:00,14222.0,14317.0,13983.0,14031.0,105250,KBS
2020-11-19 07:00:00,14222.0,14222.0,13935.0,14079.0,24120,KBS
2020-11-20 07:00:00,14079.0,14079.0,13935.0,14079.0,33640,KBS
2020-11-23 07:00:00,14317.0,14508.0,14079.0,14317.0,44780,KBS
2020-11-24 07:00:00,14317.0,14317.0,14126.0,14317.0,21870,KBS
2020-11-25 07:00:00,14317.0,14413.0,14222.0,14317.0,26820,KBS
2020-11-26 07:00:00,14222.0,14413.0,14222.0,14317.0,13910,KBS
2020-11-27 07:00:00,14985.0,14985.0,14365.0,14508.0,25500,KBS
2020-11-30 07:00:00,14699.0,14985.0,14508.0,14651.0,35780,KBS
2020-12-01 07:00:00,14699.0,14794.0,14508.0,14747.0,32050,KBS
2020-12-02 07:00:00,14794.0,14890.0,14317.0,14794.0,32640,KBS
2020-12-03 07:00:00,14794.0,14794.0,14222.0,14699.0,86780,KBS
2020-12-04 07:00:00,14222.0,14794.0,14222.0,14699.0,35660,KBS
2020-12-07 07:00:00,14699.0,14938.0,14556.0,14890.0,48990,KBS
2020-12-08 07:00:00,14890.0,15272.0,14508.0,14890.0,124280,KBS
2020-12-09 07:00:00,14985.0,15463.0,14890.0,15272.0,156880,KBS
2020-12-10 07:00:00,14985.0,15606.0,14985.0,15272.0,30980,KBS
2020-12-11 07:00:00,15558.0,15558.0,15081.0,15272.0,32080,KBS
2020-12-14 07:00:00,15033.0,15272.0,15033.0,15081.0,36420,KBS
2020-12-15 07:00:00,15224.0,15367.0,14890.0,14985.0,104210,KBS
2020-12-16 07:00:00,15272.0,15367.0,14842.0,15176.0,126400,KBS
2020-12-17 07:00:00,15033.0,15272.0,14699.0,14890.0,151260,KBS
2020-12-18 07:00:00,14794.0,15129.0,14794.0,14890.0,39070,KBS
2020-12-21 07:00:00,14890.0,15081.0,14794.0,15033.0,25550,KBS
2020-12-22 07:00:00,15081.0,15081.0,14794.0,14985.0,30250,KBS
2020-12-23 07:00:00,14985.0,15940.0,14890.0,15367.0,180400,KBS
2020-12-24 07:00:00,15367.0,15749.0,15081.0,15367.0,37780,KBS
2020-12-25 07:00:00,15654.0,15797.0,14794.0,15272.0,274140,KBS
2020-12-28 07:00:00,15797.0,16322.0,15749.0,16226.0,1010610,KBS
2020-12-29 07:00:00,16608.0,17324.0,16608.0,17324.0,294820,KBS
2020-12-30 07:00:00,18040.0,18135.0,17276.0,17324.0,196390,KBS
2020-12-31 07:00:00,17276.0,17467.0,16417.0,16990.0,247510,KBS
2021-01-04 07:00:00,16990.0,17181.0,16799.0,16942.0,250800,KBS
2021-01-05 07:00:00,17085.0,18087.0,16942.0,17897.0,288700,KBS
2021-01-06 07:00:00,18040.0,18135.0,17467.0,17562.0,144700,KBS
2021-01-07 07:00:00,17562.0,17944.0,17419.0,17515.0,139900,KBS
2021-01-08 07:00:00,17658.0,17658.0,17181.0,17276.0,151600,KBS
2021-01-11 07:00:00,17276.0,17658.0,17181.0,17372.0,138300,KBS
2021-01-12 07:00:00,17610.0,17753.0,17419.0,17706.0,115100,KBS
2021-01-13 07:00:00,17801.0,18756.0,17801.0,18135.0,197300,KBS
2021-01-14 07:00:00,18135.0,18612.0,18135.0,18374.0,81300,KBS
2021-01-15 07:00:00,18374.0,19090.0,18278.0,18565.0,70000,KBS
2021-01-18 07:00:00,18612.0,18612.0,18135.0,18422.0,171700,KBS
2021-01-19 07:00:00,18422.0,18422.0,17133.0,17181.0,235100,KBS
2021-01-20 07:00:00,17181.0,17658.0,16656.0,17658.0,118900,KBS
2021-01-21 07:00:00,17276.0,18087.0,17276.0,17897.0,60700,KBS
2021-01-22 07:00:00,17849.0,17849.0,17372.0,17562.0,84300,KBS
2021-01-25 07:00:00,17133.0,17753.0,17133.0,17658.0,81300,KBS
2021-01-26 07:00:00,18040.0,18040.0,17181.0,17181.0,44800,KBS
2021-01-27 07:00:00,16799.0,17372.0,16608.0,17181.0,135000,KBS
2021-01-28 07:00:00,16417.0,16990.0,15988.0,15988.0,158200,KBS
2021-01-29 07:00:00,15176.0,16226.0,15176.0,16035.0,40900,KBS
2021-02-01 07:00:00,16513.0,16513.0,15319.0,16035.0,20000,KBS
2021-02-02 07:00:00,16417.0,16513.0,15463.0,16513.0,14300,KBS
2021-02-03 07:00:00,16513.0,17181.0,16513.0,16799.0,42600,KBS
2021-02-04 07:00:00,17133.0,17133.0,16703.0,17085.0,24400,KBS
2021-02-05 07:00:00,17085.0,17181.0,16990.0,16990.0,17100,KBS
2021-02-08 07:00:00,17085.0,17181.0,16226.0,16847.0,27100,KBS
2021-02-09 07:00:00,16847.0,16894.0,16513.0,16894.0,5500,KBS
2021-02-17 07:00:00,17181.0,17658.0,17181.0,17658.0,106300,KBS
2021-02-18 07:00:00,17658.0,17658.0,17467.0,17515.0,40300,KBS
2021-02-19 07:00:00,17515.0,17610.0,17372.0,17372.0,35600,KBS
2021-02-22 07:00:00,17372.0,17944.0,17372.0,17753.0,152700,KBS
2021-02-23 07:00:00,17753.0,17849.0,17658.0,17753.0,57800,KBS
2021-02-24 07:00:00,17753.0,17801.0,17467.0,17658.0,57100,KBS
2021-02-25 07:00:00,17658.0,17658.0,17181.0,17467.0,77200,KBS
2021-02-26 07:00:00,17228.0,17658.0,17181.0,17658.0,54400,KBS
2021-03-01 07:00:00,17849.0,18851.0,17658.0,18851.0,218300,KBS
2021-03-02 07:00:00,20140.0,20140.0,20140.0,20140.0,140200,KBS
2021-03-03 07:00:00,21524.0,21524.0,21524.0,21524.0,284600,KBS
2021-03-04 07:00:00,23003.0,23003.0,21953.0,23003.0,579800,KBS
2021-03-05 07:00:00,23098.0,24339.0,21953.0,23767.0,284200,KBS
2021-03-08 07:00:00,23862.0,24292.0,22908.0,22908.0,119800,KBS
2021-03-09 07:00:00,22430.0,22908.0,21905.0,22526.0,221100,KBS
2021-03-10 07:00:00,22526.0,22526.0,21476.0,22144.0,149800,KBS
2021-03-11 07:00:00,21953.0,22717.0,21953.0,22144.0,124200,KBS
2021-03-12 07:00:00,22144.0,22144.0,21428.0,21667.0,122300,KBS
2021-03-15 07:00:00,21667.0,23146.0,21046.0,23146.0,167500,KBS
2021-03-16 07:00:00,24721.0,24721.0,23194.0,24148.0,287000,KBS
2021-03-17 07:00:00,23862.0,23862.0,23242.0,23671.0,147400,KBS
2021-03-18 07:00:00,23385.0,25007.0,23289.0,24673.0,200900,KBS
2021-03-19 07:00:00,24339.0,24530.0,23862.0,23862.0,97400,KBS
2021-03-22 07:00:00,23862.0,24387.0,23814.0,23862.0,160500,KBS
2021-03-23 07:00:00,23194.0,23862.0,22430.0,23003.0,195300,KBS
2021-03-24 07:00:00,22526.0,23194.0,22096.0,22717.0,104700,KBS
2021-03-25 07:00:00,23289.0,23289.0,22717.0,22908.0,108000,KBS
2021-03-26 07:00:00,22908.0,22908.0,21476.0,22049.0,116100,KBS
2021-03-29 07:00:00,22049.0,23576.0,22049.0,23289.0,114400,KBS
2021-03-30 07:00:00,23289.0,23623.0,22764.0,23528.0,110800,KBS
2021-03-31 07:00:00,23528.0,23623.0,23146.0,23146.0,42900,KBS
2021-04-01 07:00:00,23098.0,23289.0,23098.0,23289.0,104200,KBS
2021-04-02 07:00:00,23289.0,23862.0,23289.0,23385.0,54100,KBS
2021-04-05 07:00:00,23385.0,23385.0,23194.0,23289.0,66700,KBS
2021-04-06 07:00:00,23289.0,23480.0,23098.0,23242.0,51200,KBS
2021-04-07 07:00:00,23194.0,23289.0,22955.0,23289.0,51500,KBS
2021-04-08 07:00:00,23385.0,23480.0,23242.0,23242.0,60100,KBS
2021-04-09 07:00:00,23767.0,24626.0,23480.0,23957.0,132100,KBS
2021-04-12 07:00:00,23957.0,24339.0,23862.0,24148.0,99300,KBS
2021-04-13 07:00:00,25294.0,25294.0,23385.0,23957.0,118800,KBS
2021-04-14 07:00:00,23480.0,23671.0,22908.0,23576.0,122000,KBS
2021-04-15 07:00:00,23576.0,23576.0,22908.0,23098.0,106400,KBS
2021-04-16 07:00:00,22908.0,23576.0,21953.0,23576.0,128000,KBS
2021-04-19 07:00:00,23576.0,23576.0,23098.0,23146.0,44200,KBS
2021-04-20 07:00:00,23146.0,23194.0,22812.0,23098.0,79100,KBS
2021-04-22 07:00:00,23098.0,23098.0,22049.0,22049.0,36800,KBS
2021-04-23 07:00:00,22049.0,22049.0,21619.0,22049.0,28400,KBS
2021-04-26 07:00:00,21571.0,21858.0,20521.0,20569.0,163400,KBS
2021-04-27 07:00:00,19996.0,20521.0,19137.0,20235.0,45500,KBS
2021-04-28 07:00:00,20235.0,21142.0,20235.0,21142.0,39300,KBS
2021-04-29 07:00:00,20092.0,21142.0,20092.0,20999.0,28800,KBS
2021-05-04 07:00:00,19758.0,20426.0,19567.0,20044.0,110900,KBS
2021-05-05 07:00:00,20044.0,20999.0,20044.0,20903.0,38500,KBS
2021-05-06 07:00:00,20808.0,20808.0,20521.0,20617.0,22700,KBS
2021-05-07 07:00:00,20330.0,20999.0,19662.0,20712.0,67300,KBS
2021-05-10 07:00:00,20712.0,20712.0,19758.0,20426.0,40500,KBS
2021-05-11 07:00:00,20903.0,20903.0,20044.0,20521.0,13600,KBS
2021-05-12 07:00:00,20140.0,20235.0,20044.0,20235.0,19500,KBS
2021-05-13 07:00:00,20044.0,20235.0,19853.0,20044.0,11100,KBS
2021-05-14 07:00:00,19471.0,19949.0,19090.0,19853.0,20900,KBS
2021-05-17 07:00:00,20330.0,20330.0,19376.0,19519.0,31000,KBS
2021-05-18 07:00:00,19519.0,19519.0,18708.0,18994.0,65100,KBS
2021-05-19 07:00:00,18994.0,18994.0,18231.0,18231.0,31300,KBS
2021-05-20 07:00:00,18183.0,18183.0,17562.0,17944.0,27800,KBS
2021-05-21 07:00:00,18135.0,19185.0,18135.0,19090.0,33000,KBS
2021-05-24 07:00:00,19090.0,19615.0,19090.0,19090.0,15300,KBS
2021-05-25 07:00:00,19090.0,20426.0,19090.0,19901.0,39300,KBS
2021-05-26 07:00:00,19901.0,19901.0,19090.0,19567.0,15500,KBS
2021-05-27 07:00:00,19471.0,19567.0,19090.0,19090.0,11000,KBS
2021-05-28 07:00:00,19567.0,19567.0,18135.0,19185.0,35800,KBS
2021-05-31 07:00:00,18994.0,18994.0,18135.0,18899.0,31700,KBS
2021-06-01 07:00:00,19090.0,19090.0,18278.0,18422.0,11700,KBS
2021-06-02 07:00:00,18899.0,18899.0,18231.0,18612.0,20500,KBS
2021-06-03 07:00:00,19471.0,19471.0,18135.0,18517.0,67200,KBS
2021-06-04 07:00:00,18565.0,19090.0,18278.0,18994.0,58400,KBS
2021-06-07 07:00:00,19090.0,19090.0,18612.0,18994.0,20500,KBS
2021-06-08 07:00:00,18994.0,18994.0,18231.0,18708.0,20400,KBS
2021-06-09 07:00:00,18708.0,18899.0,18612.0,18899.0,12600,KBS
2021-06-10 07:00:00,18612.0,18851.0,18326.0,18851.0,62700,KBS
2021-06-11 07:00:00,18708.0,18946.0,18517.0,18946.0,58700,KBS
2021-06-14 07:00:00,18946.0,19471.0,18946.0,19328.0,62800,KBS
2021-06-15 07:00:00,19328.0,19328.0,18517.0,18803.0,123700,KBS
2021-06-16 07:00:00,19090.0,19185.0,18803.0,18899.0,18900,KBS
2021-06-17 07:00:00,18899.0,19567.0,18708.0,19567.0,67900,KBS
2021-06-18 07:00:00,19567.0,19567.0,19090.0,19376.0,73900,KBS
2021-06-21 07:00:00,19471.0,20712.0,19471.0,20712.0,152800,KBS
2021-06-22 07:00:00,20999.0,21428.0,20330.0,20951.0,83900,KBS
2021-06-23 07:00:00,20951.0,20951.0,20187.0,20474.0,22800,KBS
2021-06-24 07:00:00,20044.0,20426.0,19949.0,20044.0,53100,KBS
2021-06-25 07:00:00,20044.0,20712.0,19758.0,20044.0,28000,KBS
2021-06-28 07:00:00,19567.0,20044.0,19567.0,19853.0,39000,KBS
2021-06-29 07:00:00,19662.0,19853.0,19567.0,19853.0,54000,KBS
2021-06-30 07:00:00,19853.0,19853.0,19424.0,19567.0,22000,KBS
2021-07-01 07:00:00,19376.0,19949.0,19376.0,19949.0,20400,KBS
2021-07-02 07:00:00,19949.0,19949.0,19567.0,19615.0,25400,KBS
2021-07-05 07:00:00,19758.0,19758.0,19090.0,19376.0,43700,KBS
2021-07-06 07:00:00,19376.0,19376.0,18899.0,18899.0,52300,KBS
2021-07-07 07:00:00,18803.0,18899.0,18422.0,18708.0,44600,KBS
2021-07-08 07:00:00,18708.0,18803.0,18517.0,18708.0,31500,KBS
2021-07-09 07:00:00,18422.0,18708.0,18374.0,18422.0,15700,KBS
2021-07-12 07:00:00,18422.0,18422.0,17133.0,17658.0,110500,KBS
2021-07-13 07:00:00,17610.0,17849.0,17372.0,17372.0,49800,KBS
2021-07-14 07:00:00,17467.0,17849.0,17276.0,17276.0,17000,KBS
2021-07-15 07:00:00,17753.0,17944.0,17562.0,17753.0,56000,KBS
2021-07-16 07:00:00,17753.0,17849.0,17562.0,17562.0,11600,KBS
2021-07-19 07:00:00,17467.0,17562.0,16799.0,17467.0,13100,KBS
2021-07-20 07:00:00,17372.0,17372.0,16751.0,17372.0,17600,KBS
2021-07-21 07:00:00,17372.0,17753.0,17181.0,17372.0,19100,KBS
2021-07-22 07:00:00,17276.0,17658.0,17276.0,17515.0,10400,KBS
2021-07-23 07:00:00,17897.0,17897.0,17515.0,17562.0,9700,KBS
2021-07-26 07:00:00,17467.0,17658.0,17133.0,17515.0,27700,KBS
2021-07-27 07:00:00,17515.0,17944.0,17467.0,17849.0,18300,KBS
2021-07-28 07:00:00,17849.0,18040.0,17467.0,17706.0,16600,KBS
2021-07-29 07:00:00,17753.0,18231.0,17706.0,17801.0,95500,KBS
2021-07-30 07:00:00,18135.0,18422.0,17849.0,17849.0,9100,KBS
2021-08-02 07:00:00,17944.0,19090.0,17944.0,19090.0,98000,KBS
2021-08-03 07:00:00,19567.0,19567.0,18946.0,19233.0,56300,KBS
2021-08-04 07:00:00,18899.0,19185.0,18851.0,18994.0,22900,KBS
2021-08-05 07:00:00,18946.0,18946.0,18040.0,18899.0,34600,KBS
2021-08-06 07:00:00,18899.0,18946.0,18612.0,18612.0,5400,KBS
2021-08-09 07:00:00,18183.0,18612.0,17658.0,18612.0,39600,KBS
2021-08-10 07:00:00,18612.0,18612.0,18326.0,18517.0,24900,KBS
2021-08-11 07:00:00,18517.0,19376.0,18422.0,18899.0,41700,KBS
2021-08-12 07:00:00,19185.0,19185.0,18803.0,18899.0,21000,KBS
2021-08-13 07:00:00,19471.0,20187.0,19090.0,20187.0,321900,KBS
2021-08-16 07:00:00,21571.0,21571.0,21476.0,21571.0,120900,KBS
2021-08-17 07:00:00,23051.0,23051.0,21667.0,23051.0,414000,KBS
2021-08-18 07:00:00,23289.0,23289.0,22001.0,22144.0,161900,KBS
2021-08-19 07:00:00,21953.0,21953.0,21190.0,21858.0,152200,KBS
2021-08-20 07:00:00,21619.0,22430.0,20808.0,21190.0,142900,KBS
2021-08-23 07:00:00,20808.0,20808.0,20044.0,20140.0,95600,KBS
2021-08-24 07:00:00,20044.0,20521.0,20044.0,20521.0,41700,KBS
2021-08-25 07:00:00,20521.0,20521.0,20044.0,20330.0,35500,KBS
2021-08-26 07:00:00,20092.0,21142.0,19758.0,20617.0,62500,KBS
2021-08-27 07:00:00,20617.0,20712.0,19281.0,20521.0,43700,KBS
2021-08-30 07:00:00,20521.0,21190.0,20521.0,21142.0,30600,KBS
2021-08-31 07:00:00,21858.0,21858.0,20999.0,21237.0,89600,KBS
2021-09-01 07:00:00,21190.0,21285.0,20999.0,21190.0,39400,KBS
2021-09-06 07:00:00,20808.0,22049.0,20808.0,21667.0,93000,KBS
2021-09-07 07:00:00,21667.0,22144.0,21380.0,21380.0,85400,KBS
2021-09-08 07:00:00,21905.0,21905.0,20999.0,21619.0,43200,KBS
2021-09-09 07:00:00,21380.0,23051.0,21380.0,22812.0,166100,KBS
2021-09-10 07:00:00,22812.0,22812.0,22049.0,22383.0,78900,KBS
2021-09-13 07:00:00,22717.0,23385.0,22383.0,23194.0,239300,KBS
2021-09-14 07:00:00,23385.0,23385.0,22526.0,22908.0,75500,KBS
2021-09-15 07:00:00,22908.0,23051.0,22001.0,22669.0,58100,KBS
2021-09-16 07:00:00,22430.0,22669.0,22239.0,22526.0,110100,KBS
2021-09-17 07:00:00,22192.0,22717.0,22192.0,22526.0,64500,KBS
2021-09-20 07:00:00,22526.0,23051.0,22001.0,22001.0,70200,KBS
2021-09-21 07:00:00,22049.0,22049.0,21094.0,21714.0,106800,KBS
2021-09-22 07:00:00,21714.0,22383.0,21667.0,22192.0,61900,KBS
2021-09-23 07:00:00,22383.0,22430.0,21810.0,21858.0,41300,KBS
2021-09-24 07:00:00,22297.0,22638.0,21955.0,22248.0,96600,KBS
2021-09-27 07:00:00,22541.0,22638.0,21906.0,21906.0,50900,KBS
2021-09-28 07:00:00,21955.0,22053.0,21467.0,22053.0,51400,KBS
2021-09-29 07:00:00,21955.0,22053.0,21906.0,21955.0,28300,KBS
2021-09-30 07:00:00,21955.0,22346.0,21711.0,22297.0,44700,KBS
2021-10-01 07:00:00,22297.0,22346.0,21906.0,21955.0,38800,KBS
2021-10-04 07:00:00,22102.0,22150.0,21858.0,21955.0,30600,KBS
2021-10-05 07:00:00,22053.0,22248.0,21858.0,22102.0,30300,KBS
2021-10-06 07:00:00,22199.0,22541.0,21955.0,22541.0,88900,KBS
2021-10-07 07:00:00,22589.0,23858.0,22589.0,23614.0,201400,KBS
2021-10-08 07:00:00,23614.0,23760.0,23224.0,23273.0,80200,KBS
2021-10-11 07:00:00,23273.0,23419.0,22931.0,23175.0,66300,KBS
2021-10-12 07:00:00,23077.0,23077.0,22638.0,22687.0,79000,KBS
2021-10-13 07:00:00,22687.0,22882.0,22443.0,22638.0,96300,KBS
2021-10-14 07:00:00,22736.0,23077.0,22736.0,22882.0,48700,KBS
2021-10-15 07:00:00,22443.0,22980.0,22443.0,22931.0,21800,KBS
2021-10-18 07:00:00,22931.0,23029.0,22785.0,22882.0,27700,KBS
2021-10-19 07:00:00,22638.0,22833.0,22492.0,22687.0,12300,KBS
2021-10-20 07:00:00,22785.0,22833.0,22443.0,22638.0,43200,KBS
2021-10-21 07:00:00,22833.0,22833.0,22541.0,22687.0,18100,KBS
2021-10-22 07:00:00,22687.0,23565.0,22492.0,23273.0,94900,KBS
2021-10-25 07:00:00,23370.0,24883.0,23370.0,24883.0,306200,KBS
2021-10-26 07:00:00,25175.0,25810.0,24883.0,25566.0,205400,KBS
2021-10-27 07:00:00,25858.0,26151.0,25566.0,25712.0,309000,KBS
2021-10-28 07:00:00,25614.0,25858.0,25078.0,25761.0,493600,KBS
2021-10-29 07:00:00,25956.0,25956.0,25175.0,25810.0,323400,KBS
2021-11-01 07:00:00,25810.0,25810.0,25175.0,25322.0,217200,KBS
2021-11-02 07:00:00,24687.0,26346.0,24492.0,26249.0,251700,KBS
2021-11-03 07:00:00,26346.0,26444.0,24785.0,24785.0,191200,KBS
2021-11-04 07:00:00,25273.0,26493.0,24883.0,26493.0,278100,KBS
2021-11-05 07:00:00,26883.0,28347.0,26883.0,28347.0,344400,KBS
2021-11-08 07:00:00,29274.0,29274.0,28298.0,28395.0,282400,KBS
2021-11-09 07:00:00,27420.0,28298.0,27420.0,27615.0,132500,KBS
2021-11-10 07:00:00,27615.0,28395.0,26981.0,28200.0,227700,KBS
2021-11-11 07:00:00,28786.0,28786.0,27664.0,27664.0,221300,KBS
2021-11-12 07:00:00,27517.0,27908.0,27420.0,27859.0,129600,KBS
2021-11-15 07:00:00,27615.0,27761.0,27322.0,27664.0,188000,KBS
2021-11-16 07:00:00,27615.0,27859.0,26346.0,27420.0,159000,KBS
2021-11-17 07:00:00,27224.0,28151.0,27127.0,27420.0,74200,KBS
2021-11-18 07:00:00,27615.0,27615.0,26737.0,27029.0,135100,KBS
2021-11-19 07:00:00,27224.0,27273.0,25370.0,25761.0,229800,KBS
2021-11-22 07:00:00,25761.0,26346.0,24883.0,25273.0,84400,KBS
2021-11-23 07:00:00,25273.0,25273.0,23516.0,24785.0,201700,KBS
2021-11-24 07:00:00,25370.0,25810.0,24980.0,25273.0,88700,KBS
2021-11-25 07:00:00,25273.0,25761.0,24980.0,25566.0,72000,KBS
2021-11-26 07:00:00,25566.0,25566.0,24883.0,24980.0,95900,KBS
2021-11-29 07:00:00,24590.0,25566.0,24590.0,25566.0,93900,KBS
2021-11-30 07:00:00,25858.0,26005.0,25370.0,25663.0,83200,KBS
2021-12-01 07:00:00,25663.0,25663.0,25029.0,25566.0,67000,KBS
2021-12-02 07:00:00,25566.0,25858.0,25273.0,25761.0,78700,KBS
2021-12-03 07:00:00,25858.0,25858.0,25224.0,25566.0,28700,KBS
2021-12-06 07:00:00,25566.0,26151.0,24395.0,25029.0,104700,KBS
2021-12-07 07:00:00,24883.0,25761.0,24883.0,25761.0,46200,KBS
2021-12-08 07:00:00,26200.0,26249.0,25761.0,25761.0,24100,KBS
2021-12-09 07:00:00,26151.0,27517.0,25761.0,27517.0,249900,KBS
2021-12-10 07:00:00,28298.0,28298.0,26688.0,27517.0,59600,KBS
2021-12-13 07:00:00,27517.0,28103.0,27517.0,27566.0,259200,KBS
2021-12-14 07:00:00,27566.0,28249.0,27029.0,28249.0,182900,KBS
2021-12-15 07:00:00,28298.0,28786.0,28151.0,28347.0,208200,KBS
2021-12-16 07:00:00,28395.0,28542.0,27322.0,28298.0,159100,KBS
2021-12-17 07:00:00,28298.0,28444.0,28054.0,28200.0,105400,KBS
2021-12-20 07:00:00,28395.0,28395.0,27810.0,28103.0,101900,KBS
2021-12-21 07:00:00,27615.0,27761.0,27322.0,27712.0,90100,KBS
2021-12-22 07:00:00,26932.0,27615.0,26932.0,27468.0,180400,KBS
2021-12-23 07:00:00,26981.0,28395.0,26493.0,28298.0,165500,KBS
2021-12-24 07:00:00,28103.0,28493.0,27908.0,28298.0,89000,KBS
2021-12-27 07:00:00,28200.0,30103.0,27859.0,30103.0,394100,KBS
2021-12-28 07:00:00,30103.0,32201.0,30103.0,32152.0,443100,KBS
2021-12-29 07:00:00,32591.0,32591.0,31420.0,31811.0,197200,KBS
2021-12-30 07:00:00,31420.0,31859.0,30737.0,31567.0,157900,KBS
2021-12-31 07:00:00,31518.0,31615.0,29859.0,31615.0,187600,KBS
2022-01-04 07:00:00,32542.0,32591.0,31664.0,32542.0,413200,KBS
2022-01-05 07:00:00,32201.0,34640.0,32201.0,34494.0,280000,KBS
2022-01-06 07:00:00,34494.0,36885.0,34494.0,36885.0,318800,KBS
2022-01-07 07:00:00,36885.0,38836.0,36885.0,37958.0,348100,KBS
2022-01-10 07:00:00,37470.0,38641.0,36592.0,36787.0,293000,KBS
2022-01-11 07:00:00,36836.0,37080.0,35909.0,36397.0,277100,KBS
2022-01-12 07:00:00,35616.0,37470.0,35616.0,37275.0,379000,KBS
2022-01-13 07:00:00,37177.0,37958.0,36690.0,37568.0,378500,KBS
2022-01-14 07:00:00,37519.0,37861.0,36738.0,37714.0,190200,KBS
2022-01-17 07:00:00,37714.0,37714.0,35080.0,35421.0,312300,KBS
2022-01-18 07:00:00,37861.0,37861.0,35421.0,36104.0,246500,KBS
2022-01-19 07:00:00,34640.0,36202.0,34640.0,35909.0,92000,KBS
2022-01-20 07:00:00,35909.0,37080.0,35177.0,37080.0,101500,KBS
2022-01-21 07:00:00,37080.0,38446.0,37080.0,37080.0,150300,KBS
2022-01-24 07:00:00,37080.0,37861.0,36592.0,37080.0,271700,KBS
2022-01-25 07:00:00,37031.0,37861.0,36592.0,37080.0,124900,KBS
2022-01-26 07:00:00,37080.0,37763.0,36592.0,36690.0,151800,KBS
2022-01-27 07:00:00,36494.0,37080.0,35031.0,36592.0,159400,KBS
2022-01-28 07:00:00,36592.0,39129.0,36592.0,39031.0,690600,KBS
2022-02-07 07:00:00,40007.0,40007.0,39031.0,39227.0,137300,KBS
2022-02-08 07:00:00,39031.0,39324.0,38104.0,38739.0,105300,KBS
2022-02-09 07:00:00,38153.0,40007.0,37080.0,39763.0,536900,KBS
2022-02-10 07:00:00,39519.0,39617.0,38641.0,39080.0,287100,KBS
2022-02-11 07:00:00,38056.0,39129.0,38056.0,38739.0,168100,KBS
2022-02-14 07:00:00,38056.0,39519.0,37177.0,38739.0,523800,KBS
2022-02-15 07:00:00,38739.0,39519.0,38544.0,39275.0,332700,KBS
2022-02-16 07:00:00,39275.0,39519.0,38641.0,39324.0,269500,KBS
2022-02-17 07:00:00,39324.0,42056.0,39227.0,42056.0,700300,KBS
2022-02-18 07:00:00,42252.0,44398.0,41178.0,42739.0,454600,KBS
2022-02-21 07:00:00,42739.0,43227.0,42447.0,42788.0,210300,KBS
2022-02-22 07:00:00,41959.0,45228.0,41861.0,43910.0,436700,KBS
2022-02-23 07:00:00,44691.0,44691.0,43862.0,44106.0,312700,KBS
2022-02-24 07:00:00,43423.0,44886.0,43423.0,44496.0,506100,KBS
2022-02-25 07:00:00,44203.0,47326.0,44203.0,46350.0,620400,KBS
2022-02-28 07:00:00,47814.0,47814.0,46447.0,47423.0,460900,KBS
2022-03-01 07:00:00,47033.0,50741.0,47033.0,50741.0,623800,KBS
2022-03-02 07:00:00,51717.0,53961.0,50839.0,51717.0,446700,KBS
2022-03-03 07:00:00,51717.0,53571.0,49765.0,51814.0,410300,KBS
2022-03-04 07:00:00,51814.0,54644.0,51717.0,54156.0,435900,KBS
2022-03-07 07:00:00,54644.0,57864.0,54156.0,57767.0,342000,KBS
2022-03-08 07:00:00,57864.0,61572.0,57864.0,58645.0,606100,KBS
2022-03-09 07:00:00,58645.0,60304.0,54546.0,54937.0,776100,KBS
2022-03-10 07:00:00,54937.0,58742.0,54937.0,58742.0,491900,KBS
2022-03-11 07:00:00,59035.0,62743.0,58938.0,62450.0,607600,KBS
2022-03-14 07:00:00,63426.0,65085.0,61572.0,63329.0,440400,KBS
2022-03-15 07:00:00,63231.0,64695.0,60499.0,63133.0,427900,KBS
2022-03-16 07:00:00,63426.0,63426.0,60596.0,60596.0,553300,KBS
2022-03-17 07:00:00,60401.0,61962.0,57084.0,61475.0,620900,KBS
2022-03-18 07:00:00,61182.0,63329.0,61182.0,62450.0,327100,KBS
2022-03-21 07:00:00,61962.0,63426.0,58157.0,58157.0,1121700,KBS
2022-03-22 07:00:00,54156.0,54644.0,54156.0,54156.0,347100,KBS
2022-03-23 07:00:00,50448.0,50448.0,50448.0,50448.0,164700,KBS
2022-03-24 07:00:00,46935.0,52692.0,46935.0,49765.0,987800,KBS
2022-03-25 07:00:00,48887.0,53180.0,48887.0,53180.0,494200,KBS
2022-03-28 07:00:00,53180.0,53278.0,50839.0,51717.0,253400,KBS
2022-03-29 07:00:00,50546.0,51619.0,49960.0,50155.0,456900,KBS
2022-03-30 07:00:00,48789.0,50058.0,46691.0,46691.0,709500,KBS
2022-03-31 07:00:00,43471.0,45862.0,43471.0,43471.0,690700,KBS
2022-04-01 07:00:00,40446.0,46496.0,40446.0,46106.0,682200,KBS
2022-04-04 07:00:00,46106.0,47033.0,44886.0,45130.0,201100,KBS
2022-04-05 07:00:00,43910.0,45862.0,43618.0,45081.0,282600,KBS
2022-04-06 07:00:00,44008.0,45374.0,43618.0,43910.0,257500,KBS
2022-04-07 07:00:00,43910.0,44691.0,41276.0,42837.0,169000,KBS
2022-04-08 07:00:00,43423.0,43423.0,40983.0,41178.0,221900,KBS
2022-04-12 07:00:00,41178.0,41959.0,38300.0,38300.0,410000,KBS
2022-04-13 07:00:00,37275.0,38300.0,35665.0,37031.0,448300,KBS
2022-04-14 07:00:00,38056.0,38056.0,36104.0,37665.0,154100,KBS
2022-04-15 07:00:00,38446.0,40007.0,37519.0,39324.0,169200,KBS
2022-04-18 07:00:00,38544.0,39910.0,37714.0,38056.0,260800,KBS
2022-04-19 07:00:00,37763.0,38788.0,35519.0,35714.0,196900,KBS
2022-04-20 07:00:00,33421.0,35323.0,33226.0,33226.0,345200,KBS
2022-04-21 07:00:00,30932.0,31128.0,30932.0,30932.0,138800,KBS
2022-04-22 07:00:00,28786.0,28786.0,28786.0,28786.0,78300,KBS
2022-04-25 07:00:00,26785.0,26785.0,26785.0,26785.0,23300,KBS
2022-04-26 07:00:00,24931.0,24931.0,24931.0,24931.0,29900,KBS
2022-04-27 07:00:00,23224.0,26151.0,23224.0,26151.0,562300,KBS
2022-04-28 07:00:00,26151.0,27956.0,26151.0,27956.0,268800,KBS
2022-04-29 07:00:00,29762.0,29762.0,28883.0,29713.0,200200,KBS
2022-05-04 07:00:00,27664.0,28786.0,27664.0,28737.0,448900,KBS
2022-05-05 07:00:00,29225.0,30737.0,28395.0,30249.0,420600,KBS
2022-05-06 07:00:00,30152.0,30249.0,28298.0,28298.0,194100,KBS
2022-05-09 07:00:00,27127.0,27615.0,26346.0,26346.0,195700,KBS
2022-05-10 07:00:00,24541.0,26151.0,24541.0,25810.0,188800,KBS
2022-05-11 07:00:00,26834.0,26834.0,24639.0,25224.0,106400,KBS
2022-05-12 07:00:00,25224.0,26346.0,23712.0,24492.0,248800,KBS
2022-05-13 07:00:00,23907.0,24687.0,22785.0,22785.0,214700,KBS
2022-05-16 07:00:00,22931.0,23809.0,21467.0,22297.0,177500,KBS
2022-05-17 07:00:00,21662.0,23809.0,21516.0,23809.0,268600,KBS
2022-05-18 07:00:00,23907.0,25370.0,23809.0,24346.0,128800,KBS
2022-05-19 07:00:00,23419.0,24395.0,23419.0,24297.0,107300,KBS
2022-05-20 07:00:00,24395.0,25370.0,24395.0,24834.0,161300,KBS
2022-05-23 07:00:00,24004.0,24785.0,23614.0,23614.0,321800,KBS
2022-05-24 07:00:00,23614.0,23614.0,22589.0,23029.0,101000,KBS
2022-05-25 07:00:00,23029.0,24639.0,23029.0,24639.0,300200,KBS
2022-05-26 07:00:00,25370.0,26346.0,24883.0,26346.0,171900,KBS
2022-05-27 07:00:00,28151.0,28151.0,27176.0,28151.0,410000,KBS
2022-05-30 07:00:00,27420.0,29469.0,27029.0,28493.0,295900,KBS
2022-05-31 07:00:00,28542.0,28639.0,27810.0,28591.0,286800,KBS
2022-06-01 07:00:00,28151.0,29908.0,28151.0,29274.0,231100,KBS
2022-06-02 07:00:00,29274.0,29615.0,28103.0,28151.0,238900,KBS
2022-06-03 07:00:00,28005.0,29274.0,27908.0,28444.0,150300,KBS
2022-06-06 07:00:00,28444.0,28639.0,26834.0,26834.0,185500,KBS
2022-06-07 07:00:00,26834.0,27468.0,26346.0,27468.0,117400,KBS
2022-06-08 07:00:00,27468.0,29274.0,26639.0,28591.0,214900,KBS
2022-06-09 07:00:00,28786.0,29566.0,28591.0,28688.0,100800,KBS
2022-06-10 07:00:00,28395.0,29127.0,27810.0,27908.0,148900,KBS
2022-06-13 07:00:00,25956.0,26883.0,25956.0,25956.0,196000,KBS
2022-06-14 07:00:00,24248.0,25956.0,24248.0,25175.0,202700,KBS
2022-06-15 07:00:00,25127.0,25761.0,23419.0,23419.0,197500,KBS
2022-06-16 07:00:00,24395.0,25029.0,23907.0,24004.0,120600,KBS
2022-06-17 07:00:00,22541.0,23712.0,22394.0,22638.0,198600,KBS
2022-06-20 07:00:00,22638.0,23712.0,21077.0,21077.0,454000,KBS
2022-06-21 07:00:00,20004.0,21419.0,19906.0,20492.0,187600,KBS
2022-06-22 07:00:00,20979.0,21467.0,20638.0,21467.0,137400,KBS
2022-06-23 07:00:00,20492.0,21809.0,20492.0,21467.0,167200,KBS
2022-06-24 07:00:00,22248.0,22248.0,21370.0,21565.0,157500,KBS
2022-06-27 07:00:00,21711.0,21955.0,21467.0,21662.0,81200,KBS
2022-06-28 07:00:00,21662.0,23175.0,21175.0,23175.0,353900,KBS
2022-06-29 07:00:00,23175.0,23224.0,22248.0,22346.0,117500,KBS
2022-06-30 07:00:00,22346.0,22638.0,21858.0,21955.0,87900,KBS
2022-07-01 07:00:00,21467.0,21955.0,20687.0,21858.0,133100,KBS
2022-07-04 07:00:00,21858.0,22443.0,21760.0,22053.0,100400,KBS
2022-07-05 07:00:00,22053.0,22053.0,21370.0,21516.0,95400,KBS
2022-07-06 07:00:00,20979.0,21467.0,20492.0,20492.0,62600,KBS
2022-07-07 07:00:00,20052.0,20540.0,19808.0,20492.0,66800,KBS
2022-07-08 07:00:00,20492.0,21906.0,20492.0,21565.0,67200,KBS
2022-07-11 07:00:00,20979.0,21370.0,20589.0,20882.0,43200,KBS
2022-07-12 07:00:00,20979.0,22297.0,20882.0,22004.0,105500,KBS
2022-07-13 07:00:00,22004.0,22443.0,22004.0,22199.0,53600,KBS
2022-07-14 07:00:00,22443.0,22443.0,21858.0,22199.0,47500,KBS
2022-07-15 07:00:00,22346.0,22833.0,21955.0,22589.0,192400,KBS
2022-07-18 07:00:00,22931.0,23224.0,22102.0,22102.0,59400,KBS
2022-07-19 07:00:00,21809.0,22443.0,21467.0,22053.0,56800,KBS
2022-07-20 07:00:00,22150.0,23126.0,22053.0,23126.0,178900,KBS
2022-07-21 07:00:00,23370.0,23419.0,22492.0,22882.0,53800,KBS
2022-07-22 07:00:00,22882.0,22931.0,22492.0,22492.0,56000,KBS
2022-07-25 07:00:00,22492.0,22492.0,22150.0,22297.0,34800,KBS
2022-07-26 07:00:00,22394.0,22443.0,21662.0,21662.0,62900,KBS
2022-07-27 07:00:00,21565.0,22150.0,20638.0,22150.0,72000,KBS
2022-07-28 07:00:00,22150.0,23565.0,22150.0,22638.0,156400,KBS
2022-07-29 07:00:00,22638.0,23419.0,22443.0,22638.0,230400,KBS
2022-08-01 07:00:00,22443.0,22736.0,22199.0,22736.0,177800,KBS
2022-08-02 07:00:00,23614.0,23614.0,22541.0,22736.0,122900,KBS
2022-08-03 07:00:00,22736.0,23419.0,22638.0,23419.0,182300,KBS
2022-08-04 07:00:00,23516.0,25029.0,23516.0,25029.0,425800,KBS
2022-08-05 07:00:00,25370.0,26151.0,24883.0,25078.0,214200,KBS
2022-08-08 07:00:00,25078.0,26200.0,25078.0,25273.0,205200,KBS
2022-08-09 07:00:00,25175.0,25370.0,24785.0,24931.0,166600,KBS
2022-08-10 07:00:00,24785.0,25468.0,24785.0,25078.0,165800,KBS
2022-08-11 07:00:00,25370.0,25370.0,23907.0,24200.0,245100,KBS
2022-08-12 07:00:00,24346.0,24883.0,24004.0,24883.0,126200,KBS
2022-08-15 07:00:00,25370.0,25370.0,24590.0,25078.0,76300,KBS
2022-08-16 07:00:00,24687.0,25127.0,24687.0,24980.0,122200,KBS
2022-08-17 07:00:00,24980.0,25175.0,24590.0,24687.0,126300,KBS
2022-08-18 07:00:00,24687.0,24785.0,24297.0,24395.0,113200,KBS
2022-08-19 07:00:00,24492.0,24590.0,24053.0,24297.0,163900,KBS
2022-08-22 07:00:00,24395.0,24395.0,23516.0,24200.0,97400,KBS
2022-08-23 07:00:00,23516.0,24004.0,23516.0,23907.0,140800,KBS
2022-08-24 07:00:00,23907.0,24248.0,23907.0,24004.0,63300,KBS
2022-08-25 07:00:00,23858.0,24346.0,23858.0,24297.0,70600,KBS
2022-08-26 07:00:00,24297.0,24297.0,23907.0,23956.0,70100,KBS
2022-08-29 07:00:00,23468.0,23663.0,22882.0,23224.0,132100,KBS
2022-08-30 07:00:00,23321.0,23712.0,23224.0,23273.0,57000,KBS
2022-08-31 07:00:00,23565.0,23565.0,22980.0,23419.0,58600,KBS
2022-09-05 07:00:00,23224.0,23419.0,22882.0,23029.0,95100,KBS
2022-09-06 07:00:00,23029.0,23419.0,22931.0,23029.0,86200,KBS
2022-09-07 07:00:00,22882.0,23224.0,22346.0,22492.0,159400,KBS
2022-09-08 07:00:00,22492.0,22589.0,22248.0,22589.0,79900,KBS
2022-09-09 07:00:00,22150.0,22541.0,21955.0,22541.0,44200,KBS
2022-09-12 07:00:00,22541.0,22638.0,22346.0,22443.0,14700,KBS
2022-09-13 07:00:00,22541.0,22736.0,22346.0,22736.0,65000,KBS
2022-09-14 07:00:00,22150.0,22589.0,22150.0,22589.0,29100,KBS
2022-09-15 07:00:00,22346.0,22638.0,22297.0,22541.0,34600,KBS
2022-09-16 07:00:00,22346.0,22346.0,21858.0,22248.0,72600,KBS
2022-09-19 07:00:00,21955.0,21955.0,20931.0,21467.0,113600,KBS
2022-09-20 07:00:00,21565.0,21565.0,20931.0,21467.0,50700,KBS
2022-09-21 07:00:00,20687.0,21175.0,20687.0,21175.0,26000,KBS
2022-09-22 07:00:00,21321.0,21467.0,20979.0,21467.0,17700,KBS
2022-09-23 07:00:00,21467.0,21467.0,21175.0,21175.0,22400,KBS
2022-09-26 07:00:00,20979.0,20979.0,20004.0,20150.0,101600,KBS
2022-09-27 07:00:00,20250.0,20250.0,20050.0,20050.0,33200,KBS
2022-09-28 07:00:00,20050.0,20050.0,19300.0,19300.0,104400,KBS
2022-09-29 07:00:00,19550.0,19600.0,18850.0,18850.0,28300,KBS
2022-09-30 07:00:00,18000.0,18300.0,17550.0,18300.0,166200,KBS
2022-10-03 07:00:00,17650.0,17850.0,17100.0,17100.0,117600,KBS
2022-10-04 07:00:00,17150.0,17500.0,16550.0,17200.0,39800,KBS
2022-10-05 07:00:00,17350.0,17800.0,17350.0,17800.0,38100,KBS
2022-10-06 07:00:00,17900.0,17950.0,17000.0,17100.0,33900,KBS
2022-10-07 07:00:00,16600.0,16600.0,15950.0,16200.0,99800,KBS
2022-10-10 07:00:00,16100.0,16300.0,15550.0,16000.0,49600,KBS
2022-10-11 07:00:00,15850.0,16500.0,15600.0,15800.0,27600,KBS
2022-10-12 07:00:00,15500.0,16600.0,15500.0,16500.0,16900,KBS
2022-10-13 07:00:00,16400.0,16500.0,16100.0,16250.0,17100,KBS
2022-10-14 07:00:00,16400.0,17000.0,16400.0,16700.0,21800,KBS
2022-10-17 07:00:00,16700.0,16700.0,16050.0,16600.0,44600,KBS
2022-10-18 07:00:00,16750.0,17750.0,16750.0,17750.0,67200,KBS
2022-10-19 07:00:00,17600.0,18500.0,17600.0,18150.0,64300,KBS
2022-10-20 07:00:00,18150.0,18200.0,17500.0,17600.0,32400,KBS
2022-10-21 07:00:00,17600.0,17600.0,16400.0,16400.0,98600,KBS
2022-10-24 07:00:00,16200.0,17500.0,15800.0,16000.0,63900,KBS
2022-10-25 07:00:00,16000.0,16500.0,15600.0,16100.0,33200,KBS
2022-10-26 07:00:00,16900.0,16900.0,16100.0,16650.0,5500,KBS
2022-10-27 07:00:00,17600.0,17600.0,16500.0,17200.0,11500,KBS
2022-10-28 07:00:00,17200.0,17200.0,16700.0,17100.0,13000,KBS
2022-10-31 07:00:00,16500.0,16850.0,16100.0,16800.0,30400,KBS
2022-11-01 07:00:00,17500.0,17500.0,15650.0,16750.0,57800,KBS
2022-11-02 07:00:00,16750.0,17000.0,16750.0,16800.0,36700,KBS
2022-11-03 07:00:00,16800.0,17000.0,16550.0,16900.0,34000,KBS
2022-11-04 07:00:00,16750.0,16800.0,16300.0,16550.0,47500,KBS
2022-11-07 07:00:00,16500.0,16500.0,15800.0,15800.0,68500,KBS
2022-11-08 07:00:00,15500.0,15800.0,15300.0,15300.0,67500,KBS
2022-11-09 07:00:00,15400.0,15950.0,15350.0,15900.0,23600,KBS
2022-11-10 07:00:00,15500.0,15500.0,14800.0,14800.0,107100,KBS
2022-11-11 07:00:00,14700.0,14900.0,13800.0,13800.0,52000,KBS
2022-11-14 07:00:00,13050.0,13500.0,12850.0,13300.0,63100,KBS
2022-11-15 07:00:00,12900.0,12900.0,12400.0,12900.0,101900,KBS
2022-11-16 07:00:00,12150.0,13400.0,12000.0,13400.0,77300,KBS
2022-11-17 07:00:00,14150.0,14150.0,13400.0,14050.0,40200,KBS
2022-11-18 07:00:00,14100.0,14100.0,13100.0,13850.0,105800,KBS
2022-11-21 07:00:00,14050.0,14500.0,13350.0,14250.0,9500,KBS
2022-11-22 07:00:00,13600.0,14800.0,13600.0,14300.0,94800,KBS
2022-11-23 07:00:00,14250.0,14300.0,13600.0,13950.0,31400,KBS
2022-11-24 07:00:00,13900.0,13900.0,13450.0,13900.0,8800,KBS
2022-11-25 07:00:00,13650.0,14250.0,13650.0,14200.0,37200,KBS
2022-11-28 07:00:00,15000.0,15000.0,14550.0,14900.0,34300,KBS
2022-11-29 07:00:00,15000.0,15300.0,14600.0,15300.0,85200,KBS
2022-11-30 07:00:00,15600.0,16000.0,15000.0,15450.0,50000,KBS
2022-12-01 07:00:00,15600.0,16500.0,15600.0,16200.0,179600,KBS
2022-12-02 07:00:00,16300.0,17300.0,15900.0,17300.0,222600,KBS
2022-12-05 07:00:00,18150.0,18500.0,17650.0,18500.0,253600,KBS
2022-12-06 07:00:00,19300.0,19300.0,17250.0,17250.0,170500,KBS
2022-12-07 07:00:00,17250.0,17250.0,16200.0,16800.0,38300,KBS
2022-12-08 07:00:00,16500.0,17300.0,16500.0,17000.0,36700,KBS
2022-12-09 07:00:00,17000.0,17500.0,17000.0,17100.0,41900,KBS
2022-12-12 07:00:00,17750.0,18100.0,16200.0,17000.0,52100,KBS
2022-12-13 07:00:00,16900.0,17350.0,16800.0,17200.0,42300,KBS
2022-12-14 07:00:00,17200.0,17900.0,17150.0,17500.0,21500,KBS
2022-12-15 07:00:00,16950.0,18250.0,16950.0,18000.0,34000,KBS
2022-12-16 07:00:00,17950.0,18150.0,17600.0,17600.0,26700,KBS
2022-12-19 07:00:00,17100.0,18150.0,17100.0,18000.0,61200,KBS
2022-12-20 07:00:00,17100.0,17500.0,16800.0,17300.0,53700,KBS
2022-12-21 07:00:00,17000.0,17300.0,16300.0,17000.0,43300,KBS
2022-12-22 07:00:00,17300.0,17300.0,16850.0,17000.0,15900,KBS
2022-12-23 07:00:00,17000.0,17500.0,16600.0,16700.0,37500,KBS
2022-12-26 07:00:00,17100.0,17100.0,16300.0,16300.0,10500,KBS
2022-12-27 07:00:00,15950.0,17000.0,15700.0,17000.0,39400,KBS
2022-12-28 07:00:00,16300.0,17200.0,16150.0,17200.0,8400,KBS
2022-12-29 07:00:00,16700.0,17350.0,16700.0,16750.0,5100,KBS
2022-12-30 07:00:00,17000.0,17000.0,16300.0,17000.0,14900,KBS
2023-01-03 07:00:00,17100.0,17850.0,17000.0,17750.0,21600,KBS
2023-01-04 07:00:00,18000.0,18000.0,17350.0,17800.0,24000,KBS
2023-01-05 07:00:00,17800.0,17850.0,17350.0,17500.0,6200,KBS
2023-01-06 07:00:00,17500.0,17500.0,17000.0,17450.0,27800,KBS
2023-01-09 07:00:00,17150.0,17250.0,17000.0,17000.0,15000,KBS
2023-01-10 07:00:00,16900.0,16900.0,16700.0,16900.0,12900,KBS
2023-01-11 07:00:00,16900.0,17000.0,16500.0,16800.0,17500,KBS
2023-01-12 07:00:00,17100.0,17100.0,16800.0,17000.0,22800,KBS
2023-01-13 07:00:00,17000.0,17200.0,16700.0,16800.0,13200,KBS
2023-01-16 07:00:00,16550.0,17000.0,16550.0,16600.0,6000,KBS
2023-01-17 07:00:00,16600.0,16900.0,16600.0,16700.0,32400,KBS
2023-01-18 07:00:00,16700.0,17100.0,16700.0,17100.0,22100,KBS
2023-01-19 07:00:00,17000.0,17200.0,16950.0,17200.0,7200,KBS
2023-01-27 07:00:00,17550.0,17650.0,17000.0,17200.0,6900,KBS
2023-01-30 07:00:00,17300.0,17800.0,17200.0,17500.0,51100,KBS
2023-01-31 07:00:00,17500.0,18500.0,17300.0,17550.0,113800,KBS
2023-02-01 07:00:00,18000.0,18200.0,17200.0,17200.0,115400,KBS
2023-02-02 07:00:00,17600.0,17750.0,17100.0,17300.0,61500,KBS
2023-02-03 07:00:00,17500.0,17750.0,17450.0,17700.0,48100,KBS
2023-02-06 07:00:00,17900.0,18900.0,17700.0,18900.0,251400,KBS
2023-02-07 07:00:00,19450.0,19450.0,18500.0,18500.0,81100,KBS
2023-02-08 07:00:00,18200.0,18900.0,18100.0,18750.0,81300,KBS
2023-02-09 07:00:00,18750.0,18750.0,18100.0,18400.0,41900,KBS
2023-02-10 07:00:00,18000.0,19300.0,18000.0,18650.0,116300,KBS
2023-02-13 07:00:00,18600.0,18900.0,18300.0,18650.0,83300,KBS
2023-02-14 07:00:00,18500.0,19300.0,18500.0,19000.0,66200,KBS
2023-02-15 07:00:00,19000.0,19400.0,18950.0,19150.0,65100,KBS
2023-02-16 07:00:00,19300.0,20450.0,19300.0,20450.0,277800,KBS
2023-02-17 07:00:00,21200.0,21450.0,20400.0,20700.0,127600,KBS
2023-02-20 07:00:00,21250.0,22000.0,20800.0,21300.0,151900,KBS
2023-02-21 07:00:00,22000.0,22000.0,21200.0,21200.0,90300,KBS
2023-02-22 07:00:00,21150.0,21150.0,20000.0,20000.0,162500,KBS
2023-02-23 07:00:00,20300.0,20300.0,19000.0,19800.0,128500,KBS
2023-02-24 07:00:00,19500.0,19900.0,19150.0,19250.0,39700,KBS
2023-02-27 07:00:00,18500.0,19200.0,18250.0,18250.0,78500,KBS
2023-02-28 07:00:00,18300.0,18800.0,18250.0,18700.0,26600,KBS
2023-03-01 07:00:00,19000.0,19000.0,18100.0,18500.0,113800,KBS
2023-03-02 07:00:00,18900.0,19200.0,18750.0,18900.0,38400,KBS
2023-03-03 07:00:00,18750.0,19000.0,18350.0,18350.0,30300,KBS
2023-03-06 07:00:00,18350.0,18800.0,18350.0,18500.0,91900,KBS
2023-03-07 07:00:00,18200.0,18800.0,18200.0,18450.0,34900,KBS
2023-03-08 07:00:00,18450.0,18550.0,18300.0,18550.0,40000,KBS
2023-03-09 07:00:00,18600.0,19500.0,18350.0,19100.0,101100,KBS
2023-03-10 07:00:00,19000.0,19050.0,18700.0,18950.0,18400,KBS
2023-03-13 07:00:00,19000.0,19000.0,18500.0,18800.0,31600,KBS
2023-03-14 07:00:00,18400.0,18700.0,17650.0,17650.0,94300,KBS
2023-03-15 07:00:00,18050.0,18350.0,17800.0,18350.0,33800,KBS
2023-03-16 07:00:00,18500.0,18500.0,18100.0,18350.0,17400,KBS
2023-03-17 07:00:00,18600.0,18600.0,18100.0,18150.0,21900,KBS
2023-03-20 07:00:00,18150.0,18300.0,17750.0,17750.0,26300,KBS
2023-03-21 07:00:00,17800.0,18150.0,17700.0,18150.0,25700,KBS
2023-03-22 07:00:00,18000.0,18250.0,18000.0,18200.0,13700,KBS
2023-03-23 07:00:00,18200.0,18200.0,17750.0,18000.0,10500,KBS
2023-03-24 07:00:00,18000.0,18400.0,17800.0,18000.0,34300,KBS
2023-03-27 07:00:00,18050.0,18050.0,17800.0,18000.0,22000,KBS
2023-03-28 07:00:00,18100.0,18500.0,18000.0,18200.0,27300,KBS
2023-03-29 07:00:00,18500.0,18500.0,18100.0,18250.0,4000,KBS
2023-03-30 07:00:00,18550.0,18550.0,18000.0,18200.0,31600,KBS
2023-03-31 07:00:00,18300.0,18300.0,18150.0,18150.0,5600,KBS
2023-04-03 07:00:00,18100.0,19300.0,18100.0,18500.0,44100,KBS
2023-04-04 07:00:00,18350.0,18900.0,18350.0,18500.0,28500,KBS
2023-04-05 07:00:00,18300.0,18700.0,18300.0,18600.0,88000,KBS
2023-04-06 07:00:00,18600.0,19200.0,18600.0,19200.0,134700,KBS
2023-04-07 07:00:00,19200.0,19400.0,18900.0,19000.0,36000,KBS
2023-04-10 07:00:00,19400.0,20000.0,19150.0,19300.0,162100,KBS
2023-04-11 07:00:00,19100.0,19300.0,19000.0,19300.0,23600,KBS
2023-04-12 07:00:00,19300.0,19650.0,19100.0,19300.0,19400,KBS
2023-04-13 07:00:00,19300.0,19300.0,19050.0,19300.0,23100,KBS
2023-04-14 07:00:00,19200.0,19300.0,18600.0,18600.0,19100,KBS
2023-04-17 07:00:00,18500.0,18500.0,18200.0,18350.0,11300,KBS
2023-04-18 07:00:00,18350.0,18500.0,18350.0,18500.0,4400,KBS
2023-04-19 07:00:00,18800.0,18800.0,18400.0,18400.0,8000,KBS
2023-04-20 07:00:00,18400.0,18600.0,18000.0,18450.0,31300,KBS
2023-04-21 07:00:00,18200.0,18500.0,18200.0,18300.0,11800,KBS
2023-04-24 07:00:00,18300.0,18300.0,17700.0,17700.0,49100,KBS
2023-04-25 07:00:00,17600.0,17900.0,17600.0,17600.0,32900,KBS
2023-04-26 07:00:00,17600.0,17900.0,17550.0,17900.0,6800,KBS
2023-04-27 07:00:00,17900.0,17950.0,17800.0,17900.0,12700,KBS
2023-04-28 07:00:00,17900.0,18000.0,17900.0,17900.0,15000,KBS
2023-05-04 07:00:00,17900.0,17900.0,17500.0,17850.0,17200,KBS
2023-05-05 07:00:00,17850.0,17950.0,17700.0,17950.0,9700,KBS
2023-05-08 07:00:00,17950.0,18300.0,17950.0,18300.0,25400,KBS
2023-05-09 07:00:00,19550.0,19550.0,18550.0,18600.0,49500,KBS
2023-05-10 07:00:00,18900.0,18950.0,18300.0,18800.0,16700,KBS
2023-05-11 07:00:00,18800.0,18900.0,18500.0,18600.0,24200,KBS
2023-05-12 07:00:00,18300.0,18700.0,18300.0,18700.0,23900,KBS
2023-05-15 07:00:00,18700.0,18800.0,18500.0,18700.0,37300,KBS
2023-05-16 07:00:00,18700.0,18800.0,18500.0,18700.0,19300,KBS
2023-05-17 07:00:00,18750.0,18800.0,18350.0,18350.0,34800,KBS
2023-05-18 07:00:00,18250.0,18500.0,17800.0,18500.0,40800,KBS
2023-05-19 07:00:00,18950.0,18950.0,18200.0,18200.0,20800,KBS
2023-05-22 07:00:00,18200.0,18500.0,18050.0,18400.0,21700,KBS
2023-05-23 07:00:00,18400.0,18400.0,18300.0,18350.0,11200,KBS
2023-05-24 07:00:00,18200.0,18400.0,18200.0,18400.0,29700,KBS
2023-05-25 07:00:00,18100.0,18400.0,18100.0,18350.0,10600,KBS
2023-05-26 07:00:00,18500.0,18600.0,18200.0,18250.0,29700,KBS
2023-05-29 07:00:00,18250.0,18500.0,18250.0,18500.0,31700,KBS
2023-05-30 07:00:00,18500.0,19050.0,18450.0,19050.0,133800,KBS
2023-05-31 07:00:00,19000.0,19900.0,19000.0,19300.0,86300,KBS
2023-06-01 07:00:00,19300.0,19500.0,19150.0,19300.0,116000,KBS
2023-06-02 07:00:00,19400.0,19500.0,19150.0,19250.0,88000,KBS
2023-06-05 07:00:00,19500.0,19500.0,19150.0,19150.0,43500,KBS
2023-06-06 07:00:00,19150.0,19200.0,18850.0,19000.0,49900,KBS
2023-06-07 07:00:00,19500.0,20300.0,19100.0,20200.0,318000,KBS
2023-06-08 07:00:00,20400.0,20900.0,20000.0,20150.0,221000,KBS
2023-06-09 07:00:00,20200.0,20450.0,19800.0,19800.0,79000,KBS
2023-06-12 07:00:00,19850.0,20450.0,19750.0,20250.0,117000,KBS
2023-06-13 07:00:00,20050.0,20600.0,20050.0,20350.0,65900,KBS
2023-06-14 07:00:00,20350.0,20350.0,19500.0,19500.0,127500,KBS
2023-06-15 07:00:00,19500.0,19550.0,19350.0,19450.0,54100,KBS
2023-06-16 07:00:00,19450.0,19850.0,19000.0,19000.0,80600,KBS
2023-06-19 07:00:00,19050.0,19150.0,18500.0,18500.0,99700,KBS
2023-06-20 07:00:00,18500.0,19000.0,18400.0,18500.0,53100,KBS
2023-06-21 07:00:00,18550.0,19500.0,18500.0,19500.0,81600,KBS
2023-06-22 07:00:00,19500.0,19500.0,19050.0,19200.0,71300,KBS
2023-06-23 07:00:00,19250.0,19650.0,19250.0,19550.0,57300,KBS
2023-06-26 07:00:00,19450.0,19500.0,19050.0,19350.0,81800,KBS
2023-06-27 07:00:00,19350.0,19550.0,19250.0,19350.0,42600,KBS
2023-06-28 07:00:00,19300.0,19550.0,19250.0,19450.0,33500,KBS
2023-06-29 07:00:00,19500.0,19500.0,19250.0,19300.0,44900,KBS
2023-06-30 07:00:00,19300.0,19300.0,18950.0,19150.0,34300,KBS
2023-07-03 07:00:00,19100.0,19150.0,19100.0,19100.0,6600,KBS
2023-07-04 07:00:00,19100.0,19750.0,19100.0,19650.0,67700,KBS
2023-07-05 07:00:00,19800.0,19800.0,19500.0,19650.0,32900,KBS
2023-07-06 07:00:00,19750.0,19750.0,19350.0,19350.0,29500,KBS
2023-07-07 07:00:00,19600.0,19600.0,19200.0,19450.0,24200,KBS
2023-07-10 07:00:00,19300.0,19700.0,19200.0,19700.0,67200,KBS
2023-07-11 07:00:00,19800.0,21050.0,19800.0,21050.0,403800,KBS
2023-07-12 07:00:00,21500.0,21900.0,21100.0,21550.0,123900,KBS
2023-07-13 07:00:00,21500.0,21550.0,21100.0,21400.0,93300,KBS
2023-07-14 07:00:00,21400.0,21500.0,21000.0,21500.0,120600,KBS
2023-07-17 07:00:00,21750.0,21750.0,21150.0,21150.0,47000,KBS
2023-07-18 07:00:00,21450.0,21450.0,20800.0,21450.0,80400,KBS
2023-07-19 07:00:00,21450.0,21700.0,21000.0,21400.0,71700,KBS
2023-07-20 07:00:00,21500.0,21500.0,21100.0,21500.0,36200,KBS
2023-07-21 07:00:00,21700.0,22000.0,21300.0,22000.0,88500,KBS
2023-07-24 07:00:00,23250.0,23250.0,22200.0,23000.0,153200,KBS
2023-07-25 07:00:00,23000.0,23000.0,22500.0,22500.0,57700,KBS
2023-07-26 07:00:00,22800.0,22800.0,22200.0,22500.0,33600,KBS
2023-07-27 07:00:00,22350.0,22500.0,22000.0,22400.0,56000,KBS
2023-07-28 07:00:00,22100.0,22500.0,21900.0,22000.0,41900,KBS
2023-07-31 07:00:00,22000.0,22000.0,21400.0,21550.0,59000,KBS
2023-08-01 07:00:00,21550.0,21600.0,21050.0,21500.0,68800,KBS
2023-08-02 07:00:00,21450.0,21500.0,21100.0,21450.0,32400,KBS
2023-08-03 07:00:00,21400.0,21450.0,21100.0,21450.0,48800,KBS
2023-08-04 07:00:00,21200.0,21500.0,21000.0,21300.0,66200,KBS
2023-08-07 07:00:00,21300.0,21300.0,21150.0,21150.0,24300,KBS
2023-08-08 07:00:00,21150.0,21850.0,21150.0,21800.0,34200,KBS
2023-08-09 07:00:00,21800.0,21800.0,21200.0,21500.0,14800,KBS
2023-08-10 07:00:00,21700.0,21700.0,21250.0,21500.0,21100,KBS
2023-08-11 07:00:00,21450.0,21600.0,21100.0,21400.0,43300,KBS
2023-08-14 07:00:00,21100.0,21400.0,21100.0,21300.0,27700,KBS
2023-08-15 07:00:00,21200.0,21400.0,21150.0,21250.0,15400,KBS
2023-08-16 07:00:00,21250.0,21250.0,20900.0,21150.0,55600,KBS
2023-08-17 07:00:00,21000.0,21200.0,20900.0,20900.0,27700,KBS
2023-08-18 07:00:00,20800.0,20800.0,19450.0,19450.0,127300,KBS
2023-08-21 07:00:00,19100.0,19450.0,18100.0,18750.0,92200,KBS
2023-08-22 07:00:00,18750.0,19050.0,18250.0,19050.0,38600,KBS
2023-08-23 07:00:00,19300.0,19300.0,18700.0,19000.0,13300,KBS
2023-08-24 07:00:00,18400.0,19100.0,18400.0,19000.0,31000,KBS
2023-08-25 07:00:00,19050.0,19050.0,18800.0,19000.0,33400,KBS
2023-08-28 07:00:00,18600.0,19450.0,18600.0,19200.0,24500,KBS
2023-08-29 07:00:00,19000.0,19250.0,18950.0,19100.0,27900,KBS
2023-08-30 07:00:00,18900.0,19000.0,18900.0,18900.0,10600,KBS
2023-08-31 07:00:00,19150.0,19300.0,19000.0,19300.0,34700,KBS
2023-09-05 07:00:00,19300.0,19750.0,19300.0,19750.0,32300,KBS
2023-09-06 07:00:00,19500.0,19700.0,19350.0,19700.0,27700,KBS
2023-09-07 07:00:00,19750.0,19800.0,19550.0,19700.0,37600,KBS
2023-09-08 07:00:00,19700.0,20300.0,19700.0,20300.0,35300,KBS
2023-09-11 07:00:00,21000.0,21000.0,20150.0,20300.0,59100,KBS
2023-09-12 07:00:00,20100.0,20300.0,20100.0,20300.0,27600,KBS
2023-09-13 07:00:00,20300.0,20850.0,20000.0,20300.0,36700,KBS
2023-09-14 07:00:00,20550.0,20550.0,19750.0,19900.0,37000,KBS
2023-09-15 07:00:00,19900.0,19900.0,19500.0,19800.0,33600,KBS
2023-09-18 07:00:00,19800.0,19800.0,19050.0,19500.0,25100,KBS
2023-09-19 07:00:00,19500.0,19800.0,19150.0,19550.0,64800,KBS
2023-09-20 07:00:00,19950.0,19950.0,19750.0,19750.0,4800,KBS
2023-09-21 07:00:00,19700.0,19700.0,19500.0,19500.0,23500,KBS
2023-09-22 07:00:00,19000.0,19450.0,18900.0,19400.0,23500,KBS
2023-09-25 07:00:00,18900.0,19200.0,18500.0,18500.0,17600,KBS
2023-09-26 07:00:00,18950.0,18950.0,18000.0,18550.0,37600,KBS
2023-09-27 07:00:00,18600.0,18600.0,18200.0,18500.0,13300,KBS
2023-09-28 07:00:00,18500.0,18500.0,18000.0,18300.0,22700,KBS
2023-09-29 07:00:00,18300.0,18750.0,18300.0,18750.0,16600,KBS
2023-10-02 07:00:00,18800.0,18800.0,18400.0,18750.0,3100,KBS
2023-10-03 07:00:00,18000.0,18100.0,17450.0,17550.0,116300,KBS
2023-10-04 07:00:00,17800.0,17900.0,17500.0,17900.0,7800,KBS
2023-10-05 07:00:00,17900.0,17900.0,17550.0,17550.0,7200,KBS
2023-10-06 07:00:00,17600.0,17850.0,17600.0,17850.0,13700,KBS
2023-10-09 07:00:00,17900.0,17900.0,17800.0,17850.0,18700,KBS
2023-10-10 07:00:00,18100.0,18100.0,17850.0,18050.0,39600,KBS
2023-10-11 07:00:00,18100.0,18200.0,17900.0,18200.0,8800,KBS
2023-10-12 07:00:00,18300.0,18300.0,18200.0,18250.0,3400,KBS
2023-10-13 07:00:00,18200.0,18250.0,17900.0,18250.0,10500,KBS
2023-10-16 07:00:00,17800.0,18000.0,17800.0,18000.0,2100,KBS
2023-10-17 07:00:00,17600.0,18200.0,17600.0,17950.0,3700,KBS
2023-10-18 07:00:00,17900.0,17900.0,17300.0,17450.0,13600,KBS
2023-10-19 07:00:00,17700.0,17700.0,17000.0,17500.0,42500,KBS
2023-10-20 07:00:00,17500.0,17500.0,16800.0,17500.0,24100,KBS
2023-10-23 07:00:00,17500.0,17500.0,16850.0,17250.0,13000,KBS
2023-10-24 07:00:00,17500.0,17500.0,17300.0,17400.0,7000,KBS
2023-10-25 07:00:00,17400.0,17750.0,17400.0,17650.0,28100,KBS
2023-10-26 07:00:00,17000.0,17000.0,16450.0,16450.0,148100,KBS
2023-10-27 07:00:00,16250.0,16650.0,16250.0,16650.0,8600,KBS
2023-10-30 07:00:00,17150.0,17150.0,16950.0,16950.0,3500,KBS
2023-10-31 07:00:00,16650.0,16650.0,15800.0,15800.0,126700,KBS
2023-11-01 07:00:00,15400.0,15900.0,14700.0,15400.0,103100,KBS
2023-11-02 07:00:00,15400.0,15900.0,14800.0,15300.0,64700,KBS
2023-11-03 07:00:00,15300.0,15300.0,14500.0,14500.0,101000,KBS
2023-11-06 07:00:00,14700.0,14700.0,14100.0,14450.0,61000,KBS
2023-11-07 07:00:00,14500.0,14950.0,14500.0,14700.0,30100,KBS
2023-11-08 07:00:00,14050.0,14900.0,14050.0,14900.0,25300,KBS
2023-11-09 07:00:00,15000.0,15500.0,14900.0,15250.0,48600,KBS
2023-11-10 07:00:00,15250.0,15400.0,15100.0,15200.0,34100,KBS
2023-11-13 07:00:00,15300.0,15400.0,15100.0,15250.0,31500,KBS
2023-11-14 07:00:00,15250.0,15650.0,15250.0,15600.0,14100,KBS
2023-11-15 07:00:00,15650.0,15850.0,15500.0,15600.0,18100,KBS
2023-11-16 07:00:00,15550.0,15600.0,15450.0,15450.0,9700,KBS
2023-11-17 07:00:00,15450.0,15450.0,15300.0,15300.0,27300,KBS
2023-11-20 07:00:00,15150.0,15200.0,14800.0,15200.0,14900,KBS
2023-11-21 07:00:00,15300.0,15300.0,14800.0,15000.0,26000,KBS
2023-11-22 07:00:00,15200.0,15200.0,14950.0,15000.0,28300,KBS
2023-11-23 07:00:00,15000.0,15300.0,15000.0,15000.0,21600,KBS
2023-11-24 07:00:00,15000.0,15100.0,14850.0,15000.0,21400,KBS
2023-11-27 07:00:00,15000.0,15000.0,14800.0,15000.0,9600,KBS
2023-11-28 07:00:00,14900.0,15300.0,14850.0,15300.0,36700,KBS
2023-11-29 07:00:00,15350.0,15400.0,15200.0,15200.0,10000,KBS
2023-11-30 07:00:00,15600.0,15600.0,15050.0,15100.0,7500,KBS
2023-12-01 07:00:00,15450.0,15450.0,14450.0,15250.0,7400,KBS
2023-12-04 07:00:00,15250.0,15300.0,15000.0,15300.0,16800,KBS
2023-12-05 07:00:00,15250.0,15250.0,15000.0,15250.0,15300,KBS
2023-12-06 07:00:00,15250.0,15700.0,15250.0,15600.0,34000,KBS
2023-12-07 07:00:00,15600.0,15650.0,15200.0,15550.0,16300,KBS
2023-12-08 07:00:00,15500.0,15550.0,15300.0,15450.0,13000,KBS
2023-12-11 07:00:00,15500.0,15500.0,15050.0,15300.0,15600,KBS
2023-12-12 07:00:00,15300.0,15500.0,15300.0,15300.0,15000,KBS
2023-12-13 07:00:00,15500.0,15500.0,15200.0,15200.0,14100,KBS
2023-12-14 07:00:00,15300.0,15350.0,15100.0,15300.0,20300,KBS
2023-12-15 07:00:00,15100.0,15300.0,15100.0,15300.0,12300,KBS
2023-12-18 07:00:00,15250.0,15250.0,15050.0,15050.0,8500,KBS
2023-12-19 07:00:00,15050.0,15050.0,14900.0,15050.0,19700,KBS
2023-12-20 07:00:00,15100.0,15200.0,14950.0,15200.0,10300,KBS
2023-12-21 07:00:00,15250.0,15250.0,14900.0,15200.0,14000,KBS
2023-12-22 07:00:00,14950.0,15200.0,14950.0,15150.0,2800,KBS
2023-12-25 07:00:00,15100.0,15200.0,15100.0,15150.0,7900,KBS
2023-12-26 07:00:00,15150.0,15300.0,15150.0,15200.0,8900,KBS
2023-12-27 07:00:00,15000.0,15200.0,15000.0,15100.0,7800,KBS
2023-12-28 07:00:00,14700.0,15300.0,14700.0,14900.0,17900,KBS
2023-12-29 07:00:00,15050.0,15200.0,15000.0,15150.0,8800,KBS
2024-01-02 07:00:00,15150.0,15200.0,15000.0,15100.0,16300,KBS
2024-01-03 07:00:00,15100.0,15150.0,14950.0,15150.0,11900,KBS
2024-01-04 07:00:00,15100.0,15500.0,15050.0,15300.0,48100,KBS
2024-01-05 07:00:00,15300.0,15500.0,15200.0,15250.0,15300,KBS
2024-01-08 07:00:00,15250.0,15250.0,15100.0,15250.0,21900,KBS
2024-01-09 07:00:00,15350.0,15350.0,15000.0,15300.0,106300,KBS
2024-01-10 07:00:00,15300.0,15300.0,15100.0,15100.0,53700,KBS
2024-01-11 07:00:00,15100.0,15200.0,15050.0,15100.0,18500,KBS
2024-01-12 07:00:00,15100.0,15200.0,15000.0,15000.0,44200,KBS
2024-01-15 07:00:00,15250.0,15250.0,15000.0,15000.0,5600,KBS
2024-01-16 07:00:00,15250.0,15250.0,14950.0,15000.0,6800,KBS
2024-01-17 07:00:00,15000.0,15050.0,15000.0,15050.0,26000,KBS
2024-01-18 07:00:00,15150.0,15150.0,15000.0,15100.0,11400,KBS
2024-01-19 07:00:00,15000.0,15200.0,15000.0,15050.0,13800,KBS
2024-01-22 07:00:00,15050.0,15050.0,14900.0,14950.0,33100,KBS
2024-01-23 07:00:00,14950.0,15000.0,14800.0,15000.0,19300,KBS
2024-01-24 07:00:00,15000.0,15100.0,14900.0,15100.0,12400,KBS
2024-01-25 07:00:00,14900.0,15250.0,14900.0,15250.0,44100,KBS
2024-01-26 07:00:00,15250.0,15300.0,15050.0,15050.0,25300,KBS
2024-01-29 07:00:00,15050.0,15250.0,15050.0,15250.0,21600,KBS
2024-01-30 07:00:00,15300.0,15350.0,15000.0,15200.0,28600,KBS
2024-01-31 07:00:00,15000.0,15200.0,14950.0,15150.0,46600,KBS
2024-02-01 07:00:00,14900.0,15150.0,14900.0,15150.0,20500,KBS
2024-02-02 07:00:00,15000.0,15000.0,14950.0,15000.0,22600,KBS
2024-02-05 07:00:00,14900.0,15250.0,14800.0,15050.0,70600,KBS
2024-02-06 07:00:00,15100.0,15350.0,15100.0,15100.0,43200,KBS
2024-02-07 07:00:00,15100.0,15950.0,15000.0,15700.0,110600,KBS
2024-02-15 07:00:00,15700.0,16000.0,15100.0,15700.0,60000,KBS
2024-02-16 07:00:00,15700.0,15700.0,15300.0,15650.0,31700,KBS
2024-02-19 07:00:00,15650.0,15800.0,15650.0,15700.0,33500,KBS
2024-02-20 07:00:00,15600.0,15800.0,15500.0,15700.0,39700,KBS
2024-02-21 07:00:00,15400.0,16000.0,15400.0,15900.0,74300,KBS
2024-02-22 07:00:00,15900.0,16250.0,15900.0,16250.0,88800,KBS
2024-02-23 07:00:00,16300.0,16500.0,16000.0,16250.0,55300,KBS
2024-02-26 07:00:00,16250.0,16250.0,15850.0,15850.0,35800,KBS
2024-02-27 07:00:00,15900.0,16200.0,15800.0,16100.0,43300,KBS
2024-02-28 07:00:00,15900.0,16400.0,15900.0,16350.0,35300,KBS
2024-02-29 07:00:00,16350.0,16500.0,16000.0,16400.0,53700,KBS
2024-03-01 07:00:00,16200.0,16600.0,15950.0,16400.0,22800,KBS
2024-03-04 07:00:00,16050.0,16500.0,15900.0,15950.0,137900,KBS
2024-03-05 07:00:00,16000.0,16150.0,15900.0,15900.0,38600,KBS
2024-03-06 07:00:00,15800.0,15800.0,15550.0,15800.0,34700,KBS
2024-03-07 07:00:00,15750.0,15800.0,15350.0,15550.0,43100,KBS
2024-03-08 07:00:00,15400.0,15700.0,15250.0,15300.0,58500,KBS
2024-03-11 07:00:00,15250.0,15350.0,15000.0,15200.0,57000,KBS
2024-03-12 07:00:00,15200.0,16000.0,15200.0,15750.0,171500,KBS
2024-03-13 07:00:00,15900.0,15900.0,15600.0,15850.0,51200,KBS
2024-03-14 07:00:00,15600.0,16200.0,15600.0,15800.0,57800,KBS
2024-03-15 07:00:00,16050.0,16050.0,15650.0,15650.0,34600,KBS
2024-03-18 07:00:00,15700.0,15700.0,15300.0,15500.0,99100,KBS
2024-03-19 07:00:00,15550.0,15550.0,15400.0,15550.0,18300,KBS
2024-03-20 07:00:00,15400.0,15800.0,15300.0,15800.0,11300,KBS
2024-03-21 07:00:00,15800.0,16200.0,15650.0,16000.0,53500,KBS
2024-03-22 07:00:00,16000.0,16150.0,15900.0,16100.0,26800,KBS
2024-03-25 07:00:00,16200.0,16250.0,15900.0,16000.0,55600,KBS
2024-03-26 07:00:00,16000.0,16200.0,15900.0,16100.0,65500,KBS
2024-03-27 07:00:00,16200.0,16200.0,15900.0,16100.0,33200,KBS
2024-03-28 07:00:00,16100.0,16100.0,15800.0,15900.0,21700,KBS
2024-03-29 07:00:00,15800.0,16000.0,15550.0,15850.0,55400,KBS
2024-04-01 07:00:00,15950.0,15950.0,15650.0,15800.0,54600,KBS
2024-04-02 07:00:00,15850.0,15950.0,15300.0,15450.0,41800,KBS
2024-04-03 07:00:00,15450.0,15500.0,15400.0,15450.0,11100,KBS
2024-04-04 07:00:00,15400.0,15450.0,15300.0,15450.0,17900,KBS
2024-04-05 07:00:00,15300.0,15400.0,15050.0,15300.0,35700,KBS
2024-04-08 07:00:00,15300.0,15500.0,15000.0,15300.0,57900,KBS
2024-04-09 07:00:00,15350.0,15600.0,15250.0,15450.0,35700,KBS
2024-04-10 07:00:00,15150.0,15500.0,15150.0,15400.0,20400,KBS
2024-04-11 07:00:00,15400.0,15450.0,15100.0,15300.0,18500,KBS
2024-04-12 07:00:00,15300.0,15300.0,15100.0,15300.0,36800,KBS
2024-04-15 07:00:00,15200.0,15500.0,15000.0,15000.0,64300,KBS
2024-04-16 07:00:00,15000.0,15200.0,14800.0,15000.0,23000,KBS
2024-04-17 07:00:00,15000.0,15100.0,14850.0,15100.0,27800,KBS
2024-04-19 07:00:00,14900.0,14900.0,14100.0,14100.0,35900,KBS
2024-04-22 07:00:00,14300.0,14700.0,14300.0,14600.0,15700,KBS
2024-04-23 07:00:00,14900.0,14900.0,14250.0,14500.0,4700,KBS
2024-04-24 07:00:00,14650.0,14800.0,14050.0,14600.0,9900,KBS
2024-04-25 07:00:00,14600.0,14600.0,14450.0,14600.0,4600,KBS
2024-04-26 07:00:00,14500.0,14550.0,14250.0,14550.0,9100,KBS
2024-05-02 07:00:00,14400.0,14600.0,14400.0,14600.0,55400,KBS
2024-05-03 07:00:00,14450.0,15500.0,14450.0,14800.0,20600,KBS
2024-05-06 07:00:00,14800.0,15000.0,14650.0,14900.0,23800,KBS
2024-05-07 07:00:00,14900.0,15000.0,14650.0,14750.0,30800,KBS
2024-05-08 07:00:00,14750.0,15100.0,14750.0,15050.0,33800,KBS
2024-05-09 07:00:00,15100.0,15100.0,14700.0,15050.0,16700,KBS
2024-05-10 07:00:00,14800.0,14950.0,14800.0,14800.0,5600,KBS
2024-05-13 07:00:00,14900.0,15150.0,14900.0,15100.0,13000,KBS
2024-05-14 07:00:00,15000.0,15100.0,14800.0,15000.0,7300,KBS
2024-05-15 07:00:00,15000.0,15100.0,14950.0,14950.0,21700,KBS
2024-05-16 07:00:00,15000.0,15150.0,15000.0,15000.0,46200,KBS
2024-05-17 07:00:00,15000.0,15200.0,14900.0,15000.0,8600,KBS
2024-05-20 07:00:00,15000.0,15400.0,15000.0,15050.0,38400,KBS
2024-05-21 07:00:00,15050.0,15100.0,15000.0,15050.0,31500,KBS
2024-05-22 07:00:00,15000.0,15100.0,14850.0,14950.0,33900,KBS
2024-05-23 07:00:00,15100.0,15100.0,14950.0,15050.0,29300,KBS
2024-05-24 07:00:00,15100.0,15100.0,14750.0,15000.0,39200,KBS
2024-05-27 07:00:00,15000.0,15050.0,14950.0,15000.0,10800,KBS
2024-05-28 07:00:00,14950.0,15000.0,14950.0,14950.0,33600,KBS
2024-05-29 07:00:00,15050.0,15050.0,14900.0,14950.0,15200,KBS
2024-05-30 07:00:00,15000.0,15000.0,14500.0,14900.0,38000,KBS
2024-05-31 07:00:00,14950.0,15550.0,14950.0,15500.0,194700,KBS
2024-06-03 07:00:00,15450.0,16300.0,15300.0,15800.0,135000,KBS
2024-06-04 07:00:00,15700.0,15950.0,15500.0,15800.0,31600,KBS
2024-06-05 07:00:00,15700.0,15850.0,15500.0,15600.0,85600,KBS
2024-06-06 07:00:00,15600.0,15600.0,15400.0,15450.0,43100,KBS
2024-06-07 07:00:00,15700.0,15700.0,15200.0,15200.0,100700,KBS
2024-06-10 07:00:00,15200.0,15700.0,15200.0,15300.0,19200,KBS
2024-06-11 07:00:00,15350.0,15500.0,15250.0,15500.0,14500,KBS
2024-06-12 07:00:00,15500.0,15500.0,15200.0,15400.0,14700,KBS
2024-06-13 07:00:00,15400.0,15400.0,15250.0,15400.0,22300,KBS
2024-06-14 07:00:00,15350.0,15400.0,15100.0,15100.0,23100,KBS
2024-06-17 07:00:00,15500.0,15500.0,15000.0,15150.0,26800,KBS
2024-06-18 07:00:00,15000.0,15200.0,15000.0,15100.0,5100,KBS
2024-06-19 07:00:00,15150.0,15150.0,14050.0,15100.0,21500,KBS
2024-06-20 07:00:00,15150.0,15200.0,15000.0,15000.0,26000,KBS
2024-06-21 07:00:00,15000.0,15500.0,15000.0,15350.0,34800,KBS
2024-06-24 07:00:00,15350.0,15350.0,14850.0,15000.0,44300,KBS
2024-06-25 07:00:00,15000.0,15100.0,14800.0,15100.0,21300,KBS
2024-06-26 07:00:00,15100.0,15100.0,14850.0,15000.0,4700,KBS
2024-06-27 07:00:00,15100.0,15100.0,14850.0,15000.0,1100,KBS
2024-06-28 07:00:00,14950.0,15000.0,14800.0,15000.0,30900,KBS
2024-07-01 07:00:00,15000.0,15000.0,14750.0,14800.0,13200,KBS
2024-07-02 07:00:00,14800.0,15000.0,14800.0,15000.0,4000,KBS
2024-07-03 07:00:00,14900.0,14900.0,14750.0,14800.0,17700,KBS
2024-07-04 07:00:00,14800.0,14950.0,14750.0,14950.0,13800,KBS
2024-07-05 07:00:00,14950.0,14950.0,14700.0,14900.0,25400,KBS
2024-07-08 07:00:00,14950.0,15000.0,14500.0,14800.0,18800,KBS
2024-07-09 07:00:00,14650.0,14800.0,14650.0,14800.0,11500,KBS
2024-07-10 07:00:00,14900.0,14900.0,14700.0,14900.0,14000,KBS
2024-07-11 07:00:00,14700.0,14750.0,14700.0,14700.0,14100,KBS
2024-07-12 07:00:00,14700.0,14850.0,14650.0,14850.0,16100,KBS
2024-07-15 07:00:00,14850.0,14850.0,14550.0,14800.0,10600,KBS
2024-07-16 07:00:00,14850.0,14850.0,14700.0,14700.0,18600,KBS
2024-07-17 07:00:00,14700.0,14800.0,14650.0,14650.0,19800,KBS
2024-07-18 07:00:00,14700.0,14700.0,14550.0,14650.0,13300,KBS
2024-07-19 07:00:00,14700.0,14700.0,14700.0,14700.0,300,KBS
2024-07-22 07:00:00,14650.0,14700.0,14550.0,14700.0,11900,KBS
2024-07-23 07:00:00,14150.0,14500.0,14100.0,14400.0,17200,KBS
2024-07-24 07:00:00,14400.0,14450.0,14000.0,14300.0,31400,KBS
2024-07-25 07:00:00,14300.0,14400.0,14100.0,14400.0,18100,KBS
2024-07-26 07:00:00,14300.0,14400.0,14000.0,14400.0,11600,KBS
2024-07-29 07:00:00,14400.0,14400.0,14000.0,14000.0,66900,KBS
2024-07-30 07:00:00,13950.0,14100.0,13900.0,14000.0,11400,KBS
2024-07-31 07:00:00,14000.0,14100.0,13850.0,14000.0,18900,KBS
2024-08-01 07:00:00,14000.0,14100.0,13750.0,14000.0,39000,KBS
2024-08-02 07:00:00,14000.0,14000.0,13650.0,13900.0,4700,KBS
2024-08-05 07:00:00,13900.0,14000.0,13450.0,13500.0,24100,KBS
2024-08-06 07:00:00,13800.0,13800.0,13300.0,13550.0,31700,KBS
2024-08-07 07:00:00,13600.0,13700.0,13500.0,13650.0,5200,KBS
2024-08-08 07:00:00,13750.0,13750.0,13200.0,13450.0,6900,KBS
2024-08-09 07:00:00,13650.0,13650.0,13500.0,13550.0,5900,KBS
2024-08-12 07:00:00,13800.0,13800.0,13400.0,13400.0,6900,KBS
2024-08-13 07:00:00,13400.0,13500.0,13400.0,13500.0,1100,KBS
2024-08-14 07:00:00,13400.0,13600.0,13400.0,13600.0,9800,KBS
2024-08-15 07:00:00,13600.0,13600.0,13450.0,13450.0,6700,KBS
2024-08-16 07:00:00,13450.0,13600.0,13300.0,13600.0,11900,KBS
2024-08-19 07:00:00,13600.0,13650.0,13450.0,13450.0,25400,KBS
2024-08-20 07:00:00,13450.0,13700.0,13450.0,13650.0,11800,KBS
2024-08-21 07:00:00,13550.0,13750.0,13500.0,13700.0,16600,KBS
2024-08-22 07:00:00,13800.0,13850.0,13550.0,13650.0,14700,KBS
2024-08-23 07:00:00,13650.0,13950.0,13650.0,13850.0,32800,KBS
2024-08-26 07:00:00,13800.0,13950.0,13600.0,13600.0,40400,KBS
2024-08-27 07:00:00,13600.0,13900.0,13600.0,13650.0,21800,KBS
2024-08-28 07:00:00,14000.0,14000.0,13650.0,13650.0,28500,KBS
2024-08-29 07:00:00,13650.0,13900.0,13650.0,13800.0,19200,KBS
2024-08-30 07:00:00,13700.0,14000.0,13700.0,13950.0,15100,KBS
2024-09-04 07:00:00,13950.0,13950.0,13550.0,13600.0,32800,KBS
2024-09-05 07:00:00,13600.0,13800.0,13550.0,13750.0,11800,KBS
2024-09-06 07:00:00,13800.0,13800.0,13500.0,13750.0,6000,KBS
2024-09-09 07:00:00,13750.0,13750.0,13600.0,13750.0,7800,KBS
2024-09-10 07:00:00,13750.0,13750.0,13450.0,13450.0,15800,KBS
2024-09-11 07:00:00,13450.0,13450.0,13400.0,13450.0,14000,KBS
2024-09-12 07:00:00,13600.0,13600.0,13450.0,13450.0,10200,KBS
2024-09-13 07:00:00,13450.0,13450.0,13400.0,13450.0,10800,KBS
2024-09-16 07:00:00,13850.0,13850.0,13400.0,13650.0,700,KBS
2024-09-17 07:00:00,13600.0,13650.0,13350.0,13350.0,7800,KBS
2024-09-18 07:00:00,13350.0,13650.0,13350.0,13400.0,6600,KBS
2024-09-19 07:00:00,13400.0,13600.0,13350.0,13600.0,3200,KBS
2024-09-20 07:00:00,13600.0,13600.0,13500.0,13550.0,23200,KBS
2024-09-23 07:00:00,13600.0,13950.0,13550.0,13900.0,25600,KBS
2024-09-24 07:00:00,13800.0,13800.0,13600.0,13600.0,600,KBS
2024-09-25 07:00:00,13700.0,13750.0,13550.0,13550.0,18600,KBS
2024-09-26 07:00:00,13700.0,13700.0,13600.0,13600.0,600,KBS
2024-09-27 07:00:00,13550.0,13600.0,13450.0,13450.0,13500,KBS
2024-09-30 07:00:00,13450.0,13800.0,13450.0,13500.0,7800,KBS
2024-10-01 07:00:00,13450.0,13600.0,13450.0,13500.0,16400,KBS
2024-10-02 07:00:00,13350.0,13500.0,13350.0,13450.0,13300,KBS
2024-10-03 07:00:00,13350.0,13450.0,13350.0,13400.0,9900,KBS
2024-10-04 07:00:00,13400.0,13500.0,13400.0,13400.0,5500,KBS
2024-10-07 07:00:00,13400.0,13400.0,13350.0,13400.0,3100,KBS
2024-10-08 07:00:00,13350.0,13350.0,13250.0,13300.0,19900,KBS
2024-10-09 07:00:00,13250.0,13500.0,13200.0,13250.0,10200,KBS
2024-10-10 07:00:00,13450.0,13450.0,13300.0,13300.0,5500,KBS
2024-10-11 07:00:00,13300.0,13300.0,13200.0,13300.0,10800,KBS
2024-10-14 07:00:00,13300.0,13450.0,13300.0,13350.0,3500,KBS
2024-10-15 07:00:00,13300.0,13350.0,13250.0,13350.0,7500,KBS
2024-10-16 07:00:00,13300.0,13350.0,13300.0,13350.0,1300,KBS
2024-10-17 07:00:00,13200.0,13400.0,13150.0,13400.0,6200,KBS
2024-10-18 07:00:00,13250.0,13250.0,13250.0,13250.0,2800,KBS
2024-10-21 07:00:00,13250.0,13500.0,13250.0,13350.0,11800,KBS
2024-10-22 07:00:00,13250.0,13500.0,13250.0,13500.0,6600,KBS
2024-10-23 07:00:00,13200.0,13400.0,13200.0,13400.0,1400,KBS
2024-10-24 07:00:00,13400.0,13400.0,13200.0,13200.0,1800,KBS
2024-10-25 07:00:00,13200.0,13400.0,13200.0,13400.0,3500,KBS
2024-10-28 07:00:00,13300.0,13300.0,13300.0,13300.0,2500,KBS
2024-10-29 07:00:00,13400.0,13400.0,13400.0,13400.0,100,KBS
2024-10-30 07:00:00,13300.0,13400.0,13050.0,13050.0,14100,KBS
2024-10-31 07:00:00,13050.0,13100.0,12650.0,13100.0,15100,KBS
2024-11-01 07:00:00,13100.0,13100.0,13100.0,13100.0,2700,KBS
2024-11-04 07:00:00,12950.0,12950.0,12900.0,12900.0,2900,KBS
2024-11-05 07:00:00,12900.0,13000.0,12900.0,13000.0,200,KBS
2024-11-06 07:00:00,12800.0,12900.0,12750.0,12800.0,13500,KBS
2024-11-07 07:00:00,12800.0,13400.0,12600.0,12900.0,6600,KBS
2024-11-08 07:00:00,12850.0,12850.0,12500.0,12800.0,13700,KBS
2024-11-11 07:00:00,12600.0,12650.0,12600.0,12650.0,900,KBS
2024-11-12 07:00:00,12650.0,13300.0,12650.0,12750.0,8700,KBS
2024-11-13 07:00:00,12650.0,12900.0,12600.0,12900.0,8400,KBS
2024-11-14 07:00:00,12550.0,12700.0,12550.0,12600.0,4200,KBS
2024-11-15 07:00:00,12600.0,13050.0,11900.0,12500.0,27000,KBS
2024-11-18 07:00:00,12600.0,12850.0,12500.0,12500.0,23800,KBS
2024-11-19 07:00:00,12500.0,12500.0,12400.0,12500.0,2000,KBS
2024-11-20 07:00:00,12500.0,12600.0,12350.0,12350.0,12500,KBS
2024-11-21 07:00:00,12400.0,12700.0,12400.0,12650.0,10200,KBS
2024-11-22 07:00:00,12500.0,12600.0,12250.0,12400.0,7800,KBS
2024-11-25 07:00:00,12600.0,12600.0,12400.0,12500.0,10600,KBS
2024-11-26 07:00:00,12400.0,12700.0,12300.0,12500.0,26900,KBS
2024-11-27 07:00:00,12500.0,12650.0,12400.0,12650.0,13600,KBS
2024-11-28 07:00:00,12650.0,12700.0,12500.0,12600.0,23400,KBS
2024-11-29 07:00:00,12700.0,12700.0,12600.0,12650.0,13600,KBS
2024-12-02 07:00:00,12600.0,12750.0,12500.0,12750.0,13100,KBS
2024-12-03 07:00:00,12650.0,12950.0,12650.0,12900.0,15400,KBS
2024-12-04 07:00:00,12950.0,13000.0,12850.0,12900.0,13300,KBS
2024-12-05 07:00:00,12900.0,13100.0,12750.0,12950.0,17400,KBS
2024-12-06 07:00:00,13000.0,13200.0,12800.0,13050.0,13300,KBS
2024-12-09 07:00:00,13050.0,13050.0,12550.0,13000.0,3200,KBS
2024-12-10 07:00:00,12700.0,13000.0,12700.0,12900.0,9400,KBS
2024-12-11 07:00:00,12950.0,12950.0,12800.0,12900.0,26000,KBS
2024-12-12 07:00:00,12800.0,12900.0,12800.0,12900.0,500,KBS
2024-12-13 07:00:00,12800.0,12850.0,12800.0,12850.0,300,KBS
2024-12-16 07:00:00,12200.0,12750.0,12200.0,12700.0,14200,KBS
2024-12-17 07:00:00,12750.0,12750.0,12600.0,12600.0,18100,KBS
2024-12-18 07:00:00,12700.0,12850.0,12700.0,12850.0,2200,KBS
2024-12-19 07:00:00,12850.0,12850.0,12700.0,12700.0,1700,KBS
2024-12-20 07:00:00,12800.0,13000.0,12800.0,12950.0,10600,KBS
2024-12-23 07:00:00,13000.0,13000.0,12600.0,13000.0,12100,KBS
2024-12-24 07:00:00,13000.0,13000.0,12950.0,12950.0,3300,KBS
2024-12-25 07:00:00,12800.0,12900.0,12650.0,12900.0,21000,KBS
2024-12-26 07:00:00,12850.0,12850.0,12850.0,12850.0,6300,KBS
2024-12-27 07:00:00,12600.0,12800.0,12600.0,12700.0,5100,KBS
2024-12-30 07:00:00,12600.0,12650.0,12550.0,12650.0,5400,KBS
2024-12-31 07:00:00,12650.0,12650.0,12500.0,12600.0,10500,KBS
2025-01-02 07:00:00,12500.0,12750.0,12450.0,12450.0,14200,KBS
2025-01-03 07:00:00,12400.0,12450.0,12350.0,12450.0,18600,KBS
2025-01-06 07:00:00,12400.0,12400.0,12350.0,12350.0,21500,KBS
2025-01-07 07:00:00,12500.0,12500.0,12500.0,12500.0,1200,KBS
2025-01-08 07:00:00,12400.0,12400.0,11650.0,12300.0,12500,KBS
2025-01-09 07:00:00,12100.0,12250.0,12000.0,12100.0,19300,KBS
2025-01-10 07:00:00,12100.0,12150.0,12000.0,12000.0,19600,KBS
2025-01-13 07:00:00,12000.0,12000.0,11950.0,11950.0,1600,KBS
2025-01-14 07:00:00,11900.0,12050.0,11750.0,12050.0,2100,KBS
2025-01-15 07:00:00,12050.0,12050.0,11900.0,12050.0,13600,KBS
2025-01-16 07:00:00,12000.0,12000.0,11950.0,12000.0,13100,KBS
2025-01-17 07:00:00,11900.0,12000.0,11750.0,11800.0,8200,KBS
2025-01-20 07:00:00,11800.0,11850.0,11750.0,11800.0,18600,KBS
2025-01-21 07:00:00,12000.0,12000.0,11750.0,11850.0,1700,KBS
2025-01-22 07:00:00,11900.0,11900.0,11700.0,11800.0,34900,KBS
2025-01-23 07:00:00,11750.0,11800.0,11700.0,11800.0,10000,KBS
2025-01-24 07:00:00,11800.0,12000.0,11800.0,12000.0,5100,KBS
2025-02-03 07:00:00,11600.0,11700.0,11200.0,11250.0,40900,KBS
2025-02-04 07:00:00,11600.0,11700.0,11200.0,11700.0,14000,KBS
2025-02-05 07:00:00,11700.0,11750.0,11550.0,11550.0,5300,KBS
2025-02-06 07:00:00,11550.0,11800.0,11500.0,11500.0,10300,KBS
2025-02-07 07:00:00,11250.0,11800.0,11250.0,11600.0,11400,KBS
2025-02-10 07:00:00,11600.0,11600.0,10800.0,11000.0,70300,KBS
2025-02-11 07:00:00,10750.0,11000.0,10500.0,11000.0,28400,KBS
2025-02-12 07:00:00,11000.0,11100.0,11000.0,11100.0,4800,KBS
2025-02-13 07:00:00,11000.0,11100.0,10700.0,11100.0,7800,KBS
2025-02-14 07:00:00,11000.0,11100.0,11000.0,11100.0,9800,KBS
2025-02-17 07:00:00,11000.0,11100.0,10700.0,10900.0,25600,KBS
2025-02-18 07:00:00,11000.0,11000.0,10800.0,10900.0,22700,KBS
2025-02-19 07:00:00,11100.0,11400.0,11100.0,11350.0,49700,KBS
2025-02-20 07:00:00,11400.0,11400.0,11100.0,11300.0,13900,KBS
2025-02-21 07:00:00,11350.0,11400.0,11250.0,11250.0,8100,KBS
2025-02-24 07:00:00,11250.0,11450.0,11250.0,11250.0,6800,KBS
2025-02-25 07:00:00,11200.0,11250.0,11000.0,11200.0,19000,KBS
2025-02-26 07:00:00,11200.0,11400.0,10800.0,11000.0,12800,KBS
2025-02-27 07:00:00,10800.0,11100.0,10800.0,11000.0,15900,KBS
2025-02-28 07:00:00,11000.0,11100.0,11000.0,11050.0,10000,KBS
2025-03-03 07:00:00,11000.0,11050.0,10500.0,10950.0,67400,KBS
2025-03-04 07:00:00,10950.0,11000.0,10850.0,10900.0,15400,KBS
2025-03-05 07:00:00,10800.0,11000.0,10800.0,10850.0,9000,KBS
2025-03-06 07:00:00,10850.0,10900.0,10650.0,10900.0,13400,KBS
2025-03-07 07:00:00,10900.0,10950.0,10800.0,10900.0,7200,KBS
2025-03-10 07:00:00,10900.0,10900.0,10700.0,10700.0,14000,KBS
2025-03-11 07:00:00,10750.0,10800.0,10650.0,10750.0,6900,KBS
2025-03-12 07:00:00,10750.0,10850.0,10750.0,10850.0,9600,KBS
2025-03-13 07:00:00,10600.0,10900.0,10600.0,10800.0,8400,KBS
2025-03-14 07:00:00,10800.0,10800.0,10650.0,10650.0,9100,KBS
2025-03-17 07:00:00,10550.0,10750.0,10550.0,10700.0,11700,KBS
2025-03-18 07:00:00,10700.0,10700.0,10650.0,10700.0,10700,KBS
2025-03-19 07:00:00,10700.0,10750.0,10700.0,10700.0,5400,KBS
2025-03-20 07:00:00,10700.0,11150.0,10650.0,10900.0,9100,KBS
2025-03-21 07:00:00,10850.0,10850.0,10600.0,10850.0,3100,KBS
2025-03-24 07:00:00,10650.0,10750.0,10650.0,10650.0,4500,KBS
2025-03-25 07:00:00,10650.0,10650.0,10600.0,10650.0,7100,KBS
2025-03-26 07:00:00,10650.0,10800.0,10600.0,10600.0,10200,KBS
2025-03-27 07:00:00,10600.0,10900.0,10600.0,10850.0,18200,KBS
2025-03-28 07:00:00,10850.0,10850.0,10600.0,10600.0,6600,KBS
2025-03-31 07:00:00,10500.0,10700.0,10300.0,10700.0,13400,KBS
2025-04-02 07:00:00,10700.0,10700.0,10600.0,10600.0,5100,KBS
2025-04-03 07:00:00,10000.0,10500.0,9860.0,9860.0,59900,KBS
2025-04-04 07:00:00,9860.0,9860.0,9200.0,9510.0,85300,KBS
2025-04-08 07:00:00,9520.0,9520.0,8850.0,8850.0,49600,KBS
2025-04-09 07:00:00,8500.0,9000.0,8240.0,8850.0,12000,KBS
2025-04-10 07:00:00,9400.0,9460.0,9400.0,9460.0,30700,KBS
2025-04-11 07:00:00,10000.0,10000.0,9000.0,9390.0,27500,KBS
2025-04-14 07:00:00,9390.0,9390.0,9000.0,9100.0,29200,KBS
2025-04-15 07:00:00,9010.0,9700.0,8500.0,8900.0,122600,KBS
2025-04-16 07:00:00,8900.0,8900.0,8720.0,8720.0,9000,KBS
2025-04-17 07:00:00,8720.0,8990.0,8510.0,8910.0,13000,KBS
2025-04-18 07:00:00,8910.0,8990.0,8620.0,8980.0,14500,KBS
2025-04-21 07:00:00,9000.0,9000.0,8990.0,9000.0,14700,KBS
2025-04-22 07:00:00,9000.0,9010.0,8600.0,8850.0,39600,KBS
2025-04-23 07:00:00,8860.0,9050.0,8850.0,8860.0,5500,KBS
2025-04-24 07:00:00,9000.0,9000.0,8860.0,9000.0,15300,KBS
2025-04-25 07:00:00,9050.0,9050.0,8710.0,9010.0,2500,KBS
2025-04-28 07:00:00,9010.0,9200.0,9010.0,9200.0,7900,KBS
2025-04-29 07:00:00,8910.0,9280.0,8870.0,9280.0,18800,KBS
2025-05-05 07:00:00,9000.0,9200.0,8850.0,9200.0,600,KBS
2025-05-06 07:00:00,8860.0,9200.0,8860.0,9200.0,2100,KBS
2025-05-07 07:00:00,9200.0,9400.0,9200.0,9400.0,23200,KBS
2025-05-08 07:00:00,9150.0,9370.0,9150.0,9370.0,200,KBS
2025-05-09 07:00:00,9370.0,9370.0,9200.0,9300.0,3800,KBS
2025-05-12 07:00:00,9100.0,9250.0,9100.0,9250.0,6500,KBS
2025-05-13 07:00:00,9200.0,9250.0,9190.0,9200.0,21500,KBS
2025-05-14 07:00:00,9020.0,9290.0,9000.0,9260.0,24800,KBS
2025-05-15 07:00:00,9070.0,9350.0,9070.0,9300.0,6600,KBS
2025-05-16 07:00:00,9400.0,9400.0,9320.0,9360.0,14200,KBS
2025-05-19 07:00:00,9360.0,9910.0,9360.0,9700.0,37900,KBS
2025-05-20 07:00:00,9800.0,10350.0,9800.0,10350.0,47400,KBS
2025-05-21 07:00:00,11050.0,11050.0,11050.0,11050.0,30100,KBS
2025-05-22 07:00:00,11800.0,11800.0,11800.0,11800.0,35300,KBS
2025-05-23 07:00:00,12600.0,12600.0,12600.0,12600.0,50200,KBS
2025-05-26 07:00:00,13450.0,13450.0,11750.0,12750.0,170500,KBS
2025-05-27 07:00:00,12100.0,12800.0,12100.0,12250.0,39700,KBS
2025-05-28 07:00:00,12250.0,12250.0,11500.0,11500.0,49000,KBS
2025-05-29 07:00:00,11500.0,11750.0,11500.0,11750.0,17100,KBS
2025-05-30 07:00:00,11750.0,11750.0,11350.0,11350.0,11900,KBS
2025-06-02 07:00:00,11050.0,11350.0,11000.0,11250.0,36000,KBS
2025-06-03 07:00:00,11250.0,11250.0,11200.0,11200.0,13100,KBS
2025-06-04 07:00:00,11500.0,11500.0,11200.0,11400.0,13800,KBS
2025-06-05 07:00:00,11550.0,12050.0,11400.0,11800.0,20600,KBS
2025-06-06 07:00:00,11800.0,11800.0,11600.0,11800.0,8900,KBS
2025-06-09 07:00:00,11800.0,11800.0,11400.0,11400.0,13100,KBS
2025-06-10 07:00:00,11150.0,11300.0,11100.0,11100.0,25400,KBS
2025-06-11 07:00:00,11000.0,11150.0,10900.0,11150.0,7900,KBS
2025-06-12 07:00:00,11150.0,11400.0,10950.0,11400.0,9200,KBS
2025-06-13 07:00:00,11050.0,11300.0,11050.0,11050.0,2000,KBS
2025-06-16 07:00:00,11450.0,11450.0,10900.0,11250.0,16900,KBS
2025-06-17 07:00:00,11250.0,11250.0,10700.0,11200.0,21900,KBS
2025-06-18 07:00:00,11200.0,11200.0,10750.0,11200.0,10000,KBS
2025-06-19 07:00:00,11200.0,11200.0,11150.0,11150.0,1300,KBS
2025-06-20 07:00:00,11250.0,11250.0,10850.0,11100.0,4300,KBS
2025-06-23 07:00:00,11000.0,11050.0,10750.0,10950.0,10900,KBS
2025-06-24 07:00:00,10950.0,11000.0,10900.0,10950.0,17500,KBS
2025-06-25 07:00:00,10950.0,10950.0,10950.0,10950.0,2300,KBS
2025-06-26 07:00:00,10950.0,11000.0,10800.0,10800.0,11400,KBS
2025-06-27 07:00:00,10650.0,10800.0,10500.0,10800.0,15000,KBS
2025-06-30 07:00:00,10600.0,10900.0,10550.0,10700.0,6500,KBS
2025-07-01 07:00:00,10800.0,10800.0,10800.0,10800.0,800,KBS
2025-07-02 07:00:00,10700.0,10700.0,10650.0,10700.0,5200,KBS
2025-07-03 07:00:00,10600.0,10800.0,10500.0,10700.0,45800,KBS
2025-07-04 07:00:00,10700.0,10850.0,10650.0,10850.0,2900,KBS
2025-07-07 07:00:00,10850.0,10850.0,10650.0,10850.0,10000,KBS
2025-07-08 07:00:00,10850.0,11600.0,10850.0,11600.0,51400,KBS
2025-07-09 07:00:00,12150.0,12200.0,11600.0,11850.0,52300,KBS
2025-07-10 07:00:00,11850.0,12400.0,11500.0,11600.0,54800,KBS
2025-07-11 07:00:00,11500.0,11750.0,11500.0,11750.0,27000,KBS
2025-07-14 07:00:00,11750.0,11750.0,10950.0,11700.0,28700,KBS
2025-07-15 07:00:00,11700.0,11700.0,11400.0,11600.0,38400,KBS
2025-07-16 07:00:00,11600.0,11700.0,11400.0,11600.0,25800,KBS
2025-07-17 07:00:00,11700.0,11850.0,11600.0,11600.0,20200,KBS
2025-07-18 07:00:00,11900.0,11900.0,11700.0,11850.0,21800,KBS
2025-07-21 07:00:00,11850.0,12650.0,11850.0,12650.0,132100,KBS
2025-07-22 07:00:00,13000.0,13500.0,12850.0,13000.0,113900,KBS
2025-07-23 07:00:00,13000.0,13200.0,12800.0,12900.0,25700,KBS
2025-07-24 07:00:00,12750.0,13000.0,12550.0,12700.0,62900,KBS
2025-07-25 07:00:00,12600.0,12700.0,12400.0,12450.0,31200,KBS
2025-07-28 07:00:00,12550.0,12550.0,12300.0,12500.0,97300,KBS
2025-07-29 07:00:00,12950.0,12950.0,12200.0,12200.0,64900,KBS
2025-07-30 07:00:00,12200.0,12500.0,12000.0,12500.0,23200,KBS
2025-07-31 07:00:00,12350.0,12500.0,12200.0,12400.0,52300,KBS
2025-08-01 07:00:00,12400.0,12900.0,12000.0,12000.0,53500,KBS
2025-08-04 07:00:00,12000.0,12250.0,12000.0,12200.0,14100,KBS
2025-08-05 07:00:00,12300.0,12350.0,12200.0,12300.0,43600,KBS
2025-08-06 07:00:00,12250.0,12250.0,12050.0,12100.0,9300,KBS
2025-08-07 07:00:00,12050.0,12100.0,11950.0,12100.0,29200,KBS
2025-08-08 07:00:00,12350.0,12350.0,11950.0,12000.0,40600,KBS
2025-08-11 07:00:00,11950.0,12200.0,11950.0,12150.0,17700,KBS
2025-08-12 07:00:00,12150.0,12200.0,12000.0,12200.0,46900,KBS
2025-08-13 07:00:00,11950.0,12200.0,11950.0,12100.0,10900,KBS
2025-08-14 07:00:00,12100.0,12400.0,12050.0,12400.0,43300,KBS
2025-08-15 07:00:00,12400.0,12450.0,12050.0,12200.0,21600,KBS
2025-08-18 07:00:00,12200.0,12200.0,11950.0,12000.0,19200,KBS
2025-08-19 07:00:00,12500.0,12500.0,12000.0,12100.0,33100,KBS
2025-08-20 07:00:00,12100.0,12100.0,11650.0,12000.0,19800,KBS
2025-08-21 07:00:00,12000.0,12000.0,11650.0,11650.0,16500,KBS
2025-08-22 07:00:00,11700.0,11800.0,11500.0,11700.0,18700,KBS
2025-08-25 07:00:00,11750.0,11750.0,11550.0,11550.0,4200,KBS
2025-08-26 07:00:00,11500.0,11900.0,11500.0,11900.0,6100,KBS
2025-08-27 07:00:00,11800.0,11850.0,11600.0,11850.0,1800,KBS
2025-08-28 07:00:00,11550.0,11800.0,11500.0,11800.0,11500,KBS
2025-08-29 07:00:00,11750.0,11750.0,11500.0,11750.0,17000,KBS
2025-09-03 07:00:00,11750.0,11850.0,11400.0,11450.0,18200,KBS
2025-09-04 07:00:00,11550.0,11650.0,11450.0,11500.0,5700,KBS
2025-09-05 07:00:00,11600.0,12000.0,11500.0,11700.0,12500,KBS
2025-09-08 07:00:00,11700.0,11700.0,11550.0,11600.0,7200,KBS
2025-09-09 07:00:00,11600.0,11900.0,11400.0,11900.0,2400,KBS
2025-09-10 07:00:00,12000.0,12000.0,11450.0,11600.0,3500,KBS
2025-09-11 07:00:00,11450.0,11850.0,11450.0,11450.0,7500,KBS
2025-09-12 07:00:00,11450.0,11700.0,11400.0,11650.0,25200,KBS
2025-09-15 07:00:00,12000.0,12200.0,11700.0,12050.0,44400,KBS
2025-09-16 07:00:00,12050.0,12050.0,11800.0,11900.0,3700,KBS
2025-09-17 07:00:00,11850.0,11900.0,11600.0,11850.0,16200,KBS
2025-09-18 07:00:00,11850.0,11850.0,11550.0,11800.0,4800,KBS
2025-09-19 07:00:00,11950.0,12000.0,11600.0,11900.0,10000,KBS
2025-09-22 07:00:00,11950.0,11950.0,11400.0,11700.0,11500,KBS
2025-09-23 07:00:00,11450.0,11700.0,11450.0,11700.0,10900,KBS
2025-09-24 07:00:00,11550.0,11850.0,11500.0,11850.0,2400,KBS
2025-09-25 07:00:00,11350.0,11750.0,11350.0,11750.0,7700,KBS
2025-09-26 07:00:00,11750.0,11750.0,11750.0,11750.0,1000,KBS
2025-09-29 07:00:00,11700.0,11700.0,11350.0,11450.0,7900,KBS
2025-09-30 07:00:00,11400.0,11450.0,11250.0,11450.0,5500,KBS
2025-10-01 07:00:00,11350.0,11350.0,11350.0,11350.0,2400,KBS
2025-10-02 07:00:00,11000.0,11450.0,11000.0,11250.0,4000,KBS
2025-10-03 07:00:00,11250.0,11250.0,11250.0,11250.0,100,KBS
2025-10-06 07:00:00,11300.0,11500.0,10500.0,11450.0,7300,KBS
2025-10-07 07:00:00,11000.0,11400.0,11000.0,11400.0,10000,KBS
2025-10-08 07:00:00,10800.0,11250.0,10800.0,11000.0,2600,KBS
2025-10-09 07:00:00,11150.0,11500.0,11150.0,11500.0,1500,KBS
2025-10-10 07:00:00,11350.0,11450.0,11000.0,11450.0,22900,KBS
2025-10-13 07:00:00,11050.0,11400.0,10650.0,11400.0,5000,KBS
2025-10-14 07:00:00,11400.0,11400.0,11000.0,11400.0,10600,KBS
2025-10-15 07:00:00,11200.0,11350.0,11000.0,11050.0,14400,KBS
2025-10-16 07:00:00,10900.0,11250.0,10800.0,11250.0,1900,KBS
2025-10-17 07:00:00,11250.0,11250.0,11000.0,11150.0,10200,KBS
2025-10-20 07:00:00,11000.0,11100.0,10700.0,10700.0,9400,KBS
2025-10-21 07:00:00,10500.0,10700.0,10400.0,10700.0,4100,KBS
2025-10-22 07:00:00,10450.0,10500.0,10450.0,10450.0,900,KBS
2025-10-23 07:00:00,10450.0,10650.0,10450.0,10650.0,3000,KBS
2025-10-24 07:00:00,10450.0,10900.0,10450.0,10900.0,2000,KBS
2025-10-27 07:00:00,10550.0,10700.0,10500.0,10700.0,3200,KBS
2025-10-28 07:00:00,10850.0,10850.0,10300.0,10350.0,7000,KBS
2025-10-29 07:00:00,11000.0,11000.0,10500.0,10800.0,5100,KBS
2025-10-30 07:00:00,10800.0,11100.0,10550.0,10800.0,11900,KBS
2025-10-31 07:00:00,10700.0,10700.0,10650.0,10650.0,600,KBS
2025-11-03 07:00:00,10500.0,10500.0,10400.0,10400.0,3100,KBS
2025-11-04 07:00:00,10150.0,10350.0,10150.0,10350.0,200,KBS
2025-11-05 07:00:00,10500.0,11050.0,10500.0,11000.0,16300,KBS
2025-11-06 07:00:00,11400.0,11400.0,11000.0,11200.0,5200,KBS
2025-11-07 07:00:00,11000.0,11000.0,10450.0,10650.0,5900,KBS
2025-11-10 07:00:00,11300.0,11300.0,10600.0,11150.0,4400,KBS
2025-11-11 07:00:00,11150.0,11150.0,10500.0,11100.0,4100,KBS
2025-11-12 07:00:00,10700.0,11100.0,10700.0,10700.0,3700,KBS
2025-11-13 07:00:00,10750.0,10750.0,10700.0,10700.0,16000,KBS
2025-11-14 07:00:00,11000.0,11000.0,10850.0,10850.0,300,KBS
2025-11-17 07:00:00,10800.0,10900.0,10600.0,10900.0,13000,KBS
2025-11-18 07:00:00,10550.0,10900.0,10500.0,10900.0,16500,KBS
2025-11-19 07:00:00,10900.0,10900.0,10600.0,10650.0,3800,KBS
2025-11-20 07:00:00,10900.0,10900.0,10900.0,10900.0,500,KBS
2025-11-21 07:00:00,10500.0,10650.0,10500.0,10650.0,2000,KBS
2025-11-24 07:00:00,10650.0,10700.0,10550.0,10650.0,5000,KBS
2025-11-25 07:00:00,10650.0,10900.0,10650.0,10650.0,4100,KBS
2025-11-26 07:00:00,10850.0,10850.0,10550.0,10550.0,6700,KBS
2025-11-27 07:00:00,10550.0,10550.0,10350.0,10400.0,21200,KBS
2025-11-28 07:00:00,10500.0,10500.0,10400.0,10400.0,1600,KBS
2025-12-01 07:00:00,10400.0,10450.0,10350.0,10400.0,11800,KBS
2025-12-02 07:00:00,10400.0,10750.0,10400.0,10750.0,200,KBS
2025-12-03 07:00:00,10400.0,10700.0,10400.0,10450.0,6700,KBS
2025-12-04 07:00:00,10400.0,10700.0,10350.0,10700.0,6200,KBS
2025-12-05 07:00:00,10650.0,10800.0,10400.0,10800.0,22300,KBS
2025-12-08 07:00:00,10750.0,10750.0,10500.0,10700.0,12900,KBS
2025-12-09 07:00:00,10500.0,10500.0,10400.0,10500.0,8700,KBS
2025-12-10 07:00:00,10400.0,10500.0,10350.0,10400.0,6500,KBS
2025-12-11 07:00:00,10500.0,10500.0,10200.0,10200.0,14000,KBS
2025-12-12 07:00:00,10250.0,10450.0,10150.0,10200.0,8700,KBS
2025-12-15 07:00:00,10150.0,10450.0,10100.0,10450.0,4400,KBS
2025-12-16 07:00:00,10450.0,10450.0,10150.0,10200.0,2400,KBS
2025-12-17 07:00:00,10250.0,10250.0,10200.0,10200.0,7600,KBS
2025-12-18 07:00:00,10200.0,10300.0,10200.0,10300.0,4300,KBS
2025-12-19 07:00:00,10300.0,10300.0,10300.0,10300.0,100,KBS
2025-12-22 07:00:00,10650.0,10650.0,10200.0,10300.0,3600,KBS
2025-12-23 07:00:00,10150.0,10200.0,10100.0,10200.0,1100,KBS
2025-12-24 07:00:00,10250.0,10250.0,10200.0,10200.0,3400,KBS
2025-12-25 07:00:00,10600.0,10600.0,10200.0,10200.0,6100,KBS
2025-12-26 07:00:00,10200.0,10750.0,10100.0,10200.0,7600,KBS
2025-12-29 07:00:00,10250.0,10250.0,10150.0,10200.0,3700,KBS
2025-12-30 07:00:00,10150.0,10200.0,10100.0,10100.0,6900,KBS
2025-12-31 07:00:00,10500.0,10550.0,10050.0,10450.0,14300,KBS
2026-01-05 07:00:00,10100.0,10450.0,10050.0,10400.0,3900,KBS
2026-01-06 07:00:00,10100.0,10300.0,10000.0,10100.0,4700,KBS
2026-01-07 07:00:00,10100.0,10150.0,10100.0,10150.0,14200,KBS
2026-01-08 07:00:00,10250.0,10250.0,10000.0,10100.0,5400,KBS
2026-01-09 07:00:00,10150.0,10150.0,10100.0,10100.0,6800,KBS
2026-01-12 07:00:00,9650.0,10100.0,9650.0,9900.0,7600,KBS
2026-01-13 07:00:00,10000.0,10100.0,9930.0,10100.0,15900,KBS
2026-01-14 07:00:00,9930.0,10300.0,9930.0,10250.0,1500,KBS
2026-01-15 07:00:00,10250.0,10250.0,10250.0,10250.0,1000,KBS
2026-01-16 07:00:00,10200.0,10250.0,10050.0,10250.0,4700,KBS
2026-01-19 07:00:00,10100.0,10150.0,9600.0,10150.0,17600,KBS
2026-01-20 07:00:00,10050.0,10100.0,9900.0,10000.0,12100,KBS
2026-01-21 07:00:00,10000.0,10400.0,10000.0,10400.0,1500,KBS
2026-01-22 07:00:00,10000.0,10200.0,10000.0,10200.0,8300,KBS
2026-01-23 07:00:00,10050.0,10050.0,10000.0,10000.0,6300,KBS
2026-01-26 07:00:00,10000.0,10000.0,9800.0,9800.0,1400,KBS
2026-01-27 07:00:00,9900.0,10250.0,9800.0,10250.0,9800,KBS
2026-01-28 07:00:00,10050.0,10050.0,10000.0,10000.0,5800,KBS
2026-01-29 07:00:00,10050.0,10400.0,10050.0,10400.0,200,KBS
2026-01-30 07:00:00,10350.0,10400.0,10300.0,10300.0,2500,KBS
2026-02-02 07:00:00,9910.0,9910.0,9910.0,9910.0,100,KBS
2026-02-03 07:00:00,10000.0,10200.0,10000.0,10100.0,66900,KBS
2026-02-04 07:00:00,9880.0,10200.0,9880.0,10200.0,3700,KBS
2026-02-05 07:00:00,10000.0,10000.0,9980.0,10000.0,2100,KBS
2026-02-06 07:00:00,10000.0,10000.0,9950.0,9960.0,5500,KBS
2026-02-09 07:00:00,9300.0,10150.0,9300.0,10100.0,7300,KBS
2026-02-10 07:00:00,10150.0,10150.0,9800.0,9800.0,5700,KBS
2026-02-11 07:00:00,10100.0,10100.0,10000.0,10000.0,2600,KBS
2026-02-12 07:00:00,10000.0,10000.0,10000.0,10000.0,2500,KBS
2026-02-13 07:00:00,10000.0,10200.0,10000.0,10150.0,2500,KBS
2026-02-23 07:00:00,10200.0,10400.0,9710.0,10200.0,16800,KBS
2026-02-24 07:00:00,9870.0,10200.0,9870.0,10200.0,6700,KBS
2026-02-25 07:00:00,10200.0,10200.0,10150.0,10200.0,13500,KBS
2026-02-26 07:00:00,10150.0,10200.0,10150.0,10200.0,1100,KBS
2026-02-27 07:00:00,10200.0,10250.0,10050.0,10250.0,17600,KBS
2026-03-02 07:00:00,10200.0,10200.0,10200.0,10200.0,3300,KBS
2026-03-03 07:00:00,10200.0,10200.0,9910.0,9950.0,23700,KBS
2026-03-04 07:00:00,9930.0,9950.0,9740.0,9950.0,23100,KBS
2026-03-05 07:00:00,9990.0,9990.0,9820.0,9820.0,2000,KBS
2026-03-06 07:00:00,9860.0,10000.0,9700.0,9700.0,11300,KBS
2026-03-09 07:00:00,9710.0,9710.0,9030.0,9100.0,32000,KBS
2026-03-10 07:00:00,9100.0,9730.0,9100.0,9730.0,21200,KBS
2026-03-11 07:00:00,10100.0,10100.0,9810.0,9830.0,15300,KBS
2026-03-12 07:00:00,10300.0,10300.0,9650.0,9830.0,6800,KBS
2026-03-13 07:00:00,10000.0,10000.0,9730.0,9990.0,7700,KBS
2026-03-16 07:00:00,9710.0,10100.0,9710.0,9900.0,16200,KBS
2026-03-17 07:00:00,9900.0,9900.0,9820.0,9900.0,4000,KBS
2026-03-18 07:00:00,9900.0,9900.0,9850.0,9850.0,300,KBS
2026-03-20 07:00:00,9850.0,10000.0,9600.0,9700.0,16700,KBS
2026-03-23 07:00:00,9510.0,9510.0,9300.0,9350.0,13000,KBS
2026-03-24 07:00:00,9700.0,9700.0,9300.0,9300.0,7500,KBS
2026-03-25 07:00:00,9890.0,9890.0,9250.0,9320.0,1200,KBS
2026-03-26 07:00:00,9320.0,9600.0,9250.0,9590.0,10300,KBS
2026-03-27 07:00:00,9590.0,10000.0,9500.0,10000.0,4600,KBS
2026-03-30 07:00:00,10000.0,10000.0,9310.0,9330.0,11000,KBS
2026-03-31 07:00:00,9340.0,9400.0,9330.0,9390.0,4600,KBS
2026-04-01 07:00:00,9210.0,9390.0,8750.0,9300.0,13600,KBS
2026-04-02 07:00:00,9150.0,9250.0,9100.0,9220.0,32400,KBS
2026-04-03 07:00:00,9220.0,9300.0,9100.0,9300.0,16400,KBS
2026-04-06 07:00:00,9300.0,9400.0,8700.0,8700.0,23400,KBS
2026-04-07 07:00:00,8700.0,9200.0,8700.0,9000.0,3200,KBS
2026-04-08 07:00:00,9000.0,9310.0,8890.0,9200.0,13100,KBS
2026-04-09 07:00:00,8760.0,9270.0,8760.0,9250.0,6300,KBS
2026-04-10 07:00:00,9250.0,9250.0,8880.0,9000.0,10200,KBS
2026-04-13 07:00:00,9000.0,9220.0,9000.0,9140.0,6100,KBS
2026-04-14 07:00:00,9140.0,9140.0,9000.0,9000.0,9200,KBS
2026-04-15 07:00:00,9140.0,9150.0,8800.0,9000.0,17800,KBS
2026-04-16 07:00:00,9150.0,9150.0,9000.0,9000.0,2200,KBS
2026-04-17 07:00:00,9000.0,9120.0,8880.0,9120.0,65300,KBS
2026-04-20 07:00:00,9750.0,9750.0,9690.0,9750.0,21700,KBS
2026-04-21 07:00:00,10400.0,10400.0,10400.0,10400.0,17000,KBS
2026-04-22 07:00:00,11100.0,11100.0,10500.0,11100.0,191400,KBS
2026-04-23 07:00:00,11500.0,11850.0,11450.0,11850.0,109000,KBS
2026-04-24 07:00:00,11850.0,12650.0,11850.0,12400.0,293000,KBS
2026-04-28 07:00:00,12400.0,12800.0,11600.0,11800.0,65200,KBS
2026-04-29 07:00:00,12000.0,12200.0,11600.0,12200.0,129100,KBS
2026-05-04 07:00:00,12200.0,12250.0,11500.0,11850.0,55900,KBS
2026-05-05 07:00:00,11650.0,11850.0,11300.0,11500.0,43000,KBS
2026-05-06 07:00:00,11050.0,11600.0,11050.0,11450.0,23400,KBS
2026-05-07 07:00:00,11450.0,11550.0,11000.0,11300.0,54900,KBS
2026-05-08 07:00:00,11150.0,11300.0,11000.0,11200.0,48000,KBS
2026-05-11 07:00:00,11200.0,11250.0,11000.0,11200.0,22500,KBS
2026-05-12 07:00:00,11300.0,11300.0,11000.0,11250.0,22900,KBS
2026-05-13 07:00:00,11250.0,11450.0,11250.0,11450.0,29600,KBS
2026-05-14 07:00:00,11450.0,11450.0,11200.0,11300.0,23800,KBS
2026-05-15 07:00:00,11700.0,11700.0,11250.0,11350.0,12700,KBS
2026-05-18 07:00:00,11200.0,11400.0,11200.0,11350.0,14900,KBS
2026-05-19 07:00:00,11300.0,11300.0,11100.0,11300.0,13600,KBS
2026-05-20 07:00:00,11300.0,11300.0,10750.0,11200.0,37500,KBS
2026-05-21 07:00:00,10800.0,11750.0,10750.0,11600.0,6100,KBS
2026-05-22 07:00:00,11250.0,11300.0,10800.0,11000.0,22200,KBS
2026-05-25 07:00:00,11250.0,11250.0,10700.0,11050.0,14200,KBS
2026-05-26 07:00:00,11100.0,11100.0,10550.0,10900.0,22700,KBS
2026-05-27 07:00:00,10900.0,10900.0,10600.0,10600.0,9800,KBS
2026-05-28 07:00:00,11000.0,11000.0,10150.0,10150.0,45100,KBS
2026-05-29 07:00:00,10150.0,10700.0,10150.0,10500.0,14800,KBS
2026-06-01 07:00:00,10900.0,11000.0,10500.0,10500.0,10000,KBS
2026-06-02 07:00:00,10800.0,10800.0,9770.0,9810.0,107000,KBS
2026-06-03 07:00:00,10450.0,10450.0,9740.0,10100.0,45500,KBS
2026-06-04 07:00:00,9860.0,10000.0,9400.0,9550.0,116500,KBS
2026-06-05 07:00:00,9520.0,9520.0,9500.0,9500.0,1900,KBS
