ticker,action,confidence,mfpm_score,mode_w_score,sms_raw,sms_label,signal_mode,close,entry,sl,tp1,rr,amf_decision,best_pattern,hmm_state,stealth_accum
TN1,WATCH,LOW,75,54,39,RETAIL_DRIVEN,MODE_A,16.5,0.0,0.0,0.0,0.0,PASS,VCP,TRANSITIONAL,False
CLC,WATCH,LOW,65,40,40,RETAIL_DRIVEN,MODE_A,57.3,100.0,100.0,100.0,0.0,PASS,NONE,TRANSITIONAL,False
CRE,WATCH,LOW,65,66,51,MIXED,MODE_B,7.97,0.0,0.0,0.0,0.0,PASS,VCP,TRANSITIONAL,False
SAF,WATCH,LOW,65,47,32,RETAIL_DRIVEN,MODE_A,54.0,54.0,100.0,100.0,1.0,PASS,VCP,TRANSITIONAL,False
SVI,WATCH,LOW,65,50,50,RETAIL_DRIVEN,MODE_A,37.2,0.0,0.0,0.0,0.0,PASS,NONE,TRANSITIONAL,False
AAV,WATCH,LOW,60,50,50,RETAIL_DRIVEN,MODE_B,8.4,0.0,0.0,0.0,0.0,PASS,NONE,TRANSITIONAL,False
GLT,WATCH,LOW,60,39,39,MIXED,MODE_A,29.9,0.0,0.0,0.0,0.0,PASS,NONE,TRANSITIONAL,False
HJS,WATCH,LOW,60,26,26,WHALE_DISTRIBUTING,MODE_A,27.5,27.5,0.0,0.0,1.0,PASS,NONE,TRANSITIONAL,False
SAV,WATCH,LOW,60,28,28,WHALE_DISTRIBUTING,MODE_A,13.5,0.0,0.0,0.0,0.0,PASS,NONE,TRANSITIONAL,False
DAT,WATCH,LOW,58,32,24,WHALE_DISTRIBUTING,MODE_A,8.38,8.38,0.0,0.0,1.0,PASS,RSI_DIV_BULLISH,TRANSITIONAL,False
EIB,WATCH,LOW,58,54,46,RETAIL_DRIVEN,MODE_B,23.6,0.0,0.0,0.0,0.0,PASS,RSI_DIV_BULLISH,TRANSITIONAL,False
HTN,WATCH,LOW,58,58,50,RETAIL_DRIVEN,MODE_B,7.4,0.0,0.0,0.0,0.0,PASS,RSI_DIV_BULLISH,STEADY_BEAR,False
PET,WATCH,LOW,58,50,35,RETAIL_DRIVEN,MODE_B,50.7,0.0,0.0,0.0,0.0,PASS,VCP,TRANSITIONAL,False
HID,WATCH,LOW,55,50,50,RETAIL_DRIVEN,MODE_B,5.72,0.0,0.0,0.0,0.0,WARN,NONE,TRANSITIONAL,False
MBB,WATCH,LOW,55,61,46,RETAIL_DRIVEN,MODE_A,26.45,0.0,0.0,0.0,0.0,PASS,CUP_WITH_HANDLE,TRANSITIONAL,False
UIC,WATCH,LOW,55,44,44,RETAIL_DRIVEN,MODE_A,61.5,100.0,100.0,100.0,0.0,PASS,NONE,TRANSITIONAL,False
VC9,WATCH,LOW,55,52,52,MIXED,MODE_B,5.3,0.0,0.0,0.0,0.0,WARN,NONE,TRANSITIONAL,False
BBC,WATCH,LOW,53,57,49,RETAIL_DRIVEN,MODE_B,97.0,100.0,100.0,100.0,0.0,WARN,RSI_DIV_BULLISH,TRANSITIONAL,False
DXS,WATCH,LOW,53,59,51,MIXED,MODE_B,7.43,0.0,0.0,0.0,0.0,PASS,RSI_DIV_BULLISH,TRANSITIONAL,False
AAM,WATCH,LOW,50,27,27,WHALE_DISTRIBUTING,MODE_A,6.2,6.2,0.0,0.0,1.0,PASS,NONE,TRANSITIONAL,False
CTB,WATCH,LOW,50,28,28,WHALE_DISTRIBUTING,MODE_A,16.2,16.2,0.0,0.0,1.0,PASS,NONE,STEADY_BEAR,False
D2D,WATCH,LOW,50,47,47,RETAIL_DRIVEN,MODE_A,37.05,37.05,0.0,0.0,1.0,PASS,NONE,TRANSITIONAL,False
DNP,WATCH,LOW,50,51,51,MIXED,MODE_A,21.0,0.0,0.0,0.0,0.0,WARN,NONE,TRANSITIONAL,False
HLC,WATCH,LOW,50,24,24,WHALE_DISTRIBUTING,MODE_A,13.2,13.2,0.0,0.0,1.0,PASS,NONE,TRANSITIONAL,False
HU1,WATCH,LOW,50,46,31,RETAIL_DRIVEN,MODE_A,6.28,6.28,0.0,0.0,1.0,PASS,VCP,TRANSITIONAL,False
KDH,WATCH,LOW,50,51,36,RETAIL_DRIVEN,MODE_A,26.0,26.0,0.0,0.0,1.0,PASS,VCP,TRANSITIONAL,False
MDG,WATCH,LOW,50,39,39,RETAIL_DRIVEN,MODE_A,42.4,0.0,0.0,0.0,0.0,PASS,NONE,TRANSITIONAL,False
NHT,WATCH,LOW,50,51,51,MIXED,MODE_B,11.7,0.0,0.0,0.0,0.0,WARN,NONE,TRANSITIONAL,False
PCH,WATCH,LOW,50,42,42,RETAIL_DRIVEN,MODE_A,20.4,20.4,0.0,0.0,1.0,PASS,NONE,TRANSITIONAL,False
PIT,WATCH,LOW,50,49,49,RETAIL_DRIVEN,MODE_A,8.45,0.0,0.0,0.0,0.0,PASS,NONE,TRANSITIONAL,False
SAM,WATCH,LOW,50,47,47,RETAIL_DRIVEN,MODE_B,6.97,0.0,0.0,0.0,0.0,PASS,NONE,TRANSITIONAL,False
SFC,WATCH,LOW,50,47,47,RETAIL_DRIVEN,MODE_A,19.0,19.0,0.0,0.0,1.0,PASS,NONE,TRANSITIONAL,False
SGR,WATCH,LOW,50,35,35,RETAIL_DRIVEN,MODE_A,15.7,0.0,0.0,0.0,0.0,PASS,NONE,TRANSITIONAL,False
SJD,WATCH,LOW,50,29,29,WHALE_DISTRIBUTING,MODE_A,14.05,14.05,0.0,0.0,1.0,PASS,NONE,TRANSITIONAL,False
TCH,WATCH,LOW,50,50,50,RETAIL_DRIVEN,MODE_B,17.4,0.0,0.0,0.0,0.0,PASS,NONE,TRANSITIONAL,False
TDW,WATCH,LOW,50,50,50,RETAIL_DRIVEN,MODE_B,47.6,0.0,0.0,0.0,0.0,PASS,NONE,TRANSITIONAL,False
VAF,WATCH,LOW,50,16,16,WHALE_DISTRIBUTING,MODE_A,20.1,20.1,0.0,0.0,1.0,PASS,NONE,TRANSITIONAL,False
VC2,WATCH,LOW,50,44,29,WHALE_DISTRIBUTING,MODE_A,4.8,4.8,0.0,0.0,1.0,PASS,VCP,TRANSITIONAL,False
VE1,WATCH,LOW,50,50,50,RETAIL_DRIVEN,MODE_A,3.5,0.0,0.0,0.0,0.0,PASS,NONE,TRANSITIONAL,False
VID,WATCH,LOW,50,27,27,WHALE_DISTRIBUTING,MODE_A,4.95,0.0,0.0,0.0,0.0,PASS,NONE,TRANSITIONAL,False
VRC,WATCH,LOW,50,52,52,MIXED,MODE_B,14.0,0.0,0.0,0.0,0.0,WARN,NONE,TRANSITIONAL,False
