Mã,Sàn,Action,Conf,MFPM,Macro,MacroScore,BCTC Risk,Days→BCTC,FundScore,W-Score,SMS,SMS Label,Mode,Giá,Vào lệnh,Cắt lỗ,SL%,TP1,TP2,R:R,RSI14,ATR14,SMA20,Vol,AvgVol20d,M-CVD5d,M-CVD Trend,Stealth,Dist Warn,AMD,HMM,AMF,Pattern,Sector Flow,PT Net 5d,PT Ratio 5d,Sizing%,Sizing Qty,Sector,Trend Warning,Dự báo,FC Conf%,T+ Verdict,A×T+ Ý nghĩa,T+ Exit,T+ Conf%
VJC,HOSE,WATCH,LOW,62,NEUTRAL,0.0,SAFE,,,47,35,RETAIL_DRIVEN,MODE_A,171.9,170.0,160.0,-5.88,190.0,200.0,2.0,52.7,4.0,174.0,998700,1263180,0.0,FLAT,False,WATCH,MARKUP,TRANSITIONAL,PASS,WYCKOFF_SPRING,OUTFLOW,0.0,0.0,0.0,0,,UPTREND_STRENGTHENING,TĂNG,84.0,CHO_XAC_NHAN,Co manh moi quan sat nhung chua du xac suat de vao lenh; uu tien cho them xac nhan.,"Chua vao ngay. Khi co xac nhan, tham chieu ke hoach: SL 170.0 | T+2.5 180.0 | T+5 180.0",90.0
DXV,HOSE,WATCH,LOW,58,NEUTRAL,0.0,SAFE,,,65,47,RETAIL_DRIVEN,MODE_A,3880.0,3880.0,3630.0,-6.44,4550.0,5210.0,2.68,46.2,166.0,3880.0,900,3045,7650.0,UP,False,NONE,MARKUP,TRANSITIONAL,PASS,VCP,NEUTRAL,0.0,0.0,0.0,0,,UPTREND_STRENGTHENING,TRUNG LẬP,28.0,CHO_XAC_NHAN,Co manh moi quan sat nhung chua du xac suat de vao lenh; uu tien cho them xac nhan.,"Chua vao ngay. Khi co xac nhan, tham chieu ke hoach: SL 3,710.0 | T+2.5 4,150.0 | T+5 4,350.0",75.0
MSB,HOSE,WATCH,LOW,55,NEUTRAL,0.0,SAFE,,,50,50,MIXED,MODE_B,15300.0,15300.0,14650.0,-4.25,16950.0,18600.0,2.54,90.9,411.0,13942.0,31819800,19014275,0.0,FLAT,False,CAUTION,MARKUP,TRANSITIONAL,WARN,NONE,OUTFLOW,0.0,0.0,0.0,0,,UPTREND_STRENGTHENING,TĂNG,67.0,CHO_XAC_NHAN,Co manh moi quan sat nhung chua du xac suat de vao lenh; uu tien cho them xac nhan.,"Chua vao ngay. Khi co xac nhan, tham chieu ke hoach: SL 14,950.0 | T+2.5 15,900.0 | T+5 16,350.0",95.0
PET,HOSE,WATCH,LOW,55,NEUTRAL,0.0,SAFE,,,41,41,RETAIL_DRIVEN,MODE_A,49150.0,49150.0,46150.0,-6.1,57100.0,65100.0,2.65,56.1,1993.0,47975.0,758900,1305895,967650.0,FLAT,False,NONE,MARKUP,TRANSITIONAL,PASS,NONE,NEUTRAL,0.0,0.0,0.0,0,,UPTREND_STRENGTHENING,TĂNG,64.0,CHO_XAC_NHAN,Co manh moi quan sat nhung chua du xac suat de vao lenh; uu tien cho them xac nhan.,"Chua vao ngay. Khi co xac nhan, tham chieu ke hoach: SL 47,350.0 | T+2.5 52,700.0 | T+5 55,100.0",80.0
PPT,HNX,WATCH,LOW,55,NEUTRAL,0.0,SAFE,,,48,48,RETAIL_DRIVEN,MODE_A,15600.0,15600.0,15100.0,-3.21,16650.0,17650.0,2.1,55.6,257.0,15435.0,180500,195990,0.0,FLAT,False,NONE,ACCUMULATION,TRANSITIONAL,PASS,NONE,NEUTRAL,0.0,0.0,0.0,0,,UPTREND_STRENGTHENING,TĂNG,52.0,CHO_XAC_NHAN,Co manh moi quan sat nhung chua du xac suat de vao lenh; uu tien cho them xac nhan.,"Chua vao ngay. Khi co xac nhan, tham chieu ke hoach: SL 15,350.0 | T+2.5 16,050.0 | T+5 16,350.0",80.0
TCB,HOSE,WATCH,LOW,53,NEUTRAL,0.0,SAFE,,,52,34,RETAIL_DRIVEN,MODE_A,32750.0,32750.0,31700.0,-3.21,35450.0,38200.0,2.57,46.0,679.0,32892.0,6878700,11116760,0.0,FLAT,False,NONE,MARKUP,TRANSITIONAL,PASS,VCP,OUTFLOW,0.0,0.0,0.0,0,,RANGE_COMPRESSION,TRUNG LẬP,16.0,CHO_XAC_NHAN,Co manh moi quan sat nhung chua du xac suat de vao lenh; uu tien cho them xac nhan.,"Chua vao ngay. Khi co xac nhan, tham chieu ke hoach: SL 32,150.0 | T+2.5 33,950.0 | T+5 34,800.0",65.0
SHS,HNX,WATCH,LOW,53,NEUTRAL,0.0,SAFE,,,49,31,RETAIL_DRIVEN,MODE_A,18000.0,18000.0,17000.0,-5.56,20550.0,23100.0,2.55,54.8,636.0,17625.0,11134700,12910740,9340140.0,FLAT,False,NONE,RANGING,TRANSITIONAL,PASS,VCP,NEUTRAL,0.0,0.0,0.0,0,,RANGE_COMPRESSION,TRUNG LẬP,27.0,CHO_XAC_NHAN,Co manh moi quan sat nhung chua du xac suat de vao lenh; uu tien cho them xac nhan.,"Chua vao ngay. Khi co xac nhan, tham chieu ke hoach: SL 17,450.0 | T+2.5 19,150.0 | T+5 19,900.0",65.0
SAV,HOSE,WATCH,LOW,50,NEUTRAL,0.0,SAFE,,,33,33,RETAIL_DRIVEN,MODE_A,15350.0,15150.0,14200.0,-6.27,17650.0,20200.0,2.63,56.5,629.0,15265.0,3600,5635,0.0,FLAT,False,NONE,RANGING,TRANSITIONAL,PASS,NONE,NEUTRAL,0.0,0.0,0.0,0,,RANGE_COMPRESSION,TĂNG,95.0,CHO_XAC_NHAN,Co manh moi quan sat nhung chua du xac suat de vao lenh; uu tien cho them xac nhan.,"Chua vao ngay. Khi co xac nhan, tham chieu ke hoach: SL 14,800.0 | T+2.5 16,500.0 | T+5 17,250.0",70.0
TDM,HOSE,WATCH,LOW,50,NEUTRAL,0.0,SAFE,,,31,31,RETAIL_DRIVEN,MODE_A,57500.0,57500.0,55300.0,-3.83,63200.0,68800.0,2.59,52.8,1414.0,57150.0,600,18170,0.0,DOWN,False,NONE,MARKUP,TRANSITIONAL,PASS,NONE,NEUTRAL,0.0,0.0,0.0,0,,UPTREND_STRENGTHENING,TĂNG,66.0,CHO_XAC_NHAN,Co manh moi quan sat nhung chua du xac suat de vao lenh; uu tien cho them xac nhan.,"Chua vao ngay. Khi co xac nhan, tham chieu ke hoach: SL 56,200.0 | T+2.5 60,000.0 | T+5 61,700.0",95.0
CMS,HNX,WATCH,LOW,50,NEUTRAL,0.0,SAFE,,,43,43,RETAIL_DRIVEN,MODE_A,6900.0,6760.0,6320.0,-6.51,7930.0,9100.0,2.66,74.2,292.0,6292.0,152900,39025,45870.0,FLAT,False,NONE,ACCUMULATION,TRANSITIONAL,WARN,NONE,NEUTRAL,0.0,0.0,0.0,0,,DOWNTREND_EXHAUSTING,GIẢM,60.0,CHO_XAC_NHAN,Co manh moi quan sat nhung chua du xac suat de vao lenh; uu tien cho them xac nhan.,"Chua vao ngay. Khi co xac nhan, tham chieu ke hoach: SL 6,610.0 | T+2.5 7,480.0 | T+5 7,920.0",65.0
PCH,HNX,WATCH,LOW,50,NEUTRAL,0.0,SAFE,,,35,35,RETAIL_DRIVEN,MODE_A,22300.0,22300.0,21600.0,-3.14,23500.0,24700.0,1.71,55.6,300.0,22155.0,82800,96730,0.0,FLAT,False,NONE,MARKUP,TRANSITIONAL,PASS,NONE,NEUTRAL,0.0,0.0,0.0,0,,UPTREND_STRENGTHENING,TĂNG,78.0,CHO_XAC_NHAN,Co manh moi quan sat nhung chua du xac suat de vao lenh; uu tien cho them xac nhan.,"Chua vao ngay. Khi co xac nhan, tham chieu ke hoach: SL 22,050.0 | T+2.5 22,850.0 | T+5 23,200.0",95.0
PGN,HNX,WATCH,LOW,50,NEUTRAL,0.0,SAFE,,,37,37,RETAIL_DRIVEN,MODE_A,7400.0,7330.0,6610.0,-9.82,9240.0,11150.0,2.65,52.4,479.0,7360.0,10200,22155,0.0,FLAT,False,NONE,MARKUP,TRANSITIONAL,PASS,NONE,NEUTRAL,0.0,0.0,0.0,0,,UPTREND_STRENGTHENING,TĂNG,95.0,CHO_XAC_NHAN,Co manh moi quan sat nhung chua du xac suat de vao lenh; uu tien cho them xac nhan.,"Chua vao ngay. Khi co xac nhan, tham chieu ke hoach: SL 6,970.0 | T+2.5 8,260.0 | T+5 8,840.0",70.0
SGC,HNX,WATCH,LOW,50,NEUTRAL,0.0,SAFE,,,57,47,RETAIL_DRIVEN,MODE_A,109.6,110.0,-161070.0,-146527.27,429900.0,859700.0,2.67,53.4,107449.0,108.0,2300,2280,0.0,FLAT,False,NONE,MARKUP,TRANSITIONAL,WARN,CUP_WITH_HANDLE,NEUTRAL,0.0,0.0,0.0,0,,UPTREND_STRENGTHENING,TĂNG,38.0,CHO_XAC_NHAN,Co manh moi quan sat nhung chua du xac suat de vao lenh; uu tien cho them xac nhan.,"Chua vao ngay. Khi co xac nhan, tham chieu ke hoach: SL 102.8 | T+2.5 193,500.0 | T+5 322,500.0",80.0
VNF,HNX,NO_ACTION,—,58,NEUTRAL,0.0,SAFE,,,37,29,WHALE_DISTRIBUTING,MODE_A,14800.0,14800.0,14200.0,-4.05,16300.0,17750.0,2.5,52.2,371.0,14875.0,6200,3125,3000.0,FLAT,False,NONE,RANGING,TRANSITIONAL,PASS,RSI_DIV_BULLISH,NEUTRAL,0.0,0.0,0.0,0,,DOWNTREND_STRENGTHENING,TĂNG,88.0,CHO_XAC_NHAN,"Nen dung ngoai. T+ cho thay can them xac nhan, trong khi Action chua ung ho mua.","Chua vao ngay. Khi co xac nhan, tham chieu ke hoach: SL 14,450.0 | T+2.5 15,450.0 | T+5 15,900.0",75.0
CLL,HOSE,NO_ACTION,—,53,NEUTRAL,0.0,SAFE,,,48,30,WHALE_DISTRIBUTING,MODE_A,30000.0,30000.0,29100.0,-3.0,31150.0,32300.0,1.28,54.2,286.0,29980.0,5300,5375,-3780.0,DOWN,False,NONE,RANGING,TRANSITIONAL,PASS,VCP,NEUTRAL,0.0,0.0,0.0,0,,UPTREND_STRENGTHENING,TRUNG LẬP,24.0,CHO_XAC_NHAN,"Nen dung ngoai. T+ cho thay can them xac nhan, trong khi Action chua ung ho mua.","Chua vao ngay. Khi co xac nhan, tham chieu ke hoach: SL 29,700.0 | T+2.5 30,450.0 | T+5 30,800.0",80.0
DMC,HOSE,NO_ACTION,—,50,NEUTRAL,0.0,SAFE,,,29,29,WHALE_DISTRIBUTING,MODE_A,59000.0,58700.0,56600.0,-3.58,64200.0,69700.0,2.62,51.6,1371.0,58355.0,100,620,0.0,FLAT,False,NONE,RANGING,STEADY_BEAR,PASS,NONE,NEUTRAL,0.0,0.0,0.0,0,,DOWNTREND_STRENGTHENING,GIẢM,57.0,CHO_XAC_NHAN,"Nen dung ngoai. T+ cho thay can them xac nhan, trong khi Action chua ung ho mua.","Chua vao ngay. Khi co xac nhan, tham chieu ke hoach: SL 57,600.0 | T+2.5 61,200.0 | T+5 62,800.0",75.0
L40,HNX,NO_ACTION,—,50,NEUTRAL,0.0,SAFE,,,30,30,WHALE_DISTRIBUTING,MODE_A,69700.0,69700.0,65400.0,-6.17,80900.0,92200.0,2.6,55.2,2807.0,70445.0,133600,151325,0.0,DOWN,False,WATCH,MARKUP,TRANSITIONAL,PASS,NONE,NEUTRAL,0.0,0.0,0.0,0,,DOWNTREND_STRENGTHENING,TĂNG,48.0,CHO_XAC_NHAN,"Nen dung ngoai. T+ cho thay can them xac nhan, trong khi Action chua ung ho mua.","Chua vao ngay. Khi co xac nhan, tham chieu ke hoach: SL 67,200.0 | T+2.5 74,800.0 | T+5 78,100.0",65.0
MBG,HNX,NO_ACTION,—,50,NEUTRAL,0.0,SAFE,,,29,29,WHALE_DISTRIBUTING,MODE_A,2800.0,2780.0,2590.0,-6.83,3270.0,3750.0,2.58,57.1,121.0,2780.0,273200,183935,0.0,FLAT,False,NONE,RANGING,STEADY_BEAR,PASS,NONE,NEUTRAL,0.0,0.0,0.0,0,,DOWNTREND_STRENGTHENING,GIẢM,78.0,CHO_XAC_NHAN,"Nen dung ngoai. T+ cho thay can them xac nhan, trong khi Action chua ung ho mua.","Chua vao ngay. Khi co xac nhan, tham chieu ke hoach: SL 2,680.0 | T+2.5 2,990.0 | T+5 3,140.0",70.0
OCB,HOSE,NO_ACTION,—,48,NEUTRAL,0.0,SAFE,,,56,48,RETAIL_DRIVEN,MODE_A,11550.0,11550.0,11150.0,-3.46,12500.0,13450.0,2.38,50.0,239.0,11310.0,2716000,2455375,3573630.0,UP,False,NONE,MARKUP,TRANSITIONAL,PASS,RSI_DIV_BULLISH,OUTFLOW,0.0,0.0,0.0,0,,RANGE_COMPRESSION,TRUNG LẬP,17.0,CHO_XAC_NHAN,"Nen dung ngoai. T+ cho thay can them xac nhan, trong khi Action chua ung ho mua.","Chua vao ngay. Khi co xac nhan, tham chieu ke hoach: SL 11,350.0 | T+2.5 12,000.0 | T+5 12,250.0",65.0
TPB,HOSE,NO_ACTION,—,45,NEUTRAL,0.0,SAFE,,,42,42,RETAIL_DRIVEN,MODE_A,15900.0,15900.0,15400.0,-3.14,17150.0,18400.0,2.5,53.2,311.0,15825.0,10467100,9431560,6621180.0,UP,False,NONE,RANGING,STEADY_BEAR,PASS,NONE,OUTFLOW,0.0,0.0,0.0,0,,UPTREND_STRENGTHENING,TĂNG,88.0,CHO_XAC_NHAN,"Nen dung ngoai. T+ cho thay can them xac nhan, trong khi Action chua ung ho mua.","Chua vao ngay. Khi co xac nhan, tham chieu ke hoach: SL 15,600.0 | T+2.5 16,400.0 | T+5 16,750.0",75.0
TRA,HOSE,NO_ACTION,—,45,NEUTRAL,0.0,SAFE,,,26,26,WHALE_DISTRIBUTING,MODE_A,80000.0,80000.0,77600.0,-3.0,86300.0,92500.0,2.62,50.0,1564.0,79575.0,13000,7885,0.0,FLAT,False,WATCH,RANGING,STEADY_BULL,PASS,NONE,NEUTRAL,0.0,0.0,0.0,0,,UPTREND_STRENGTHENING,TĂNG,43.0,CHO_XAC_NHAN,"Nen dung ngoai. T+ cho thay can them xac nhan, trong khi Action chua ung ho mua.","Chua vao ngay. Khi co xac nhan, tham chieu ke hoach: SL 78,600.0 | T+2.5 82,800.0 | T+5 84,700.0",85.0
NTP,HNX,NO_ACTION,—,45,NEUTRAL,0.0,SAFE,,,48,38,RETAIL_DRIVEN,MODE_A,60100.0,60100.0,58200.0,-3.16,65100.0,70100.0,2.63,50.2,1245.0,59638.0,56500,108090,0.0,FLAT,False,NONE,ACCUMULATION,TRANSITIONAL,PASS,CUP_WITH_HANDLE,NEUTRAL,0.0,0.0,0.0,0,,RANGE_COMPRESSION,TĂNG,78.0,CHO_XAC_NHAN,"Nen dung ngoai. T+ cho thay can them xac nhan, trong khi Action chua ung ho mua.","Chua vao ngay. Khi co xac nhan, tham chieu ke hoach: SL 59,000.0 | T+2.5 62,300.0 | T+5 63,800.0",85.0
VTH,HNX,NO_ACTION,—,45,NEUTRAL,0.0,SAFE,,,37,37,RETAIL_DRIVEN,MODE_A,8500.0,8420.0,7920.0,-5.94,9730.0,11050.0,2.62,45.5,329.0,8510.0,2500,1165,1230.0,UP,False,NONE,RANGING,TRANSITIONAL,PASS,NONE,NEUTRAL,0.0,0.0,0.0,0,,UPTREND_STRENGTHENING,TĂNG,88.0,CHO_XAC_NHAN,"Nen dung ngoai. T+ cho thay can them xac nhan, trong khi Action chua ung ho mua.","Chua vao ngay. Khi co xac nhan, tham chieu ke hoach: SL 8,170.0 | T+2.5 9,030.0 | T+5 9,420.0",70.0
DVP,HOSE,NO_ACTION,—,43,NEUTRAL,0.0,SAFE,,,57,39,RETAIL_DRIVEN,MODE_A,75900.0,75900.0,73600.0,-3.03,78000.0,80000.0,0.91,61.3,514.0,75445.0,10900,13195,0.0,FLAT,False,NONE,MARKUP,STEADY_BULL,PASS,VCP,NEUTRAL,0.0,0.0,0.0,0,,UPTREND_STRENGTHENING,TĂNG,49.0,CHO_XAC_NHAN,"Nen dung ngoai. T+ cho thay can them xac nhan, trong khi Action chua ung ho mua.","Chua vao ngay. Khi co xac nhan, tham chieu ke hoach: SL 75,400.0 | T+2.5 76,700.0 | T+5 77,200.0",95.0
TYA,HOSE,NO_ACTION,—,43,NEUTRAL,0.0,SAFE,,,10,32,WHALE_DISTRIBUTING,MODE_A,18700.0,18500.0,17900.0,-3.24,19300.0,20150.0,1.33,60.0,204.0,18375.0,21500,7455,-6450.0,DOWN,False,CAUTION,ACCUMULATION,TRANSITIONAL,PASS,RSI_DIV_BULLISH,NEUTRAL,0.0,0.0,4.32,700,,UPTREND_STRENGTHENING,TĂNG,70.0,MUA_NGAY,Timing ngan han co the tam on nhung tong diem chua dat; dung ngoai hoac chi quan sat them.,"Vung vao 18,700.0-18,750.0. Mua duoc neu gia nam trong vung cho phep. SL 18,500.0 | T+2.5 19,100.0 | T+5 19,400.0",95.0
CKV,HNX,NO_ACTION,—,43,NEUTRAL,0.0,SAFE,,,64,46,RETAIL_DRIVEN,MODE_A,17000.0,17000.0,15950.0,-6.18,19700.0,22350.0,2.57,54.5,671.0,16235.0,100,1610,0.0,FLAT,False,WATCH,MARKUP,TRANSITIONAL,WARN,VCP,NEUTRAL,0.0,0.0,0.0,0,,UPTREND_STRENGTHENING,TĂNG,62.0,CHO_XAC_NHAN,"Nen dung ngoai. T+ cho thay can them xac nhan, trong khi Action chua ung ho mua.","Chua vao ngay. Khi co xac nhan, tham chieu ke hoach: SL 16,400.0 | T+2.5 18,200.0 | T+5 19,000.0",65.0
DHM,HOSE,NO_ACTION,—,40,NEUTRAL,0.0,SAFE,,,32,32,RETAIL_DRIVEN,MODE_A,6400.0,6400.0,6200.0,-3.12,6810.0,7220.0,2.05,51.6,102.0,6392.0,100,2055,0.0,FLAT,False,NONE,MARKUP,TRANSITIONAL,PASS,NONE,NEUTRAL,0.0,0.0,0.0,0,,RANGE_COMPRESSION,TĂNG,71.0,CHO_XAC_NHAN,"Nen dung ngoai. T+ cho thay can them xac nhan, trong khi Action chua ung ho mua.","Chua vao ngay. Khi co xac nhan, tham chieu ke hoach: SL 6,300.0 | T+2.5 6,560.0 | T+5 6,690.0",95.0
NSC,HOSE,NO_ACTION,—,40,NEUTRAL,0.0,SAFE,,,52,52,MIXED,MODE_A,75000.0,75000.0,72700.0,-3.07,80400.0,85700.0,2.35,47.0,1343.0,75525.0,800,1155,0.0,FLAT,False,NONE,ACCUMULATION,TRANSITIONAL,PASS,NONE,NEUTRAL,0.0,0.0,0.0,0,,RANGE_COMPRESSION,TĂNG,60.0,CHO_XAC_NHAN,"Nen dung ngoai. T+ cho thay can them xac nhan, trong khi Action chua ung ho mua.","Chua vao ngay. Khi co xac nhan, tham chieu ke hoach: SL 73,700.0 | T+2.5 77,100.0 | T+5 78,800.0",70.0
SSB,HOSE,NO_ACTION,—,40,NEUTRAL,0.0,SAFE,,,50,50,RETAIL_DRIVEN,MODE_A,14000.0,14000.0,13550.0,-3.21,15050.0,16100.0,2.33,52.7,262.0,13964.0,2358100,2063845,1180590.0,FLAT,False,NONE,ACCUMULATION,TRANSITIONAL,PASS,NONE,OUTFLOW,0.0,0.0,0.0,0,,DOWNTREND_STRENGTHENING,TRUNG LẬP,15.0,CHO_XAC_NHAN,"Nen dung ngoai. T+ cho thay can them xac nhan, trong khi Action chua ung ho mua.","Chua vao ngay. Khi co xac nhan, tham chieu ke hoach: SL 13,750.0 | T+2.5 14,450.0 | T+5 14,800.0",65.0
VPL,HOSE,NO_ACTION,—,38,NEUTRAL,0.0,SAFE,,,56,48,RETAIL_DRIVEN,MODE_A,93500.0,93500.0,87300.0,-6.63,110000.0,126500.0,2.66,64.2,4121.0,91085.0,733000,951620,0.0,FLAT,False,NONE,MARKUP,TRANSITIONAL,PASS,RSI_DIV_BULLISH,OUTFLOW,0.0,0.0,0.0,0,,UPTREND_STRENGTHENING,TĂNG,49.0,CHO_XAC_NHAN,"Nen dung ngoai. T+ cho thay can them xac nhan, trong khi Action chua ung ho mua.","Chua vao ngay. Khi co xac nhan, tham chieu ke hoach: SL 89,800.0 | T+2.5 100,900.0 | T+5 105,900.0",60.0
NHH,HOSE,NO_ACTION,—,37,NEUTRAL,0.0,SAFE,,,49,37,RETAIL_DRIVEN,MODE_A,10300.0,10300.0,9990.0,-3.01,11050.0,11850.0,2.42,44.4,193.0,10438.0,13300,27630,0.0,FLAT,False,NONE,ACCUMULATION,TRANSITIONAL,PASS,WYCKOFF_SPRING,NEUTRAL,0.0,0.0,0.0,0,,RANGE_COMPRESSION,TRUNG LẬP,26.0,CHO_XAC_NHAN,"Nen dung ngoai. T+ cho thay can them xac nhan, trong khi Action chua ung ho mua.","Chua vao ngay. Khi co xac nhan, tham chieu ke hoach: SL 10,100.0 | T+2.5 10,600.0 | T+5 10,850.0",95.0
PCT,HNX,NO_ACTION,—,37,NEUTRAL,0.0,SAFE,,,34,22,WHALE_DISTRIBUTING,MODE_A,10400.0,10400.0,9810.0,-5.67,11950.0,13550.0,2.63,42.9,393.0,10390.0,200,5620,0.0,DOWN,False,NONE,RANGING,TRANSITIONAL,WARN,WYCKOFF_SPRING,NEUTRAL,0.0,0.0,0.0,0,,BREAKOUT_EMERGING,TĂNG,62.0,CHO_XAC_NHAN,"Nen dung ngoai. T+ cho thay can them xac nhan, trong khi Action chua ung ho mua.","Chua vao ngay. Khi co xac nhan, tham chieu ke hoach: SL 10,050.0 | T+2.5 11,100.0 | T+5 11,600.0",85.0
POT,HNX,NO_ACTION,—,37,NEUTRAL,0.0,SAFE,,,39,27,WHALE_DISTRIBUTING,MODE_A,20000.0,20000.0,19400.0,-3.0,21400.0,22800.0,2.33,50.0,350.0,20340.0,700,625,0.0,FLAT,False,NONE,RANGING,TRANSITIONAL,PASS,WYCKOFF_SPRING,NEUTRAL,0.0,0.0,4.67,700,,UPTREND_STRENGTHENING,TĂNG,95.0,CHO_XAC_NHAN,"Nen dung ngoai. T+ cho thay can them xac nhan, trong khi Action chua ung ho mua.","Chua vao ngay. Khi co xac nhan, tham chieu ke hoach: SL 19,700.0 | T+2.5 20,650.0 | T+5 21,050.0",65.0
BID,HOSE,NO_ACTION,—,35,NEUTRAL,0.0,SAFE,,,26,26,WHALE_DISTRIBUTING,MODE_A,42000.0,42000.0,39750.0,-5.36,47850.0,53700.0,2.6,52.6,1468.0,42638.0,5960400,8955225,0.0,FLAT,False,WATCH,RANGING,TRANSITIONAL,PASS,NONE,OUTFLOW,0.0,0.0,0.0,0,,UPTREND_STRENGTHENING,TĂNG,57.0,CHO_XAC_NHAN,"Nen dung ngoai. T+ cho thay can them xac nhan, trong khi Action chua ung ho mua.","Chua vao ngay. Khi co xac nhan, tham chieu ke hoach: SL 40,700.0 | T+2.5 44,650.0 | T+5 46,400.0",55.0
CDC,HOSE,NO_ACTION,—,35,NEUTRAL,0.0,SAFE,,,34,34,RETAIL_DRIVEN,MODE_A,20700.0,20700.0,19050.0,-7.97,25050.0,29450.0,2.64,52.8,1093.0,20722.0,73100,223920,0.0,FLAT,False,NONE,MARKUP,TRANSITIONAL,PASS,NONE,NEUTRAL,0.0,0.0,0.0,0,,UPTREND_STRENGTHENING,TĂNG,64.0,CHO_XAC_NHAN,"Nen dung ngoai. T+ cho thay can them xac nhan, trong khi Action chua ung ho mua.","Chua vao ngay. Khi co xac nhan, tham chieu ke hoach: SL 19,700.0 | T+2.5 22,650.0 | T+5 24,000.0",95.0
DPR,HOSE,NO_ACTION,—,35,NEUTRAL,0.0,SAFE,,,27,27,WHALE_DISTRIBUTING,MODE_A,41600.0,41600.0,39600.0,-4.81,46900.0,52200.0,2.65,49.2,1325.0,42102.0,194700,662225,0.0,DOWN,False,NONE,RANGING,TRANSITIONAL,PASS,NONE,NEUTRAL,0.0,0.0,0.0,0,,UPTREND_STRENGTHENING,TĂNG,83.0,CHO_XAC_NHAN,"Nen dung ngoai. T+ cho thay can them xac nhan, trong khi Action chua ung ho mua.","Chua vao ngay. Khi co xac nhan, tham chieu ke hoach: SL 40,400.0 | T+2.5 44,000.0 | T+5 45,600.0",80.0
FTS,HOSE,NO_ACTION,—,35,NEUTRAL,0.0,SAFE,,,41,31,RETAIL_DRIVEN,MODE_A,24000.0,24000.0,23000.0,-4.17,26550.0,29050.0,2.55,56.0,634.0,23789.0,407600,607970,0.0,FLAT,False,NONE,RANGING,TRANSITIONAL,PASS,CUP_WITH_HANDLE,NEUTRAL,0.0,0.0,0.0,0,,DOWNTREND_STRENGTHENING,GIẢM,50.0,CHO_XAC_NHAN,"Nen dung ngoai. T+ cho thay can them xac nhan, trong khi Action chua ung ho mua.","Chua vao ngay. Khi co xac nhan, tham chieu ke hoach: SL 23,450.0 | T+2.5 25,150.0 | T+5 25,900.0",65.0
ICT,HOSE,NO_ACTION,—,35,NEUTRAL,0.0,SAFE,,,33,33,RETAIL_DRIVEN,MODE_A,18000.0,18000.0,17450.0,-3.06,19250.0,20500.0,2.27,50.0,314.0,17998.0,400,10190,0.0,FLAT,False,NONE,RANGING,TRANSITIONAL,PASS,NONE,NEUTRAL,0.0,0.0,0.0,0,,UPTREND_STRENGTHENING,TĂNG,64.0,CHO_XAC_NHAN,"Nen dung ngoai. T+ cho thay can them xac nhan, trong khi Action chua ung ho mua.","Chua vao ngay. Khi co xac nhan, tham chieu ke hoach: SL 17,700.0 | T+2.5 18,500.0 | T+5 18,900.0",95.0
LPB,HOSE,NO_ACTION,—,35,NEUTRAL,0.0,SAFE,,,46,36,RETAIL_DRIVEN,MODE_A,52000.0,52000.0,49350.0,-5.1,59000.0,66000.0,2.64,61.8,1746.0,51004.0,923600,1372800,0.0,FLAT,False,NONE,MARKUP,TRANSITIONAL,PASS,CUP_WITH_HANDLE,OUTFLOW,0.0,0.0,0.0,0,,UPTREND_STRENGTHENING,TĂNG,64.0,CHO_XAC_NHAN,"Nen dung ngoai. T+ cho thay can them xac nhan, trong khi Action chua ung ho mua.","Chua vao ngay. Khi co xac nhan, tham chieu ke hoach: SL 50,400.0 | T+2.5 54,600.0 | T+5 56,400.0",85.0
TCI,HOSE,NO_ACTION,—,35,NEUTRAL,0.0,SAFE,,,40,30,WHALE_DISTRIBUTING,MODE_A,11400.0,11400.0,11000.0,-3.51,12450.0,13500.0,2.62,63.6,261.0,11265.0,89600,231095,0.0,FLAT,False,NONE,RANGING,STEADY_BULL,PASS,CUP_WITH_HANDLE,NEUTRAL,0.0,0.0,0.0,0,,UPTREND_STRENGTHENING,TĂNG,69.0,CHO_XAC_NHAN,"Nen dung ngoai. T+ cho thay can them xac nhan, trong khi Action chua ung ho mua.","Chua vao ngay. Khi co xac nhan, tham chieu ke hoach: SL 11,150.0 | T+2.5 11,800.0 | T+5 12,050.0",85.0
TRC,HOSE,NO_ACTION,—,35,NEUTRAL,0.0,SAFE,,,42,32,RETAIL_DRIVEN,MODE_A,75300.0,75300.0,73000.0,-3.05,81000.0,86700.0,2.48,60.4,1429.0,75150.0,9200,22235,0.0,FLAT,False,NONE,RANGING,TRANSITIONAL,PASS,CUP_WITH_HANDLE,NEUTRAL,0.0,0.0,0.0,0,,RANGE_COMPRESSION,TRUNG LẬP,42.0,CHO_XAC_NHAN,"Nen dung ngoai. T+ cho thay can them xac nhan, trong khi Action chua ung ho mua.","Chua vao ngay. Khi co xac nhan, tham chieu ke hoach: SL 74,000.0 | T+2.5 77,900.0 | T+5 79,600.0",60.0
DL1,HNX,NO_ACTION,—,35,NEUTRAL,0.0,SAFE,,,36,36,RETAIL_DRIVEN,MODE_A,5300.0,5300.0,4900.0,-7.55,6360.0,7410.0,2.65,47.1,264.0,5280.0,258800,571325,0.0,FLAT,False,NONE,MARKUP,TRANSITIONAL,PASS,NONE,NEUTRAL,0.0,0.0,0.0,0,,RANGE_COMPRESSION,TRUNG LẬP,38.0,CHO_XAC_NHAN,"Nen dung ngoai. T+ cho thay can them xac nhan, trong khi Action chua ung ho mua.","Chua vao ngay. Khi co xac nhan, tham chieu ke hoach: SL 5,060.0 | T+2.5 5,780.0 | T+5 6,090.0",65.0
DTG,HNX,NO_ACTION,—,35,NEUTRAL,0.0,SAFE,,,30,30,WHALE_DISTRIBUTING,MODE_A,15500.0,15500.0,14750.0,-4.84,17500.0,19500.0,2.67,46.6,500.0,15645.0,100,1715,0.0,DOWN,False,NONE,ACCUMULATION,TRANSITIONAL,PASS,NONE,NEUTRAL,0.0,0.0,0.0,0,,UPTREND_STRENGTHENING,TĂNG,63.0,CHO_XAC_NHAN,"Nen dung ngoai. T+ cho thay can them xac nhan, trong khi Action chua ung ho mua.","Chua vao ngay. Khi co xac nhan, tham chieu ke hoach: SL 15,000.0 | T+2.5 16,300.0 | T+5 16,900.0",75.0
GMX,HNX,NO_ACTION,—,35,NEUTRAL,0.0,SAFE,,,41,41,RETAIL_DRIVEN,MODE_B,17500.0,17500.0,16750.0,-4.29,19450.0,21450.0,2.6,57.4,493.0,16580.0,2400,1365,0.0,FLAT,False,NONE,MARKUP,TRANSITIONAL,PASS,NONE,NEUTRAL,0.0,0.0,0.0,0,,UPTREND_STRENGTHENING,TĂNG,88.0,CHO_XAC_NHAN,"Nen dung ngoai. T+ cho thay can them xac nhan, trong khi Action chua ung ho mua.","Chua vao ngay. Khi co xac nhan, tham chieu ke hoach: SL 17,050.0 | T+2.5 18,400.0 | T+5 19,000.0",70.0
HDA,HNX,NO_ACTION,—,35,NEUTRAL,0.0,SAFE,,,33,33,RETAIL_DRIVEN,MODE_A,6800.0,6800.0,6330.0,-6.91,8030.0,9260.0,2.62,54.5,307.0,6710.0,2200,46985,0.0,UP,False,NONE,MARKUP,TRANSITIONAL,PASS,NONE,NEUTRAL,0.0,0.0,0.0,0,,UPTREND_STRENGTHENING,TĂNG,62.0,CHO_XAC_NHAN,"Nen dung ngoai. T+ cho thay can them xac nhan, trong khi Action chua ung ho mua.","Chua vao ngay. Khi co xac nhan, tham chieu ke hoach: SL 6,520.0 | T+2.5 7,350.0 | T+5 7,720.0",85.0
PMS,HNX,NO_ACTION,—,35,NEUTRAL,0.0,SAFE,,,35,35,RETAIL_DRIVEN,MODE_A,35500.0,35500.0,34350.0,-3.24,38550.0,41550.0,2.65,47.4,757.0,35355.0,1800,2385,0.0,FLAT,False,NONE,MARKUP,TRANSITIONAL,PASS,NONE,NEUTRAL,0.0,0.0,0.0,0,,RANGE_COMPRESSION,TĂNG,95.0,CHO_XAC_NHAN,"Nen dung ngoai. T+ cho thay can them xac nhan, trong khi Action chua ung ho mua.","Chua vao ngay. Khi co xac nhan, tham chieu ke hoach: SL 34,800.0 | T+2.5 36,850.0 | T+5 37,750.0",80.0
SD9,HNX,NO_ACTION,—,35,NEUTRAL,0.0,SAFE,,,39,39,RETAIL_DRIVEN,MODE_A,10900.0,10900.0,10550.0,-3.21,11200.0,11450.0,0.86,50.0,71.0,10930.0,5000,11515,0.0,UP,False,NONE,MARKUP,TRANSITIONAL,PASS,NONE,NEUTRAL,0.0,0.0,0.0,0,,RANGE_COMPRESSION,TRUNG LẬP,23.0,CHO_XAC_NHAN,"Nen dung ngoai. T+ cho thay can them xac nhan, trong khi Action chua ung ho mua.","Chua vao ngay. Khi co xac nhan, tham chieu ke hoach: SL 10,850.0 | T+2.5 11,000.0 | T+5 11,100.0",95.0
TTC,HNX,NO_ACTION,—,35,NEUTRAL,0.0,SAFE,,,33,33,RETAIL_DRIVEN,MODE_A,9000.0,8950.0,8370.0,-6.48,10500.0,12050.0,2.67,50.0,385.0,8978.0,2000,2665,0.0,FLAT,False,NONE,MARKUP,TRANSITIONAL,PASS,NONE,NEUTRAL,0.0,0.0,0.0,0,,UPTREND_STRENGTHENING,TĂNG,70.0,CHO_XAC_NHAN,"Nen dung ngoai. T+ cho thay can them xac nhan, trong khi Action chua ung ho mua.","Chua vao ngay. Khi co xac nhan, tham chieu ke hoach: SL 8,650.0 | T+2.5 9,690.0 | T+5 10,150.0",60.0
TSB,HNX,NO_ACTION,—,35,NEUTRAL,0.0,SAFE,,,53,53,MIXED,MODE_B,23800.0,23800.0,22000.0,-7.56,28550.0,33300.0,2.64,74.7,1186.0,20160.0,25600,6955,-3150.0,FLAT,False,NONE,ACCUMULATION,TRANSITIONAL,WARN,NONE,NEUTRAL,0.0,0.0,0.0,0,,BREAKOUT_EMERGING,TRUNG LẬP,16.0,CHO_XAC_NHAN,"Nen dung ngoai. T+ cho thay can them xac nhan, trong khi Action chua ung ho mua.","Chua vao ngay. Khi co xac nhan, tham chieu ke hoach: SL 22,600.0 | T+2.5 26,150.0 | T+5 27,950.0",85.0
VNC,HNX,NO_ACTION,—,35,NEUTRAL,0.0,SAFE,,,27,27,WHALE_DISTRIBUTING,MODE_A,35100.0,35100.0,34000.0,-3.13,38000.0,40850.0,2.64,47.2,721.0,35344.0,4400,2835,0.0,DOWN,False,NONE,RANGING,TRANSITIONAL,PASS,NONE,NEUTRAL,0.0,0.0,0.0,0,,BREAKOUT_EMERGING,TĂNG,76.0,CHO_XAC_NHAN,"Nen dung ngoai. T+ cho thay can them xac nhan, trong khi Action chua ung ho mua.","Chua vao ngay. Khi co xac nhan, tham chieu ke hoach: SL 34,400.0 | T+2.5 36,250.0 | T+5 37,100.0",65.0
BSI,HOSE,NO_ACTION,—,33,NEUTRAL,0.0,SAFE,,,40,32,RETAIL_DRIVEN,MODE_A,35000.0,35000.0,33800.0,-3.43,38050.0,41150.0,2.54,49.2,768.0,35090.0,135400,206300,0.0,FLAT,False,NONE,RANGING,TRANSITIONAL,PASS,RSI_DIV_BULLISH,NEUTRAL,0.0,0.0,0.0,0,,RANGE_COMPRESSION,GIẢM,78.0,CHO_XAC_NHAN,"Nen dung ngoai. T+ cho thay can them xac nhan, trong khi Action chua ung ho mua.","Chua vao ngay. Khi co xac nhan, tham chieu ke hoach: SL 34,250.0 | T+2.5 36,250.0 | T+5 37,150.0",60.0
DSE,HOSE,NO_ACTION,—,33,NEUTRAL,0.0,SAFE,,,43,35,RETAIL_DRIVEN,MODE_A,22750.0,22750.0,21950.0,-3.52,24750.0,26800.0,2.5,53.4,504.0,22535.0,243800,298345,0.0,FLAT,False,NONE,RANGING,TRANSITIONAL,PASS,RSI_DIV_BULLISH,NEUTRAL,0.0,0.0,0.0,0,,RANGE_COMPRESSION,TĂNG,88.0,CHO_XAC_NHAN,"Nen dung ngoai. T+ cho thay can them xac nhan, trong khi Action chua ung ho mua.","Chua vao ngay. Khi co xac nhan, tham chieu ke hoach: SL 22,300.0 | T+2.5 23,650.0 | T+5 24,250.0",65.0
REE,HOSE,NO_ACTION,—,33,NEUTRAL,0.0,SAFE,,,33,25,WHALE_DISTRIBUTING,MODE_A,52700.0,52700.0,51100.0,-3.04,56300.0,59900.0,2.25,45.6,905.0,53024.0,395600,601640,0.0,FLAT,False,NONE,RANGING,TRANSITIONAL,PASS,RSI_DIV_BULLISH,OUTFLOW,0.0,0.0,0.0,0,,RANGE_COMPRESSION,GIẢM,78.0,CHO_XAC_NHAN,"Nen dung ngoai. T+ cho thay can them xac nhan, trong khi Action chua ung ho mua.","Chua vao ngay. Khi co xac nhan, tham chieu ke hoach: SL 51,939.0 | T+2.5 54,100.0 | T+5 55,200.0",70.0
SHA,HOSE,NO_ACTION,—,33,NEUTRAL,0.0,SAFE,,,65,57,MIXED,MODE_A,4100.0,4030.0,3890.0,-3.47,4400.0,4770.0,2.64,59.6,93.0,3972.0,16500,9145,0.0,UP,False,NONE,MARKUP,TRANSITIONAL,PASS,RSI_DIV_BULLISH,NEUTRAL,0.0,0.0,0.0,0,,UPTREND_STRENGTHENING,TĂNG,63.0,CHO_XAC_NHAN,"Nen dung ngoai. T+ cho thay can them xac nhan, trong khi Action chua ung ho mua.","Chua vao ngay. Khi co xac nhan, tham chieu ke hoach: SL 4,010.0 | T+2.5 4,290.0 | T+5 4,420.0",95.0
SMB,HOSE,NO_ACTION,—,33,NEUTRAL,0.0,SAFE,,,42,34,RETAIL_DRIVEN,MODE_A,38400.0,38400.0,37200.0,-3.12,40450.0,42500.0,1.71,44.9,511.0,38616.0,22000,10380,-720.0,FLAT,False,NONE,RANGING,TRANSITIONAL,PASS,RSI_DIV_BULLISH,NEUTRAL,0.0,0.0,0.0,0,,UPTREND_STRENGTHENING,TĂNG,88.0,CHO_XAC_NHAN,"Nen dung ngoai. T+ cho thay can them xac nhan, trong khi Action chua ung ho mua.","Chua vao ngay. Khi co xac nhan, tham chieu ke hoach: SL 37,950.0 | T+2.5 39,300.0 | T+5 39,950.0",80.0
VPS,HOSE,NO_ACTION,—,33,NEUTRAL,0.0,SAFE,,,52,34,RETAIL_DRIVEN,MODE_A,8680.0,8680.0,8410.0,-3.11,9190.0,9710.0,1.89,38.0,129.0,8736.0,1200,3170,0.0,FLAT,False,NONE,ACCUMULATION,TRANSITIONAL,PASS,VCP,NEUTRAL,0.0,0.0,0.0,0,,RANGE_COMPRESSION,TĂNG,54.0,CHO_XAC_NHAN,"Nen dung ngoai. T+ cho thay can them xac nhan, trong khi Action chua ung ho mua.","Chua vao ngay. Khi co xac nhan, tham chieu ke hoach: SL 8,550.0 | T+2.5 8,890.0 | T+5 9,040.0",80.0
BTP,HOSE,NO_ACTION,—,30,NEUTRAL,0.0,SAFE,,,48,48,RETAIL_DRIVEN,MODE_A,8380.0,8380.0,8120.0,-3.1,8700.0,9010.0,1.23,46.4,79.0,8383.0,11300,31180,24570.0,UP,False,NONE,ACCUMULATION,TRANSITIONAL,PASS,NONE,NEUTRAL,0.0,0.0,0.0,0,,RANGE_COMPRESSION,TĂNG,54.0,CHO_XAC_NHAN,"Nen dung ngoai. T+ cho thay can them xac nhan, trong khi Action chua ung ho mua.","Chua vao ngay. Khi co xac nhan, tham chieu ke hoach: SL 8,300.0 | T+2.5 8,510.0 | T+5 8,600.0",95.0
CHP,HOSE,NO_ACTION,—,30,NEUTRAL,0.0,SAFE,,,42,42,RETAIL_DRIVEN,MODE_A,27950.0,27950.0,27100.0,-3.04,29200.0,30450.0,1.47,46.2,314.0,27942.0,12700,10740,0.0,UP,False,NONE,ACCUMULATION,TRANSITIONAL,PASS,NONE,NEUTRAL,0.0,0.0,0.0,0,,DOWNTREND_STRENGTHENING,TRUNG LẬP,28.0,CHO_XAC_NHAN,"Nen dung ngoai. T+ cho thay can them xac nhan, trong khi Action chua ung ho mua.","Chua vao ngay. Khi co xac nhan, tham chieu ke hoach: SL 27,650.0 | T+2.5 28,450.0 | T+5 28,850.0",85.0
CMV,HOSE,NO_ACTION,—,30,NEUTRAL,0.0,SAFE,,,42,42,RETAIL_DRIVEN,MODE_A,8000.0,7950.0,7450.0,-6.29,9270.0,10600.0,2.64,50.0,329.0,7958.0,100,1040,0.0,UP,False,NONE,ACCUMULATION,TRANSITIONAL,PASS,NONE,NEUTRAL,0.0,0.0,0.0,0,,BREAKOUT_EMERGING,TRUNG LẬP,30.0,CHO_XAC_NHAN,"Nen dung ngoai. T+ cho thay can them xac nhan, trong khi Action chua ung ho mua.","Chua vao ngay. Khi co xac nhan, tham chieu ke hoach: SL 7,700.0 | T+2.5 8,590.0 | T+5 8,990.0",65.0
EVE,HOSE,NO_ACTION,—,30,NEUTRAL,0.0,SAFE,,,5,25,WHALE_DISTRIBUTING,MODE_A,10400.0,10200.0,9890.0,-3.04,10800.0,11400.0,1.94,68.8,151.0,10082.0,36100,22405,-52350.0,DOWN,False,NONE,RANGING,TRANSITIONAL,PASS,CUP_WITH_HANDLE,NEUTRAL,0.0,0.0,0.0,0,,BREAKOUT_EMERGING,GIẢM,46.0,CHO_XAC_NHAN,"Nen dung ngoai. T+ cho thay can them xac nhan, trong khi Action chua ung ho mua.","Chua vao ngay. Khi co xac nhan, tham chieu ke hoach: SL 10,300.0 | T+2.5 10,700.0 | T+5 10,950.0",60.0
GSP,HOSE,NO_ACTION,—,30,NEUTRAL,0.0,SAFE,,,40,40,RETAIL_DRIVEN,MODE_A,11300.0,11300.0,10900.0,-3.54,12300.0,13250.0,2.5,54.2,246.0,11282.0,82600,93590,109500.0,UP,False,NONE,RANGING,TRANSITIONAL,PASS,NONE,NEUTRAL,0.0,0.0,0.0,0,,UPTREND_STRENGTHENING,TĂNG,78.0,CHO_XAC_NHAN,"Nen dung ngoai. T+ cho thay can them xac nhan, trong khi Action chua ung ho mua.","Chua vao ngay. Khi co xac nhan, tham chieu ke hoach: SL 11,100.0 | T+2.5 11,750.0 | T+5 12,050.0",80.0
HHP,HOSE,NO_ACTION,—,30,NEUTRAL,0.0,SAFE,,,48,48,RETAIL_DRIVEN,MODE_A,14750.0,14750.0,13950.0,-5.42,16850.0,18900.0,2.62,66.7,521.0,14350.0,606100,1461995,0.0,FLAT,False,CAUTION,MARKUP,TRANSITIONAL,PASS,NONE,NEUTRAL,0.0,0.0,0.0,0,,UPTREND_STRENGTHENING,TRUNG LẬP,66.0,CHO_XAC_NHAN,"Nen dung ngoai. T+ cho thay can them xac nhan, trong khi Action chua ung ho mua.","Chua vao ngay. Khi co xac nhan, tham chieu ke hoach: SL 14,300.0 | T+2.5 15,550.0 | T+5 16,050.0",95.0
HSG,HOSE,NO_ACTION,—,30,NEUTRAL,0.0,SAFE,,,43,43,RETAIL_DRIVEN,MODE_A,12450.0,12450.0,12000.0,-3.61,13650.0,14850.0,2.67,59.0,300.0,12368.0,3452700,3699450,2837400.0,UP,False,NONE,RANGING,TRANSITIONAL,PASS,NONE,NEUTRAL,0.0,0.0,0.0,0,,RANGE_COMPRESSION,TRUNG LẬP,27.0,CHO_XAC_NHAN,"Nen dung ngoai. T+ cho thay can them xac nhan, trong khi Action chua ung ho mua.","Chua vao ngay. Khi co xac nhan, tham chieu ke hoach: SL 12,200.0 | T+2.5 13,000.0 | T+5 13,350.0",65.0
ITD,HOSE,NO_ACTION,—,30,NEUTRAL,0.0,SAFE,,,46,46,RETAIL_DRIVEN,MODE_A,15950.0,15950.0,15400.0,-3.45,17350.0,18800.0,2.55,40.0,354.0,16070.0,3739700,205090,-1082280.0,DOWN,False,NONE,ACCUMULATION,TRANSITIONAL,WARN,NONE,NEUTRAL,0.0,0.0,0.0,0,,RANGE_COMPRESSION,TĂNG,86.0,CHO_XAC_NHAN,"Nen dung ngoai. T+ cho thay can them xac nhan, trong khi Action chua ung ho mua.","Chua vao ngay. Khi co xac nhan, tham chieu ke hoach: SL 15,600.0 | T+2.5 16,500.0 | T+5 16,950.0",95.0
SBA,HOSE,NO_ACTION,—,30,NEUTRAL,0.0,SAFE,,,37,37,RETAIL_DRIVEN,MODE_B,27700.0,27700.0,26650.0,-3.79,30400.0,33100.0,2.57,62.2,678.0,26744.0,17200,6935,5160.0,FLAT,False,NONE,RANGING,TRANSITIONAL,PASS,NONE,NEUTRAL,0.0,0.0,0.0,0,,UPTREND_STRENGTHENING,TĂNG,43.0,CHO_XAC_NHAN,"Nen dung ngoai. T+ cho thay can them xac nhan, trong khi Action chua ung ho mua.","Chua vao ngay. Khi co xac nhan, tham chieu ke hoach: SL 27,100.0 | T+2.5 28,700.0 | T+5 29,400.0",95.0
CAP,HNX,NO_ACTION,—,30,NEUTRAL,0.0,SAFE,,,49,49,RETAIL_DRIVEN,MODE_A,43500.0,43500.0,41100.0,-5.52,49900.0,56300.0,2.67,61.7,1599.0,42898.0,18000,38320,0.0,FLAT,False,WATCH,MARKUP,TRANSITIONAL,PASS,NONE,NEUTRAL,0.0,0.0,0.0,0,,UPTREND_STRENGTHENING,TĂNG,69.0,CHO_XAC_NHAN,"Nen dung ngoai. T+ cho thay can them xac nhan, trong khi Action chua ung ho mua.","Chua vao ngay. Khi co xac nhan, tham chieu ke hoach: SL 42,050.0 | T+2.5 46,400.0 | T+5 48,300.0",60.0
PSI,HNX,NO_ACTION,—,30,NEUTRAL,0.0,SAFE,,,48,48,RETAIL_DRIVEN,MODE_A,8800.0,8750.0,8390.0,-4.11,9690.0,10650.0,2.61,63.6,236.0,8605.0,278000,329895,0.0,UP,False,NONE,MARKUP,TRANSITIONAL,PASS,NONE,NEUTRAL,0.0,0.0,0.0,0,,UPTREND_STRENGTHENING,TĂNG,95.0,CHO_XAC_NHAN,"Nen dung ngoai. T+ cho thay can them xac nhan, trong khi Action chua ung ho mua.","Chua vao ngay. Khi co xac nhan, tham chieu ke hoach: SL 8,590.0 | T+2.5 9,220.0 | T+5 9,510.0",80.0
VIF,HNX,NO_ACTION,—,30,NEUTRAL,0.0,SAFE,,,30,30,WHALE_DISTRIBUTING,MODE_B,16200.0,16200.0,15650.0,-3.4,17650.0,19100.0,2.64,56.8,364.0,15600.0,2400,4770,0.0,FLAT,False,NONE,RANGING,TRANSITIONAL,PASS,NONE,NEUTRAL,0.0,0.0,0.0,0,,UPTREND_STRENGTHENING,GIẢM,57.0,CHO_XAC_NHAN,"Nen dung ngoai. T+ cho thay can them xac nhan, trong khi Action chua ung ho mua.","Chua vao ngay. Khi co xac nhan, tham chieu ke hoach: SL 15,850.0 | T+2.5 16,950.0 | T+5 17,500.0",70.0
VMS,HNX,NO_ACTION,—,30,NEUTRAL,0.0,SAFE,,,43,43,RETAIL_DRIVEN,MODE_A,59900.0,59200.0,55200.0,-6.76,69800.0,80300.0,2.65,43.5,2643.0,58965.0,600,19660,0.0,UP,False,NONE,MARKUP,TRANSITIONAL,WARN,NONE,NEUTRAL,0.0,0.0,5.92,300,,BREAKOUT_EMERGING,TĂNG,85.0,CHO_XAC_NHAN,"Nen dung ngoai. T+ cho thay can them xac nhan, trong khi Action chua ung ho mua.","Chua vao ngay. Khi co xac nhan, tham chieu ke hoach: SL 57,500.0 | T+2.5 64,700.0 | T+5 67,800.0",70.0
WCS,HNX,NO_ACTION,—,30,NEUTRAL,0.0,SAFE,,,45,45,RETAIL_DRIVEN,MODE_A,307.0,310.0,270.0,-12.9,400.0,490.0,2.25,56.6,23.0,302.0,100,760,0.0,FLAT,False,NONE,MARKUP,TRANSITIONAL,WARN,NONE,NEUTRAL,0.0,0.0,0.0,0,,UPTREND_STRENGTHENING,TĂNG,62.0,CHO_XAC_NHAN,"Nen dung ngoai. T+ cho thay can them xac nhan, trong khi Action chua ung ho mua.","Chua vao ngay. Khi co xac nhan, tham chieu ke hoach: SL 290.0 | T+2.5 350.0 | T+5 380.0",80.0
GLT,HNX,NO_ACTION,—,27,NEUTRAL,0.0,SAFE,,,66,54,RETAIL_DRIVEN,MODE_A,28500.0,28500.0,26450.0,-7.19,33950.0,39350.0,2.66,42.9,1356.0,29150.0,3900,17100,0.0,UP,False,WATCH,MARKUP,TRANSITIONAL,PASS,WYCKOFF_SPRING,NEUTRAL,0.0,0.0,0.0,0,,UPTREND_STRENGTHENING,TĂNG,69.0,CHO_XAC_NHAN,"Nen dung ngoai. T+ cho thay can them xac nhan, trong khi Action chua ung ho mua.","Chua vao ngay. Khi co xac nhan, tham chieu ke hoach: SL 27,300.0 | T+2.5 30,950.0 | T+5 32,550.0",65.0
ADS,HOSE,NO_ACTION,—,25,NEUTRAL,0.0,SAFE,,,30,30,WHALE_DISTRIBUTING,MODE_A,9020.0,9020.0,8740.0,-3.1,9750.0,10500.0,2.61,59.3,183.0,9003.0,45300,93800,0.0,FLAT,False,NONE,RANGING,TRANSITIONAL,PASS,NONE,NEUTRAL,0.0,0.0,0.0,0,,UPTREND_STRENGTHENING,TĂNG,88.0,CHO_XAC_NHAN,"Nen dung ngoai. T+ cho thay can them xac nhan, trong khi Action chua ung ho mua.","Chua vao ngay. Khi co xac nhan, tham chieu ke hoach: SL 8,860.0 | T+2.5 9,350.0 | T+5 9,570.0",95.0
BKG,HOSE,NO_ACTION,—,25,NEUTRAL,0.0,SAFE,,,35,35,RETAIL_DRIVEN,MODE_A,2460.0,2410.0,2310.0,-4.15,2660.0,2900.0,2.5,43.4,61.0,2455.0,184200,57530,55260.0,UP,False,NONE,RANGING,STEADY_BEAR,PASS,NONE,NEUTRAL,0.0,0.0,0.0,0,,DOWNTREND_STRENGTHENING,TĂNG,88.0,CHO_XAC_NHAN,"Nen dung ngoai. T+ cho thay can them xac nhan, trong khi Action chua ung ho mua.","Chua vao ngay. Khi co xac nhan, tham chieu ke hoach: SL 2,400.0 | T+2.5 2,560.0 | T+5 2,630.0",60.0
DCL,HOSE,NO_ACTION,—,25,NEUTRAL,0.0,SAFE,,,32,32,RETAIL_DRIVEN,MODE_A,37700.0,37700.0,36550.0,-3.05,40600.0,43500.0,2.52,48.6,725.0,38142.0,663200,1129625,0.0,FLAT,False,WATCH,RANGING,TRANSITIONAL,PASS,NONE,NEUTRAL,0.0,0.0,5.03,400,,DOWNTREND_STRENGTHENING,TRUNG LẬP,45.0,CHO_XAC_NHAN,"Nen dung ngoai. T+ cho thay can them xac nhan, trong khi Action chua ung ho mua.","Chua vao ngay. Khi co xac nhan, tham chieu ke hoach: SL 37,000.0 | T+2.5 38,850.0 | T+5 39,750.0",60.0
MCM,HOSE,NO_ACTION,—,25,NEUTRAL,0.0,SAFE,,,34,34,RETAIL_DRIVEN,MODE_A,27850.0,27850.0,27000.0,-3.05,29900.0,31950.0,2.41,59.9,511.0,27556.0,7100,35730,0.0,FLAT,False,NONE,MARKUP,STEADY_BULL,PASS,NONE,NEUTRAL,0.0,0.0,0.0,0,,UPTREND_STRENGTHENING,TĂNG,54.0,CHO_XAC_NHAN,"Nen dung ngoai. T+ cho thay can them xac nhan, trong khi Action chua ung ho mua.","Chua vao ngay. Khi co xac nhan, tham chieu ke hoach: SL 27,400.0 | T+2.5 28,750.0 | T+5 29,400.0",80.0
NT2,HOSE,NO_ACTION,—,25,NEUTRAL,0.0,SAFE,,,24,24,WHALE_DISTRIBUTING,MODE_A,23000.0,23000.0,22100.0,-3.91,25400.0,27750.0,2.67,48.7,596.0,23318.0,430600,820095,0.0,FLAT,False,NONE,RANGING,STEADY_BEAR,PASS,NONE,OUTFLOW,0.0,0.0,0.0,0,,BREAKOUT_EMERGING,GIẢM,45.0,CHO_XAC_NHAN,"Nen dung ngoai. T+ cho thay can them xac nhan, trong khi Action chua ung ho mua.","Chua vao ngay. Khi co xac nhan, tham chieu ke hoach: SL 22,400.0 | T+2.5 23,950.0 | T+5 24,650.0",55.0
PHR,HOSE,NO_ACTION,—,25,NEUTRAL,0.0,SAFE,,,31,31,RETAIL_DRIVEN,MODE_A,67300.0,67300.0,62200.0,-7.58,80900.0,94500.0,2.67,59.1,3400.0,66520.0,166100,664890,0.0,FLAT,False,NONE,RANGING,TRANSITIONAL,PASS,NONE,OUTFLOW,0.0,0.0,0.0,0,,UPTREND_STRENGTHENING,TĂNG,62.0,CHO_XAC_NHAN,"Nen dung ngoai. T+ cho thay can them xac nhan, trong khi Action chua ung ho mua.","Chua vao ngay. Khi co xac nhan, tham chieu ke hoach: SL 64,200.0 | T+2.5 73,400.0 | T+5 77,500.0",80.0
PLX,HOSE,NO_ACTION,—,25,NEUTRAL,0.0,SAFE,,,27,27,WHALE_DISTRIBUTING,MODE_A,41000.0,41000.0,37300.0,-9.02,50800.0,60700.0,2.65,60.0,2457.0,40238.0,4645500,5632715,0.0,FLAT,False,NONE,RANGING,TRANSITIONAL,PASS,NONE,OUTFLOW,0.0,0.0,0.0,0,,DOWNTREND_STRENGTHENING,GIẢM,61.0,CHO_XAC_NHAN,"Nen dung ngoai. T+ cho thay can them xac nhan, trong khi Action chua ung ho mua.","Chua vao ngay. Khi co xac nhan, tham chieu ke hoach: SL 38,800.0 | T+2.5 45,400.0 | T+5 48,350.0",60.0
PTB,HOSE,NO_ACTION,—,25,NEUTRAL,0.0,SAFE,,,31,31,RETAIL_DRIVEN,MODE_A,39750.0,39750.0,38200.0,-3.9,43750.0,47800.0,2.58,44.9,1005.0,40072.0,44000,88440,0.0,FLAT,False,NONE,RANGING,TRANSITIONAL,PASS,NONE,NEUTRAL,0.0,0.0,0.0,0,,UPTREND_STRENGTHENING,TĂNG,88.0,CHO_XAC_NHAN,"Nen dung ngoai. T+ cho thay can them xac nhan, trong khi Action chua ung ho mua.","Chua vao ngay. Khi co xac nhan, tham chieu ke hoach: SL 38,750.0 | T+2.5 41,350.0 | T+5 42,550.0",85.0
TEG,HOSE,NO_ACTION,—,25,NEUTRAL,0.0,SAFE,,,32,32,RETAIL_DRIVEN,MODE_A,6330.0,6330.0,6130.0,-3.16,6860.0,7390.0,2.65,32.1,132.0,6358.0,18000,64495,0.0,FLAT,False,NONE,RANGING,TRANSITIONAL,PASS,NONE,NEUTRAL,0.0,0.0,0.0,0,,UPTREND_EXHAUSTING,TĂNG,50.0,CHO_XAC_NHAN,"Nen dung ngoai. T+ cho thay can them xac nhan, trong khi Action chua ung ho mua.","Chua vao ngay. Khi co xac nhan, tham chieu ke hoach: SL 6,210.0 | T+2.5 6,570.0 | T+5 6,730.0",80.0
TIP,HOSE,NO_ACTION,—,25,NEUTRAL,0.0,SAFE,,,28,28,WHALE_DISTRIBUTING,MODE_A,18150.0,18150.0,17600.0,-3.03,18850.0,19500.0,1.27,50.0,171.0,18235.0,9100,25230,0.0,FLAT,False,NONE,RANGING,TRANSITIONAL,PASS,NONE,NEUTRAL,0.0,0.0,0.0,0,,DOWNTREND_STRENGTHENING,GIẢM,66.0,CHO_XAC_NHAN,"Nen dung ngoai. T+ cho thay can them xac nhan, trong khi Action chua ung ho mua.","Chua vao ngay. Khi co xac nhan, tham chieu ke hoach: SL 18,000.0 | T+2.5 18,400.0 | T+5 18,650.0",95.0
TLG,HOSE,NO_ACTION,—,25,NEUTRAL,0.0,SAFE,,,29,29,WHALE_DISTRIBUTING,MODE_A,49050.0,49050.0,47550.0,-3.06,51500.0,54000.0,1.63,12.9,614.0,49808.0,145600,89910,0.0,FLAT,False,NONE,RANGING,TRANSITIONAL,PASS,NONE,NEUTRAL,0.0,0.0,0.0,0,,UPTREND_STRENGTHENING,TĂNG,88.0,CHO_XAC_NHAN,"Nen dung ngoai. T+ cho thay can them xac nhan, trong khi Action chua ung ho mua.","Chua vao ngay. Khi co xac nhan, tham chieu ke hoach: SL 48,350.0 | T+2.5 49,950.0 | T+5 50,600.0",90.0
TLD,HOSE,NO_ACTION,—,25,NEUTRAL,0.0,SAFE,,,31,31,RETAIL_DRIVEN,MODE_A,8500.0,8500.0,8240.0,-3.06,8780.0,9070.0,1.08,61.9,71.0,8484.0,197900,304130,0.0,DOWN,False,NONE,MARKUP,TRANSITIONAL,PASS,NONE,NEUTRAL,0.0,0.0,0.0,0,,UPTREND_STRENGTHENING,TĂNG,95.0,CHO_XAC_NHAN,"Nen dung ngoai. T+ cho thay can them xac nhan, trong khi Action chua ung ho mua.","Chua vao ngay. Khi co xac nhan, tham chieu ke hoach: SL 8,440.0 | T+2.5 8,630.0 | T+5 8,710.0",90.0
UIC,HOSE,NO_ACTION,—,25,NEUTRAL,0.0,SAFE,,,22,22,WHALE_DISTRIBUTING,MODE_A,64000.0,64000.0,62000.0,-3.12,66500.0,69100.0,1.25,44.4,636.0,64970.0,600,4850,0.0,DOWN,False,NONE,RANGING,TRANSITIONAL,PASS,NONE,NEUTRAL,0.0,0.0,0.0,0,,RANGE_COMPRESSION,TĂNG,50.0,CHO_XAC_NHAN,"Nen dung ngoai. T+ cho thay can them xac nhan, trong khi Action chua ung ho mua.","Chua vao ngay. Khi co xac nhan, tham chieu ke hoach: SL 63,400.0 | T+2.5 65,100.0 | T+5 65,900.0",95.0
VDS,HOSE,NO_ACTION,—,25,NEUTRAL,0.0,SAFE,,,30,30,WHALE_DISTRIBUTING,MODE_A,13650.0,13650.0,13050.0,-4.4,15100.0,16600.0,2.42,48.8,368.0,13740.0,427000,740285,0.0,DOWN,False,NONE,RANGING,STEADY_BEAR,PASS,NONE,NEUTRAL,0.0,0.0,0.0,0,,DOWNTREND_STRENGTHENING,TĂNG,88.0,CHO_XAC_NHAN,"Nen dung ngoai. T+ cho thay can them xac nhan, trong khi Action chua ung ho mua.","Chua vao ngay. Khi co xac nhan, tham chieu ke hoach: SL 13,300.0 | T+2.5 14,300.0 | T+5 14,750.0",65.0
VPI,HOSE,NO_ACTION,—,25,NEUTRAL,0.0,SAFE,,,29,29,WHALE_DISTRIBUTING,MODE_A,62300.0,61900.0,59400.0,-4.04,68400.0,74900.0,2.6,59.3,1629.0,61460.0,1818400,4017315,0.0,FLAT,False,NONE,MARKUP,TRANSITIONAL,PASS,NONE,OUTFLOW,0.0,0.0,0.0,0,,UPTREND_STRENGTHENING,TĂNG,95.0,CHO_XAC_NHAN,"Nen dung ngoai. T+ cho thay can them xac nhan, trong khi Action chua ung ho mua.","Chua vao ngay. Khi co xac nhan, tham chieu ke hoach: SL 60,800.0 | T+2.5 65,200.0 | T+5 67,200.0",95.0
VTB,HOSE,NO_ACTION,—,25,NEUTRAL,0.0,SAFE,,,31,31,RETAIL_DRIVEN,MODE_A,13800.0,13650.0,13050.0,-4.4,15100.0,16600.0,2.42,48.5,368.0,13675.0,6600,5645,0.0,FLAT,False,NONE,RANGING,STEADY_BEAR,PASS,NONE,NEUTRAL,0.0,0.0,0.0,0,,DOWNTREND_STRENGTHENING,TĂNG,95.0,CHO_XAC_NHAN,"Nen dung ngoai. T+ cho thay can them xac nhan, trong khi Action chua ung ho mua.","Chua vao ngay. Khi co xac nhan, tham chieu ke hoach: SL 13,450.0 | T+2.5 14,400.0 | T+5 14,850.0",70.0
BVS,HNX,NO_ACTION,—,25,NEUTRAL,0.0,SAFE,,,31,31,RETAIL_DRIVEN,MODE_A,26200.0,26200.0,25350.0,-3.24,28450.0,30700.0,2.65,50.0,564.0,26150.0,57800,131785,73080.0,FLAT,False,NONE,RANGING,TRANSITIONAL,PASS,NONE,NEUTRAL,0.0,0.0,0.0,0,,DOWNTREND_STRENGTHENING,GIẢM,95.0,CHO_XAC_NHAN,"Nen dung ngoai. T+ cho thay can them xac nhan, trong khi Action chua ung ho mua.","Chua vao ngay. Khi co xac nhan, tham chieu ke hoach: SL 25,650.0 | T+2.5 27,100.0 | T+5 27,800.0",80.0
DP3,HNX,NO_ACTION,—,25,NEUTRAL,0.0,SAFE,,,32,32,RETAIL_DRIVEN,MODE_A,57800.0,57800.0,56000.0,-3.11,61000.0,64300.0,1.78,35.2,807.0,58705.0,3100,5965,0.0,FLAT,False,NONE,ACCUMULATION,TRANSITIONAL,PASS,NONE,NEUTRAL,0.0,0.0,0.0,0,,RANGE_COMPRESSION,TĂNG,54.0,CHO_XAC_NHAN,"Nen dung ngoai. T+ cho thay can them xac nhan, trong khi Action chua ung ho mua.","Chua vao ngay. Khi co xac nhan, tham chieu ke hoach: SL 57,100.0 | T+2.5 59,300.0 | T+5 60,200.0",80.0
IVS,HNX,NO_ACTION,—,25,NEUTRAL,0.0,SAFE,,,37,37,RETAIL_DRIVEN,MODE_A,7000.0,7000.0,6500.0,-7.14,8310.0,9630.0,2.62,56.0,329.0,6915.0,25500,86090,0.0,FLAT,False,CAUTION,RANGING,TRANSITIONAL,PASS,NONE,NEUTRAL,0.0,0.0,0.0,0,,UPTREND_STRENGTHENING,GIẢM,52.0,CHO_XAC_NHAN,"Nen dung ngoai. T+ cho thay can them xac nhan, trong khi Action chua ung ho mua.","Chua vao ngay. Khi co xac nhan, tham chieu ke hoach: SL 6,700.0 | T+2.5 7,590.0 | T+5 7,990.0",65.0
NDX,HNX,NO_ACTION,—,25,NEUTRAL,0.0,SAFE,,,38,38,RETAIL_DRIVEN,MODE_A,6700.0,6700.0,6490.0,-3.13,6760.0,6810.0,0.29,0.0,14.0,6660.0,5200,8975,0.0,FLAT,False,NONE,MARKUP,TRANSITIONAL,PASS,NONE,NEUTRAL,0.0,0.0,0.0,0,,UPTREND_STRENGTHENING,TĂNG,58.0,CHO_XAC_NHAN,"Nen dung ngoai. T+ cho thay can them xac nhan, trong khi Action chua ung ho mua.","Chua vao ngay. Khi co xac nhan, tham chieu ke hoach: SL 6,690.0 | T+2.5 6,720.0 | T+5 6,740.0",85.0
PMB,HNX,NO_ACTION,—,25,NEUTRAL,0.0,SAFE,,,34,34,RETAIL_DRIVEN,MODE_A,11300.0,11300.0,10950.0,-3.1,11600.0,11850.0,0.86,28.6,71.0,11490.0,200,2785,0.0,FLAT,False,NONE,MARKUP,TRANSITIONAL,PASS,NONE,NEUTRAL,0.0,0.0,0.0,0,,RANGE_COMPRESSION,TĂNG,88.0,CHO_XAC_NHAN,"Nen dung ngoai. T+ cho thay can them xac nhan, trong khi Action chua ung ho mua.","Chua vao ngay. Khi co xac nhan, tham chieu ke hoach: SL 11,250.0 | T+2.5 11,400.0 | T+5 11,500.0",95.0
SCI,HNX,NO_ACTION,—,25,NEUTRAL,0.0,SAFE,,,35,35,RETAIL_DRIVEN,MODE_A,12000.0,12000.0,11250.0,-6.25,13900.0,15750.0,2.53,42.9,471.0,11890.0,15200,71750,0.0,FLAT,False,NONE,MARKUP,TRANSITIONAL,PASS,NONE,NEUTRAL,0.0,0.0,0.0,0,,UPTREND_STRENGTHENING,TĂNG,60.0,CHO_XAC_NHAN,"Nen dung ngoai. T+ cho thay can them xac nhan, trong khi Action chua ung ho mua.","Chua vao ngay. Khi co xac nhan, tham chieu ke hoach: SL 11,600.0 | T+2.5 12,850.0 | T+5 13,400.0",95.0
VTZ,HNX,NO_ACTION,—,25,NEUTRAL,0.0,SAFE,,,34,34,RETAIL_DRIVEN,MODE_A,20500.0,20500.0,19850.0,-3.17,21400.0,22250.0,1.38,41.7,221.0,20535.0,1064900,1043595,0.0,FLAT,False,NONE,MARKUP,TRANSITIONAL,PASS,NONE,NEUTRAL,0.0,0.0,0.0,0,,UPTREND_STRENGTHENING,TĂNG,55.0,CHO_XAC_NHAN,"Nen dung ngoai. T+ cho thay can them xac nhan, trong khi Action chua ung ho mua.","Chua vao ngay. Khi co xac nhan, tham chieu ke hoach: SL 20,300.0 | T+2.5 20,900.0 | T+5 21,150.0",95.0
AGR,HOSE,NO_ACTION,—,23,NEUTRAL,0.0,SAFE,,,39,31,RETAIL_DRIVEN,MODE_A,14450.0,14450.0,14000.0,-3.11,15600.0,16750.0,2.56,42.9,286.0,14595.0,213800,261275,0.0,FLAT,False,NONE,RANGING,TRANSITIONAL,PASS,RSI_DIV_BULLISH,NEUTRAL,0.0,0.0,0.0,0,,DOWNTREND_STRENGTHENING,GIẢM,48.0,CHO_XAC_NHAN,"Nen dung ngoai. T+ cho thay can them xac nhan, trong khi Action chua ung ho mua.","Chua vao ngay. Khi co xac nhan, tham chieu ke hoach: SL 14,150.0 | T+2.5 14,900.0 | T+5 15,250.0",75.0
BMC,HOSE,NO_ACTION,—,23,NEUTRAL,0.0,SAFE,,,38,30,WHALE_DISTRIBUTING,MODE_A,12900.0,12900.0,12300.0,-4.65,14450.0,16000.0,2.58,42.9,389.0,13008.0,4700,14830,0.0,FLAT,False,NONE,RANGING,STEADY_BEAR,PASS,RSI_DIV_BULLISH,NEUTRAL,0.0,0.0,0.0,0,,DOWNTREND_STRENGTHENING,TRUNG LẬP,61.0,CHO_XAC_NHAN,"Nen dung ngoai. T+ cho thay can them xac nhan, trong khi Action chua ung ho mua.","Chua vao ngay. Khi co xac nhan, tham chieu ke hoach: SL 12,500.0 | T+2.5 13,500.0 | T+5 14,000.0",75.0
CLC,HOSE,NO_ACTION,—,23,NEUTRAL,0.0,SAFE,,,44,36,RETAIL_DRIVEN,MODE_A,53900.0,53900.0,51500.0,-4.45,60200.0,66600.0,2.62,44.3,1586.0,54780.0,3900,2790,0.0,UP,False,NONE,RANGING,TRANSITIONAL,PASS,RSI_DIV_BULLISH,NEUTRAL,0.0,0.0,0.0,0,,RANGE_COMPRESSION,TĂNG,76.0,CHO_XAC_NHAN,"Nen dung ngoai. T+ cho thay can them xac nhan, trong khi Action chua ung ho mua.","Chua vao ngay. Khi co xac nhan, tham chieu ke hoach: SL 52,500.0 | T+2.5 56,800.0 | T+5 58,700.0",80.0
LBM,HOSE,NO_ACTION,—,23,NEUTRAL,0.0,SAFE,,,30,30,WHALE_DISTRIBUTING,MODE_B,29850.0,29850.0,28100.0,-5.86,34400.0,39000.0,2.6,64.5,1143.0,28818.0,23900,16115,0.0,FLAT,False,NONE,RANGING,TRANSITIONAL,PASS,NONE,NEUTRAL,0.0,0.0,0.0,0,,DOWNTREND_STRENGTHENING,TRUNG LẬP,44.0,CHO_XAC_NHAN,"Nen dung ngoai. T+ cho thay can them xac nhan, trong khi Action chua ung ho mua.","Chua vao ngay. Khi co xac nhan, tham chieu ke hoach: SL 28,950.0 | T+2.5 32,150.0 | T+5 33,850.0",55.0
SCS,HOSE,NO_ACTION,—,23,NEUTRAL,0.0,SAFE,,,26,18,WHALE_DISTRIBUTING,MODE_A,51100.0,51100.0,49550.0,-3.03,53800.0,56500.0,1.74,37.5,679.0,51950.0,239300,119200,-137100.0,DOWN,False,WATCH,RANGING,STEADY_BEAR,PASS,RSI_DIV_BULLISH,OUTFLOW,0.0,0.0,0.0,0,,DOWNTREND_STRENGTHENING,TRUNG LẬP,66.0,CHO_XAC_NHAN,"Nen dung ngoai. T+ cho thay can them xac nhan, trong khi Action chua ung ho mua.","Chua vao ngay. Khi co xac nhan, tham chieu ke hoach: SL 50,600.0 | T+2.5 52,500.0 | T+5 53,500.0",75.0
TAL,HOSE,NO_ACTION,—,23,NEUTRAL,0.0,SAFE,,,36,36,RETAIL_DRIVEN,MODE_B,31000.0,31000.0,29400.0,-5.16,35250.0,39500.0,2.66,57.9,1065.0,31024.0,313900,220285,0.0,FLAT,False,NONE,MARKUP,TRANSITIONAL,PASS,NONE,NEUTRAL,0.0,0.0,0.0,0,,DOWNTREND_STRENGTHENING,TRUNG LẬP,36.0,CHO_XAC_NHAN,"Nen dung ngoai. T+ cho thay can them xac nhan, trong khi Action chua ung ho mua.","Chua vao ngay. Khi co xac nhan, tham chieu ke hoach: SL 29,950.0 | T+2.5 32,700.0 | T+5 34,000.0",55.0
AMC,HNX,NO_ACTION,—,23,NEUTRAL,0.0,SAFE,,,36,28,WHALE_DISTRIBUTING,MODE_A,12200.0,12200.0,11450.0,-6.15,14100.0,15950.0,2.53,43.2,471.0,12375.0,100,785,0.0,FLAT,False,NONE,RANGING,STEADY_BEAR,PASS,RSI_DIV_BULLISH,NEUTRAL,0.0,0.0,0.0,0,,DOWNTREND_STRENGTHENING,TĂNG,74.0,CHO_XAC_NHAN,"Nen dung ngoai. T+ cho thay can them xac nhan, trong khi Action chua ung ho mua.","Chua vao ngay. Khi co xac nhan, tham chieu ke hoach: SL 11,750.0 | T+2.5 12,950.0 | T+5 13,500.0",55.0
ACL,HOSE,NO_ACTION,—,20,NEUTRAL,0.0,SAFE,,,22,22,WHALE_DISTRIBUTING,MODE_A,12700.0,12700.0,11850.0,-6.69,14850.0,17000.0,2.53,52.7,539.0,13070.0,11100,4290,0.0,DOWN,False,NONE,RANGING,TRANSITIONAL,PASS,NONE,NEUTRAL,0.0,0.0,0.0,0,,UPTREND_STRENGTHENING,TRUNG LẬP,34.0,CHO_XAC_NHAN,"Nen dung ngoai. T+ cho thay can them xac nhan, trong khi Action chua ung ho mua.","Chua vao ngay. Khi co xac nhan, tham chieu ke hoach: SL 12,435.0 | T+2.5 13,800.0 | T+5 14,600.0",60.0
HCM,HOSE,NO_ACTION,—,20,NEUTRAL,0.0,SAFE,,,35,35,RETAIL_DRIVEN,MODE_A,27450.0,27450.0,26000.0,-5.28,31200.0,34950.0,2.59,49.1,939.0,28168.0,3735800,9164170,0.0,FLAT,False,NONE,MARKUP,TRANSITIONAL,PASS,NONE,NEUTRAL,0.0,0.0,0.0,0,,UPTREND_EXHAUSTING,TĂNG,60.0,CHO_XAC_NHAN,"Nen dung ngoai. T+ cho thay can them xac nhan, trong khi Action chua ung ho mua.","Chua vao ngay. Khi co xac nhan, tham chieu ke hoach: SL 26,600.0 | T+2.5 29,150.0 | T+5 30,250.0",70.0
PVP,HOSE,NO_ACTION,—,20,NEUTRAL,0.0,SAFE,,,27,27,WHALE_DISTRIBUTING,MODE_A,17750.0,17750.0,16400.0,-7.61,21200.0,24700.0,2.56,50.0,868.0,18418.0,586500,1181895,0.0,FLAT,False,NONE,RANGING,TRANSITIONAL,PASS,NONE,NEUTRAL,0.0,0.0,0.0,0,,RANGE_COMPRESSION,TĂNG,50.0,CHO_XAC_NHAN,"Nen dung ngoai. T+ cho thay can them xac nhan, trong khi Action chua ung ho mua.","Chua vao ngay. Khi co xac nhan, tham chieu ke hoach: SL 16,950.0 | T+2.5 19,300.0 | T+5 20,350.0",80.0
PSE,HNX,NO_ACTION,—,20,NEUTRAL,0.0,SAFE,,,40,40,RETAIL_DRIVEN,MODE_A,11000.0,11000.0,10650.0,-3.18,11250.0,11500.0,0.71,40.0,64.0,11040.0,100,895,0.0,FLAT,False,NONE,ACCUMULATION,TRANSITIONAL,PASS,NONE,NEUTRAL,0.0,0.0,0.0,0,,RANGE_COMPRESSION,TĂNG,78.0,CHO_XAC_NHAN,"Nen dung ngoai. T+ cho thay can them xac nhan, trong khi Action chua ung ho mua.","Chua vao ngay. Khi co xac nhan, tham chieu ke hoach: SL 10,950.0 | T+2.5 11,100.0 | T+5 11,200.0",95.0
VHE,HNX,NO_ACTION,—,20,NEUTRAL,0.0,SAFE,,,0,25,WHALE_DISTRIBUTING,MODE_A,3300.0,3300.0,3000.0,-9.09,4100.0,4900.0,2.67,50.0,200.0,3340.0,901000,286340,-425280.0,DOWN,False,WATCH,MARKUP,TRANSITIONAL,PASS,NONE,NEUTRAL,0.0,0.0,0.0,0,,BREAKOUT_EMERGING,GIẢM,36.0,CHO_XAC_NHAN,"Nen dung ngoai. T+ cho thay can them xac nhan, trong khi Action chua ung ho mua.","Chua vao ngay. Khi co xac nhan, tham chieu ke hoach: SL 3,120.0 | T+2.5 3,660.0 | T+5 3,900.0",85.0
VTC,HNX,NO_ACTION,—,20,NEUTRAL,0.0,SAFE,,,44,44,RETAIL_DRIVEN,MODE_B,15600.0,15600.0,13700.0,-12.18,20550.0,25550.0,2.61,65.4,1243.0,13705.0,16400,18640,0.0,FLAT,False,CAUTION,RANGING,TRANSITIONAL,WARN,NONE,NEUTRAL,0.0,0.0,0.0,0,,UPTREND_STRENGTHENING,TĂNG,78.0,CHO_XAC_NHAN,"Nen dung ngoai. T+ cho thay can them xac nhan, trong khi Action chua ung ho mua.","Chua vao ngay. Khi co xac nhan, tham chieu ke hoach: SL 14,500.0 | T+2.5 17,450.0 | T+5 18,700.0",90.0
DHC,HOSE,NO_ACTION,—,18,NEUTRAL,0.0,SAFE,,,8,30,WHALE_DISTRIBUTING,MODE_A,36700.0,36200.0,34950.0,-3.45,39450.0,42650.0,2.6,48.4,807.0,36012.0,203800,192460,0.0,DOWN,False,NONE,RANGING,TRANSITIONAL,PASS,RSI_DIV_BULLISH,NEUTRAL,0.0,0.0,0.0,0,,UPTREND_STRENGTHENING,TĂNG,95.0,CHO_XAC_NHAN,"Nen dung ngoai. T+ cho thay can them xac nhan, trong khi Action chua ung ho mua.","Chua vao ngay. Khi co xac nhan, tham chieu ke hoach: SL 35,950.0 | T+2.5 38,150.0 | T+5 39,100.0",70.0
FMC,HOSE,NO_ACTION,—,18,NEUTRAL,0.0,SAFE,,,48,30,WHALE_DISTRIBUTING,MODE_A,34600.0,34600.0,33550.0,-3.03,37350.0,40100.0,2.62,30.5,689.0,35596.0,12500,21415,0.0,FLAT,False,NONE,RANGING,STEADY_BEAR,PASS,VCP,NEUTRAL,0.0,0.0,0.0,0,,RANGE_COMPRESSION,TĂNG,88.0,CHO_XAC_NHAN,"Nen dung ngoai. T+ cho thay can them xac nhan, trong khi Action chua ung ho mua.","Chua vao ngay. Khi co xac nhan, tham chieu ke hoach: SL 34,047.6 | T+2.5 35,650.0 | T+5 36,300.0",90.0
HCD,HOSE,NO_ACTION,—,18,NEUTRAL,0.0,SAFE,,,43,43,RETAIL_DRIVEN,MODE_B,6690.0,6690.0,6480.0,-3.14,7230.0,7770.0,2.57,71.4,135.0,6420.0,85200,66295,90900.0,UP,False,NONE,RANGING,TRANSITIONAL,PASS,NONE,NEUTRAL,0.0,0.0,0.0,0,,UPTREND_STRENGTHENING,TĂNG,46.0,CHO_XAC_NHAN,"Nen dung ngoai. T+ cho thay can them xac nhan, trong khi Action chua ung ho mua.","Chua vao ngay. Khi co xac nhan, tham chieu ke hoach: SL 6,560.0 | T+2.5 6,960.0 | T+5 7,160.0",70.0
NAG,HNX,NO_ACTION,—,17,NEUTRAL,0.0,SAFE,,,59,47,RETAIL_DRIVEN,MODE_A,8100.0,8100.0,7680.0,-5.19,9210.0,10350.0,2.64,41.2,279.0,8395.0,46700,88050,0.0,FLAT,False,NONE,MARKUP,TRANSITIONAL,PASS,WYCKOFF_SPRING,NEUTRAL,0.0,0.0,0.0,0,,RANGE_COMPRESSION,TĂNG,60.0,CHO_XAC_NHAN,"Nen dung ngoai. T+ cho thay can them xac nhan, trong khi Action chua ung ho mua.","Chua vao ngay. Khi co xac nhan, tham chieu ke hoach: SL 7,850.0 | T+2.5 8,600.0 | T+5 8,940.0",65.0
AAA,HOSE,NO_ACTION,—,15,NEUTRAL,0.0,SAFE,,,39,39,RETAIL_DRIVEN,MODE_A,7020.0,7020.0,6800.0,-3.13,7430.0,7850.0,1.86,35.0,104.0,7149.0,394900,897945,0.0,UP,False,NONE,RANGING,STEADY_BEAR,PASS,NONE,NEUTRAL,0.0,0.0,0.0,0,,RANGE_COMPRESSION,TĂNG,76.0,CHO_XAC_NHAN,"Nen dung ngoai. T+ cho thay can them xac nhan, trong khi Action chua ung ho mua.","Chua vao ngay. Khi co xac nhan, tham chieu ke hoach: SL 6,920.0 | T+2.5 7,190.0 | T+5 7,310.0",70.0
CIG,HOSE,NO_ACTION,—,15,NEUTRAL,0.0,SAFE,,,29,29,WHALE_DISTRIBUTING,MODE_B,6050.0,6050.0,5720.0,-5.45,6910.0,7780.0,2.61,38.3,216.0,6183.0,208400,45835,480.0,FLAT,False,NONE,RANGING,STEADY_BEAR,PASS,NONE,NEUTRAL,0.0,0.0,0.0,0,,DOWNTREND_STRENGTHENING,TRUNG LẬP,66.0,CHO_XAC_NHAN,"Nen dung ngoai. T+ cho thay can them xac nhan, trong khi Action chua ung ho mua.","Chua vao ngay. Khi co xac nhan, tham chieu ke hoach: SL 5,867.6 | T+2.5 6,370.0 | T+5 6,590.0",75.0
DBT,HOSE,NO_ACTION,—,15,NEUTRAL,0.0,SAFE,,,49,49,RETAIL_DRIVEN,MODE_A,12600.0,12600.0,12200.0,-3.17,13450.0,14300.0,2.12,86.7,214.0,12078.0,5000,40660,0.0,FLAT,False,NONE,MARKUP,STEADY_BULL,PASS,NONE,NEUTRAL,0.0,0.0,0.0,0,,UPTREND_STRENGTHENING,GIẢM,88.0,CHO_XAC_NHAN,"Nen dung ngoai. T+ cho thay can them xac nhan, trong khi Action chua ung ho mua.","Chua vao ngay. Khi co xac nhan, tham chieu ke hoach: SL 12,400.0 | T+2.5 13,000.0 | T+5 13,250.0",60.0
GEG,HOSE,NO_ACTION,—,15,NEUTRAL,0.0,SAFE,,,29,29,WHALE_DISTRIBUTING,MODE_A,14050.0,14050.0,13600.0,-3.2,14950.0,15900.0,2.0,43.3,229.0,14215.0,316800,444775,329010.0,FLAT,False,NONE,RANGING,STEADY_BEAR,PASS,NONE,NEUTRAL,0.0,0.0,0.0,0,,DOWNTREND_STRENGTHENING,GIẢM,78.0,CHO_XAC_NHAN,"Nen dung ngoai. T+ cho thay can them xac nhan, trong khi Action chua ung ho mua.","Chua vao ngay. Khi co xac nhan, tham chieu ke hoach: SL 13,800.0 | T+2.5 14,400.0 | T+5 14,700.0",55.0
GMH,HOSE,NO_ACTION,—,15,NEUTRAL,0.0,SAFE,,,31,31,RETAIL_DRIVEN,MODE_A,7350.0,7350.0,6940.0,-5.58,8440.0,9530.0,2.66,55.2,273.0,7278.0,500,2650,0.0,FLAT,False,CAUTION,RANGING,TRANSITIONAL,PASS,NONE,NEUTRAL,0.0,0.0,0.0,0,,DOWNTREND_STRENGTHENING,GIẢM,68.0,CHO_XAC_NHAN,"Nen dung ngoai. T+ cho thay can them xac nhan, trong khi Action chua ung ho mua.","Chua vao ngay. Khi co xac nhan, tham chieu ke hoach: SL 7,080.0 | T+2.5 7,790.0 | T+5 8,110.0",60.0
HII,HOSE,NO_ACTION,—,15,NEUTRAL,0.0,SAFE,,,42,42,RETAIL_DRIVEN,MODE_A,5910.0,5910.0,5530.0,-6.43,6910.0,7910.0,2.63,37.7,250.0,6284.0,141300,351765,0.0,UP,False,NONE,MARKUP,TRANSITIONAL,WARN,NONE,NEUTRAL,0.0,0.0,0.0,0,,UPTREND_STRENGTHENING,TĂNG,95.0,CHO_XAC_NHAN,"Nen dung ngoai. T+ cho thay can them xac nhan, trong khi Action chua ung ho mua.","Chua vao ngay. Khi co xac nhan, tham chieu ke hoach: SL 5,640.0 | T+2.5 6,280.0 | T+5 6,540.0",60.0
KOS,HOSE,NO_ACTION,—,15,NEUTRAL,0.0,SAFE,,,35,35,RETAIL_DRIVEN,MODE_A,38000.0,38000.0,36850.0,-3.03,40000.0,42050.0,1.74,26.7,504.0,38280.0,407800,431590,0.0,FLAT,False,NONE,MARKUP,TRANSITIONAL,PASS,NONE,OUTFLOW,0.0,0.0,0.0,0,,DOWNTREND_STRENGTHENING,TĂNG,70.0,CHO_XAC_NHAN,"Nen dung ngoai. T+ cho thay can them xac nhan, trong khi Action chua ung ho mua.","Chua vao ngay. Khi co xac nhan, tham chieu ke hoach: SL 37,500.0 | T+2.5 38,800.0 | T+5 39,400.0",70.0
LAF,HOSE,NO_ACTION,—,15,NEUTRAL,0.0,SAFE,,,29,29,WHALE_DISTRIBUTING,MODE_A,17000.0,17000.0,16450.0,-3.24,17900.0,18800.0,1.64,44.1,225.0,16975.0,100,1395,0.0,FLAT,False,NONE,RANGING,TRANSITIONAL,PASS,NONE,NEUTRAL,0.0,0.0,0.0,0,,DOWNTREND_STRENGTHENING,GIẢM,57.0,CHO_XAC_NHAN,"Nen dung ngoai. T+ cho thay can them xac nhan, trong khi Action chua ung ho mua.","Chua vao ngay. Khi co xac nhan, tham chieu ke hoach: SL 16,800.0 | T+2.5 17,350.0 | T+5 17,650.0",60.0
NAF,HOSE,NO_ACTION,—,15,NEUTRAL,0.0,SAFE,,,47,47,RETAIL_DRIVEN,MODE_A,53600.0,52700.0,50800.0,-3.61,57500.0,62300.0,2.53,77.3,1204.0,50958.0,823500,625000,0.0,FLAT,False,CAUTION,MARKUP,STEADY_BULL,WARN,NONE,NEUTRAL,0.0,0.0,0.0,0,,UPTREND_STRENGTHENING,TĂNG,67.0,CHO_XAC_NHAN,"Nen dung ngoai. T+ cho thay can them xac nhan, trong khi Action chua ung ho mua.","Chua vao ngay. Khi co xac nhan, tham chieu ke hoach: SL 52,500.0 | T+2.5 55,400.0 | T+5 56,600.0",80.0
PHC,HOSE,NO_ACTION,—,15,NEUTRAL,0.0,SAFE,,,23,23,WHALE_DISTRIBUTING,MODE_B,4790.0,4790.0,4530.0,-5.43,5470.0,6140.0,2.62,40.0,169.0,4952.0,34100,14360,-14010.0,DOWN,False,NONE,RANGING,TRANSITIONAL,PASS,NONE,NEUTRAL,0.0,0.0,0.0,0,,DOWNTREND_STRENGTHENING,TĂNG,41.0,CHO_XAC_NHAN,"Nen dung ngoai. T+ cho thay can them xac nhan, trong khi Action chua ung ho mua.","Chua vao ngay. Khi co xac nhan, tham chieu ke hoach: SL 4,646.6 | T+2.5 5,060.0 | T+5 5,260.0",65.0
SFG,HOSE,NO_ACTION,—,15,NEUTRAL,0.0,SAFE,,,35,35,RETAIL_DRIVEN,MODE_A,10700.0,10700.0,10300.0,-3.74,11650.0,12650.0,2.38,39.3,243.0,10845.0,100,3415,0.0,FLAT,False,NONE,ACCUMULATION,TRANSITIONAL,PASS,NONE,NEUTRAL,0.0,0.0,0.0,0,,UPTREND_STRENGTHENING,TRUNG LẬP,38.0,CHO_XAC_NHAN,"Nen dung ngoai. T+ cho thay can them xac nhan, trong khi Action chua ung ho mua.","Chua vao ngay. Khi co xac nhan, tham chieu ke hoach: SL 10,450.0 | T+2.5 11,100.0 | T+5 11,400.0",75.0
SHP,HOSE,NO_ACTION,—,15,NEUTRAL,0.0,SAFE,,,36,36,RETAIL_DRIVEN,MODE_A,34000.0,34000.0,32950.0,-3.09,34900.0,35750.0,0.86,43.2,221.0,34058.0,1300,3665,2880.0,UP,False,NONE,RANGING,TRANSITIONAL,PASS,NONE,NEUTRAL,0.0,0.0,0.0,0,,DOWNTREND_STRENGTHENING,TĂNG,70.0,CHO_XAC_NHAN,"Nen dung ngoai. T+ cho thay can them xac nhan, trong khi Action chua ung ho mua.","Chua vao ngay. Khi co xac nhan, tham chieu ke hoach: SL 33,800.0 | T+2.5 34,350.0 | T+5 34,600.0",95.0
VDP,HOSE,NO_ACTION,—,15,NEUTRAL,0.0,SAFE,,,44,44,RETAIL_DRIVEN,MODE_A,54000.0,54000.0,51800.0,-4.07,59600.0,65300.0,2.55,33.5,1407.0,56305.0,700,3990,0.0,FLAT,False,CAUTION,ACCUMULATION,TRANSITIONAL,PASS,NONE,NEUTRAL,0.0,0.0,3.6,200,,UPTREND_STRENGTHENING,TĂNG,88.0,CHO_XAC_NHAN,"Nen dung ngoai. T+ cho thay can them xac nhan, trong khi Action chua ung ho mua.","Chua vao ngay. Khi co xac nhan, tham chieu ke hoach: SL 52,500.0 | T+2.5 56,100.0 | T+5 57,500.0",65.0
D11,HNX,NO_ACTION,—,15,NEUTRAL,0.0,SAFE,,,56,56,RETAIL_DRIVEN,MODE_A,12300.0,12300.0,11850.0,-3.66,13450.0,14600.0,2.56,65.4,286.0,11910.0,100,2745,0.0,UP,False,CAUTION,MARKUP,STEADY_BULL,PASS,NONE,NEUTRAL,0.0,0.0,0.0,0,,UPTREND_STRENGTHENING,TRUNG LẬP,66.0,CHO_XAC_NHAN,"Nen dung ngoai. T+ cho thay can them xac nhan, trong khi Action chua ung ho mua.","Chua vao ngay. Khi co xac nhan, tham chieu ke hoach: SL 12,050.0 | T+2.5 12,800.0 | T+5 13,150.0",60.0
IDC,HNX,NO_ACTION,—,15,NEUTRAL,0.0,SAFE,,,29,29,WHALE_DISTRIBUTING,MODE_A,43400.0,43400.0,41500.0,-4.38,48350.0,53300.0,2.61,41.7,1243.0,44080.0,1262400,1325215,0.0,FLAT,False,NONE,RANGING,STEADY_BEAR,PASS,NONE,NEUTRAL,0.0,0.0,0.0,0,,RANGE_COMPRESSION,TĂNG,70.0,CHO_XAC_NHAN,"Nen dung ngoai. T+ cho thay can them xac nhan, trong khi Action chua ung ho mua.","Chua vao ngay. Khi co xac nhan, tham chieu ke hoach: SL 42,300.0 | T+2.5 45,650.0 | T+5 47,150.0",80.0
PVI,HNX,NO_ACTION,—,15,NEUTRAL,0.0,SAFE,,,39,39,RETAIL_DRIVEN,MODE_A,78200.0,78200.0,75400.0,-3.58,85600.0,93000.0,2.64,43.6,1850.0,78850.0,3300,52900,0.0,UP,False,NONE,RANGING,TRANSITIONAL,PASS,NONE,NEUTRAL,0.0,0.0,0.0,0,,RANGE_COMPRESSION,TĂNG,62.0,CHO_XAC_NHAN,"Nen dung ngoai. T+ cho thay can them xac nhan, trong khi Action chua ung ho mua.","Chua vao ngay. Khi co xac nhan, tham chieu ke hoach: SL 76,522.6 | T+2.5 81,200.0 | T+5 83,400.0",75.0
VC3,HNX,NO_ACTION,—,15,NEUTRAL,0.0,SAFE,,,35,35,RETAIL_DRIVEN,MODE_A,25900.0,25900.0,25100.0,-3.09,27400.0,28950.0,1.88,40.0,379.0,26160.0,1098500,1255630,0.0,FLAT,False,NONE,ACCUMULATION,TRANSITIONAL,PASS,NONE,NEUTRAL,0.0,0.0,0.0,0,,DOWNTREND_STRENGTHENING,GIẢM,37.0,CHO_XAC_NHAN,"Nen dung ngoai. T+ cho thay can them xac nhan, trong khi Action chua ung ho mua.","Chua vao ngay. Khi co xac nhan, tham chieu ke hoach: SL 25,500.0 | T+2.5 26,500.0 | T+5 26,950.0",75.0
