Mã,Action,Conf,MFPM,Macro,MacroScore,Sector Flow,BCTC Risk,FundScore,W-Score,SMS,SMS Label,Mode,Giá,Vào,SL,TP1,R:R,AMF,Pattern,HMM,Stealth,T+ Setup,T+ Verdict,T+ Conf,Trend Warning,Dự báo,FC Conf%,CVD
GSP,WATCH,LOW,68,NEUTRAL,0.0,NEUTRAL,SAFE,,59,41,RETAIL_DRIVEN,MODE_B,11650.0,11650.0,11300.0,12600.0,2.71,PASS,VCP,TRANSITIONAL,False,T_BREAKOUT,CHO_XAC_NHAN,95.0,NONE,,0.0,NEUTRAL
PVD,WATCH,LOW,68,NEUTRAL,0.0,INFLOW,SAFE,,63,40,RETAIL_DRIVEN,MODE_B,35900.0,35900.0,33550.0,42050.0,2.62,WARN,VCP,TRANSITIONAL,False,T_BREAKOUT,CHO_XAC_NHAN,70.0,NONE,,0.0,NEUTRAL
PLX,WATCH,LOW,60,NEUTRAL,0.0,INFLOW,SAFE,,56,51,RETAIL_DRIVEN,MODE_B,45150.0,45150.0,42250.0,52800.0,2.64,WARN,NONE,TRANSITIONAL,False,T_BREAKOUT,CHO_XAC_NHAN,85.0,NONE,,0.0,NEUTRAL
MBS,WATCH,LOW,60,NEUTRAL,0.0,NEUTRAL,SAFE,,33,33,RETAIL_DRIVEN,MODE_A,19900.0,19650.0,18900.0,21600.0,2.6,WARN,NONE,TRANSITIONAL,False,T_RANGE_BREAK,CHO_XAC_NHAN,75.0,NONE,,0.0,NEUTRAL
BTP,WATCH,LOW,58,NEUTRAL,0.0,NEUTRAL,SAFE,,57,39,RETAIL_DRIVEN,MODE_A,8380.0,8380.0,8120.0,8730.0,1.35,PASS,VCP,TRANSITIONAL,False,T_SUPPORT_BOUNCE,CHO_XAC_NHAN,85.0,NONE,,0.0,NEUTRAL
HHS,WATCH,LOW,58,NEUTRAL,0.0,NEUTRAL,SAFE,,47,39,RETAIL_DRIVEN,MODE_A,13000.0,13000.0,12200.0,15050.0,2.56,PASS,RSI_DIV_BULLISH,TRANSITIONAL,False,T_PULLBACK_EMA,CHO_XAC_NHAN,65.0,NONE,,0.0,NEUTRAL
PVS,WATCH,LOW,56,NEUTRAL,0.0,INFLOW,SAFE,,55,32,RETAIL_DRIVEN,MODE_B,43300.0,43300.0,40350.0,51100.0,2.64,WARN,VCP,TRANSITIONAL,False,T_AVOID,TRANH_XA,0.0,NONE,,0.0,NEUTRAL
PET,WATCH,LOW,55,NEUTRAL,0.0,NEUTRAL,SAFE,,40,40,RETAIL_DRIVEN,MODE_A,47350.0,47350.0,44800.0,54100.0,2.65,PASS,NONE,TRANSITIONAL,False,T_PULLBACK_EMA,CHO_XAC_NHAN,95.0,NONE,,0.0,NEUTRAL
TLG,WATCH,LOW,50,NEUTRAL,0.0,NEUTRAL,SAFE,,35,35,RETAIL_DRIVEN,MODE_A,49900.0,49900.0,48400.0,52800.0,1.93,PASS,NONE,TRANSITIONAL,False,T_PULLBACK_EMA,CHO_XAC_NHAN,95.0,NONE,,0.0,NEUTRAL
PLC,WATCH,LOW,50,NEUTRAL,0.0,NEUTRAL,SAFE,,42,42,RETAIL_DRIVEN,MODE_A,23800.0,23300.0,22000.0,26700.0,2.62,WARN,NONE,STEADY_BEAR,False,T_BREAKOUT,CHO_XAC_NHAN,70.0,NONE,,0.0,NEUTRAL
SCG,WATCH,LOW,50,NEUTRAL,0.0,NEUTRAL,SAFE,,35,35,RETAIL_DRIVEN,MODE_A,69000.0,69000.0,66900.0,71700.0,1.29,PASS,NONE,TRANSITIONAL,False,T_PULLBACK_EMA,CHO_XAC_NHAN,65.0,NONE,,0.0,NEUTRAL
VC7,WATCH,LOW,50,NEUTRAL,0.0,NEUTRAL,SAFE,,56,56,RETAIL_DRIVEN,MODE_B,8700.0,8700.0,8340.0,9640.0,2.61,WARN,NONE,TRANSITIONAL,False,T_BREAKOUT,CHO_XAC_NHAN,95.0,NONE,,0.0,NEUTRAL
CRE,NO_ACTION,—,60,NEUTRAL,0.0,NEUTRAL,SAFE,,39,29,WHALE_DISTRIBUTING,MODE_A,7500.0,7500.0,7130.0,8470.0,2.62,PASS,CUP_WITH_HANDLE,TRANSITIONAL,False,T_SUPPORT_BOUNCE,CHO_XAC_NHAN,60.0,NONE,,0.0,NEUTRAL
VND,NO_ACTION,—,60,NEUTRAL,0.0,INFLOW,SAFE,,45,30,WHALE_DISTRIBUTING,MODE_A,16600.0,16600.0,15950.0,18250.0,2.54,PASS,CUP_WITH_HANDLE,TRANSITIONAL,False,T_PULLBACK_EMA,CHO_XAC_NHAN,85.0,NONE,,0.0,NEUTRAL
DTL,NO_ACTION,—,58,NEUTRAL,0.0,NEUTRAL,SAFE,,33,25,WHALE_DISTRIBUTING,MODE_A,11700.0,11500.0,11150.0,12300.0,2.29,PASS,RSI_DIV_BULLISH,TRANSITIONAL,False,T_AVOID,TRANH_XA,0.0,NONE,,0.0,NEUTRAL
BVS,NO_ACTION,—,58,NEUTRAL,0.0,NEUTRAL,SAFE,,48,30,WHALE_DISTRIBUTING,MODE_A,26000.0,26000.0,25150.0,28150.0,2.53,PASS,VCP,STEADY_BEAR,False,T_PULLBACK_EMA,THEO_DOI,45.0,NONE,,0.0,NEUTRAL
LBM,NO_ACTION,—,52,NEUTRAL,0.0,NEUTRAL,SAFE,,37,25,WHALE_DISTRIBUTING,MODE_B,30300.0,30300.0,28900.0,34050.0,2.68,PASS,WYCKOFF_SPRING,STEADY_BEAR,False,T_AVOID,TRANH_XA,0.0,NONE,,0.0,NEUTRAL
BCE,NO_ACTION,—,50,NEUTRAL,0.0,NEUTRAL,SAFE,,24,24,WHALE_DISTRIBUTING,MODE_A,11150.0,10950.0,10500.0,12150.0,2.67,PASS,NONE,TRANSITIONAL,False,T_AVOID,TRANH_XA,0.0,NONE,,0.0,NEUTRAL
FTS,NO_ACTION,—,50,NEUTRAL,0.0,INFLOW,SAFE,,41,26,WHALE_DISTRIBUTING,MODE_A,26850.0,26850.0,25800.0,29550.0,2.57,PASS,CUP_WITH_HANDLE,STEADY_BEAR,False,T_AVOID,TRANH_XA,0.0,NONE,,0.0,NEUTRAL
DAD,NO_ACTION,—,50,NEUTRAL,0.0,NEUTRAL,SAFE,,26,26,WHALE_DISTRIBUTING,MODE_A,15700.0,15700.0,14850.0,17850.0,2.53,PASS,NONE,TRANSITIONAL,False,T_AVOID,TRANH_XA,0.0,NONE,,0.0,NEUTRAL
MSN,NO_ACTION,—,48,NEUTRAL,0.0,NEUTRAL,SAFE,,75,57,RETAIL_DRIVEN,MODE_A,76800.0,76800.0,73900.0,84300.0,2.59,PASS,VCP,TRANSITIONAL,False,T_SUPPORT_BOUNCE,THEO_DOI,30.0,NONE,,0.0,NEUTRAL
AMC,NO_ACTION,—,48,NEUTRAL,0.0,NEUTRAL,SAFE,,36,28,WHALE_DISTRIBUTING,MODE_A,12400.0,12400.0,11500.0,14750.0,2.61,PASS,RSI_DIV_BULLISH,TRANSITIONAL,False,T_PULLBACK_EMA,CHO_XAC_NHAN,80.0,NONE,,0.0,NEUTRAL
ITC,NO_ACTION,—,45,NEUTRAL,0.0,NEUTRAL,SAFE,,40,30,WHALE_DISTRIBUTING,MODE_A,11950.0,11950.0,11400.0,13350.0,2.55,PASS,CUP_WITH_HANDLE,TRANSITIONAL,False,T_PULLBACK_EMA,CHO_XAC_NHAN,85.0,NONE,,0.0,NEUTRAL
PVP,NO_ACTION,—,45,NEUTRAL,0.0,NEUTRAL,SAFE,,48,48,RETAIL_DRIVEN,MODE_B,20600.0,20600.0,19250.0,24150.0,2.63,WARN,NONE,TRANSITIONAL,False,T_MOMENTUM_CONT,CHO_XAC_NHAN,95.0,NONE,,0.0,NEUTRAL
GMX,NO_ACTION,—,45,NEUTRAL,0.0,NEUTRAL,SAFE,,44,34,RETAIL_DRIVEN,MODE_A,16400.0,16400.0,15900.0,17400.0,2.0,PASS,CUP_WITH_HANDLE,TRANSITIONAL,False,T_PULLBACK_EMA,CHO_XAC_NHAN,95.0,NONE,,0.0,NEUTRAL
DSC,NO_ACTION,—,43,NEUTRAL,0.0,NEUTRAL,SAFE,,46,38,RETAIL_DRIVEN,MODE_A,13200.0,13100.0,12550.0,14450.0,2.45,PASS,RSI_DIV_BULLISH,TRANSITIONAL,False,T_RANGE_BREAK,CHO_XAC_NHAN,90.0,NONE,,0.0,NEUTRAL
PDR,NO_ACTION,—,43,NEUTRAL,0.0,OUTFLOW,SAFE,,49,31,RETAIL_DRIVEN,MODE_A,16350.000000000002,16350.0,15650.0,18150.0,2.57,PASS,VCP,TRANSITIONAL,False,T_PULLBACK_EMA,CHO_XAC_NHAN,65.0,NONE,,0.0,NEUTRAL
SSI,NO_ACTION,—,43,NEUTRAL,0.0,INFLOW,SAFE,,53,30,WHALE_DISTRIBUTING,MODE_A,27850.0,27850.0,27000.0,29950.0,2.47,PASS,VCP,STEADY_BEAR,False,T_SUPPORT_BOUNCE,CHO_XAC_NHAN,80.0,NONE,,0.0,NEUTRAL
SRC,NO_ACTION,—,43,NEUTRAL,0.0,NEUTRAL,SAFE,,42,34,RETAIL_DRIVEN,MODE_A,54000.0,53500.0,51300.0,59100.0,2.55,PASS,RSI_DIV_BULLISH,TRANSITIONAL,False,T_PULLBACK_EMA,CHO_XAC_NHAN,70.0,NONE,,0.0,NEUTRAL
TCO,NO_ACTION,—,43,NEUTRAL,0.0,NEUTRAL,SAFE,,54,36,RETAIL_DRIVEN,MODE_A,15500.0,15500.0,14550.0,17950.0,2.58,PASS,VCP,TRANSITIONAL,False,T_PULLBACK_EMA,CHO_XAC_NHAN,80.0,NONE,,0.0,NEUTRAL
VGC,NO_ACTION,—,43,NEUTRAL,0.0,NEUTRAL,SAFE,,52,34,RETAIL_DRIVEN,MODE_A,43300.0,43300.0,41500.0,47950.0,2.58,PASS,VCP,STEADY_BEAR,False,T_NO_SETUP,THEO_DOI,0.0,NONE,,0.0,NEUTRAL
VPB,NO_ACTION,—,43,NEUTRAL,0.0,INFLOW,SAFE,,50,27,WHALE_DISTRIBUTING,MODE_A,27400.0,27400.0,26500.0,29700.0,2.56,PASS,VCP,TRANSITIONAL,False,T_AVOID,TRANH_XA,0.0,NONE,,0.0,NEUTRAL
CKV,NO_ACTION,—,43,NEUTRAL,0.0,NEUTRAL,SAFE,,64,46,RETAIL_DRIVEN,MODE_A,17000.0,17000.0,15950.0,19700.0,2.57,WARN,VCP,TRANSITIONAL,False,T_PULLBACK_EMA,CHO_XAC_NHAN,65.0,NONE,,0.0,NEUTRAL
SHS,NO_ACTION,—,43,NEUTRAL,0.0,NEUTRAL,SAFE,,53,35,RETAIL_DRIVEN,MODE_A,17700.0,17700.0,16900.0,19800.0,2.62,PASS,VCP,TRANSITIONAL,False,T_PULLBACK_EMA,THEO_DOI,45.0,NONE,,0.0,NEUTRAL
TTT,NO_ACTION,—,43,NEUTRAL,0.0,NEUTRAL,SAFE,,38,20,WHALE_DISTRIBUTING,MODE_A,33300.0,33300.0,32300.0,35150.0,1.85,PASS,VCP,TRANSITIONAL,False,T_AVOID,TRANH_XA,0.0,NONE,,0.0,NEUTRAL
VSM,NO_ACTION,—,43,NEUTRAL,0.0,NEUTRAL,SAFE,,29,21,WHALE_DISTRIBUTING,MODE_A,15400.0,15100.0,13750.0,18600.0,2.59,WARN,RSI_DIV_BULLISH,TRANSITIONAL,False,T_BREAKOUT,THEO_DOI,50.0,NONE,,0.0,NEUTRAL
BSR,NO_ACTION,—,40,NEUTRAL,0.0,INFLOW,SAFE,,60,55,RETAIL_DRIVEN,MODE_B,33150.0,33150.0,30800.0,39400.0,2.66,WARN,NONE,TRANSITIONAL,False,T_RANGE_BREAK,THEO_DOI,30.0,NONE,,0.0,NEUTRAL
CHP,NO_ACTION,—,40,NEUTRAL,0.0,NEUTRAL,SAFE,,35,35,RETAIL_DRIVEN,MODE_A,27950.0,27950.0,27100.0,29300.0,1.59,PASS,NONE,TRANSITIONAL,False,T_SUPPORT_BOUNCE,CHO_XAC_NHAN,60.0,NONE,,0.0,NEUTRAL
CLC,NO_ACTION,—,40,NEUTRAL,0.0,NEUTRAL,SAFE,,29,29,WHALE_DISTRIBUTING,MODE_A,54700.0,54700.0,51900.0,62000.0,2.61,PASS,NONE,TRANSITIONAL,False,T_PULLBACK_EMA,CHO_XAC_NHAN,80.0,NONE,,0.0,NEUTRAL
DLG,NO_ACTION,—,40,NEUTRAL,0.0,NEUTRAL,SAFE,,29,29,WHALE_DISTRIBUTING,MODE_A,2700.0,2700.0,2570.0,3020.0,2.46,PASS,NONE,STEADY_BEAR,False,T_PULLBACK_EMA,CHO_XAC_NHAN,75.0,NONE,,0.0,NEUTRAL
DSN,NO_ACTION,—,40,NEUTRAL,0.0,NEUTRAL,SAFE,,19,19,WHALE_DISTRIBUTING,MODE_A,37500.0,37250.0,36100.0,39150.0,1.65,PASS,NONE,TRANSITIONAL,False,T_AVOID,TRANH_XA,0.0,NONE,,0.0,NEUTRAL
MDG,NO_ACTION,—,40,NEUTRAL,0.0,NEUTRAL,SAFE,,24,24,WHALE_DISTRIBUTING,MODE_A,37400.0,36700.0,34050.0,43750.0,2.66,PASS,NONE,STEADY_BEAR,False,T_AVOID,TRANH_XA,0.0,NONE,,0.0,NEUTRAL
NAB,NO_ACTION,—,40,NEUTRAL,0.0,INFLOW,SAFE,,62,47,RETAIL_DRIVEN,MODE_A,12250.0,12250.0,11850.0,13250.0,2.5,PASS,CUP_WITH_HANDLE,STEADY_BULL,False,T_MOMENTUM_CONT,CHO_XAC_NHAN,65.0,NONE,,0.0,NEUTRAL
NNC,NO_ACTION,—,40,NEUTRAL,0.0,NEUTRAL,SAFE,,29,29,WHALE_DISTRIBUTING,MODE_A,44750.0,44750.0,43250.0,48700.0,2.63,PASS,NONE,STEADY_BEAR,False,T_AVOID,TRANH_XA,0.0,NONE,,0.0,NEUTRAL
ORS,NO_ACTION,—,40,NEUTRAL,0.0,NEUTRAL,SAFE,,52,42,RETAIL_DRIVEN,MODE_A,13500.0,13500.0,12950.0,14850.0,2.45,PASS,CUP_WITH_HANDLE,TRANSITIONAL,False,T_SUPPORT_BOUNCE,CHO_XAC_NHAN,65.0,NONE,,0.0,NEUTRAL
PMG,NO_ACTION,—,40,NEUTRAL,0.0,NEUTRAL,SAFE,,27,27,WHALE_DISTRIBUTING,MODE_A,7000.0,6960.0,6640.0,7810.0,2.66,PASS,NONE,TRANSITIONAL,False,T_PULLBACK_EMA,CHO_XAC_NHAN,65.0,NONE,,0.0,NEUTRAL
SBA,NO_ACTION,—,40,NEUTRAL,0.0,NEUTRAL,SAFE,,29,29,WHALE_DISTRIBUTING,MODE_A,28300.0,28300.0,27450.0,29900.0,1.88,PASS,NONE,TRANSITIONAL,False,T_SUPPORT_BOUNCE,CHO_XAC_NHAN,90.0,NONE,,0.0,NEUTRAL
SHP,NO_ACTION,—,40,NEUTRAL,0.0,NEUTRAL,SAFE,,29,29,WHALE_DISTRIBUTING,MODE_A,34300.0,34300.0,33250.0,35500.0,1.14,PASS,NONE,TRANSITIONAL,False,T_PULLBACK_EMA,CHO_XAC_NHAN,80.0,NONE,,0.0,NEUTRAL
SPM,NO_ACTION,—,40,NEUTRAL,0.0,NEUTRAL,SAFE,,40,40,RETAIL_DRIVEN,MODE_A,9100.0,8960.0,8270.0,10800.0,2.67,PASS,NONE,TRANSITIONAL,False,T_AVOID,TRANH_XA,0.0,NONE,,0.0,NEUTRAL
YEG,NO_ACTION,—,40,NEUTRAL,0.0,NEUTRAL,SAFE,,30,30,WHALE_DISTRIBUTING,MODE_A,10000.0,10000.0,9700.0,10550.0,1.83,PASS,NONE,STEADY_BEAR,False,T_SUPPORT_BOUNCE,CHO_XAC_NHAN,75.0,NONE,,0.0,NEUTRAL
CLH,NO_ACTION,—,40,NEUTRAL,0.0,NEUTRAL,SAFE,,44,44,RETAIL_DRIVEN,MODE_A,23300.0,23150.0,22450.0,24400.0,1.79,PASS,NONE,TRANSITIONAL,False,T_BREAKOUT,CHO_XAC_NHAN,95.0,NONE,,0.0,NEUTRAL
D11,NO_ACTION,—,40,NEUTRAL,0.0,NEUTRAL,SAFE,,47,47,RETAIL_DRIVEN,MODE_A,11700.0,11700.0,11250.0,12850.0,2.56,PASS,NONE,TRANSITIONAL,False,T_PULLBACK_EMA,CHO_XAC_NHAN,80.0,NONE,,0.0,NEUTRAL
LHC,NO_ACTION,—,40,NEUTRAL,0.0,NEUTRAL,SAFE,,28,28,WHALE_DISTRIBUTING,MODE_A,96700.0,96700.0,93700.0,103800.0,2.37,PASS,NONE,STEADY_BEAR,False,T_SUPPORT_BOUNCE,CHO_XAC_NHAN,55.0,NONE,,0.0,NEUTRAL
SZB,NO_ACTION,—,40,NEUTRAL,0.0,NEUTRAL,SAFE,,40,40,RETAIL_DRIVEN,MODE_A,42800.0,42800.0,41500.0,44400.0,1.23,PASS,NONE,STEADY_BULL,False,T_PULLBACK_EMA,CHO_XAC_NHAN,95.0,NONE,,0.0,NEUTRAL
TOT,NO_ACTION,—,40,NEUTRAL,0.0,NEUTRAL,SAFE,,50,50,RETAIL_DRIVEN,MODE_B,17100.0,17100.0,16500.0,18650.0,2.58,PASS,NONE,TRANSITIONAL,False,T_PULLBACK_EMA,THEO_DOI,30.0,NONE,,0.0,NEUTRAL
VC3,NO_ACTION,—,40,NEUTRAL,0.0,NEUTRAL,SAFE,,49,49,RETAIL_DRIVEN,MODE_A,26200.0,26200.0,25400.0,27600.0,1.75,PASS,NONE,TRANSITIONAL,False,T_SUPPORT_BOUNCE,CHO_XAC_NHAN,95.0,NONE,,0.0,NEUTRAL
X20,NO_ACTION,—,40,NEUTRAL,0.0,NEUTRAL,SAFE,,40,40,RETAIL_DRIVEN,MODE_A,12300.0,12100.0,11700.0,13000.0,2.25,PASS,NONE,TRANSITIONAL,False,T_AVOID,TRANH_XA,0.0,NONE,,0.0,NEUTRAL
NVT,NO_ACTION,—,37,NEUTRAL,0.0,NEUTRAL,SAFE,,25,13,WHALE_DISTRIBUTING,MODE_A,7570.0,7570.0,7230.0,8450.0,2.59,PASS,WYCKOFF_SPRING,TRANSITIONAL,False,T_AVOID,TRANH_XA,0.0,NONE,,0.0,NEUTRAL
VIF,NO_ACTION,—,37,NEUTRAL,0.0,NEUTRAL,SAFE,,42,30,WHALE_DISTRIBUTING,MODE_A,15400.0,15400.0,14900.0,16300.0,1.8,PASS,WYCKOFF_SPRING,TRANSITIONAL,False,T_SUPPORT_BOUNCE,THEO_DOI,35.0,NONE,,0.0,NEUTRAL
VNF,NO_ACTION,—,37,NEUTRAL,0.0,NEUTRAL,SAFE,,40,28,WHALE_DISTRIBUTING,MODE_A,14900.0,14900.0,14350.0,16350.0,2.64,PASS,WYCKOFF_SPRING,TRANSITIONAL,False,T_SUPPORT_BOUNCE,THEO_DOI,50.0,NONE,,0.0,NEUTRAL
ADG,NO_ACTION,—,35,NEUTRAL,0.0,NEUTRAL,SAFE,,34,34,RETAIL_DRIVEN,MODE_A,9070.0,8980.0,8320.0,10750.0,2.68,PASS,NONE,TRANSITIONAL,False,T_BREAKOUT,THEO_DOI,35.0,NONE,,0.0,NEUTRAL
BWE,NO_ACTION,—,35,NEUTRAL,0.0,INFLOW,SAFE,,28,23,WHALE_DISTRIBUTING,MODE_A,43900.0,43900.0,42550.0,46750.0,2.11,PASS,NONE,TRANSITIONAL,False,T_AVOID,TRANH_XA,0.0,NONE,,0.0,NEUTRAL
CII,NO_ACTION,—,35,NEUTRAL,0.0,NEUTRAL,SAFE,,26,26,WHALE_DISTRIBUTING,MODE_A,19000.0,19000.0,17850.0,22000.0,2.61,PASS,NONE,TRANSITIONAL,False,T_PULLBACK_EMA,THEO_DOI,50.0,NONE,,0.0,NEUTRAL
CLL,NO_ACTION,—,35,NEUTRAL,0.0,NEUTRAL,SAFE,,27,27,WHALE_DISTRIBUTING,MODE_A,30000.0,30000.0,29100.0,30700.0,0.78,PASS,NONE,TRANSITIONAL,False,T_AVOID,TRANH_XA,0.0,NONE,,0.0,NEUTRAL
CTG,NO_ACTION,—,35,NEUTRAL,0.0,INFLOW,SAFE,,42,37,RETAIL_DRIVEN,MODE_A,35850.0,35850.0,34750.0,38500.0,2.41,PASS,NONE,TRANSITIONAL,False,T_PULLBACK_EMA,CHO_XAC_NHAN,80.0,NONE,,0.0,NEUTRAL
CTR,NO_ACTION,—,35,NEUTRAL,0.0,NEUTRAL,SAFE,,31,31,RETAIL_DRIVEN,MODE_A,86000.0,85400.0,82400.0,93300.0,2.63,PASS,NONE,STEADY_BEAR,False,T_SUPPORT_BOUNCE,CHO_XAC_NHAN,55.0,NONE,,0.0,NEUTRAL
DCM,NO_ACTION,—,35,NEUTRAL,0.0,NEUTRAL,SAFE,,38,38,RETAIL_DRIVEN,MODE_A,45200.0,44300.0,41700.0,51200.0,2.65,PASS,NONE,TRANSITIONAL,False,T_PULLBACK_EMA,THEO_DOI,50.0,NONE,,0.0,NEUTRAL
DIG,NO_ACTION,—,35,NEUTRAL,0.0,OUTFLOW,SAFE,,44,34,RETAIL_DRIVEN,MODE_A,14750.0,14750.0,14050.0,16600.0,2.64,PASS,CUP_WITH_HANDLE,TRANSITIONAL,False,T_PULLBACK_EMA,THEO_DOI,45.0,NONE,,0.0,NEUTRAL
DXV,NO_ACTION,—,35,NEUTRAL,0.0,NEUTRAL,SAFE,,36,36,RETAIL_DRIVEN,MODE_A,3850.0,3850.0,3630.0,4420.0,2.59,PASS,NONE,TRANSITIONAL,False,T_PULLBACK_EMA,CHO_XAC_NHAN,65.0,NONE,,0.0,NEUTRAL
HDC,NO_ACTION,—,35,NEUTRAL,0.0,OUTFLOW,SAFE,,30,30,WHALE_DISTRIBUTING,MODE_A,18700.0,18700.0,17950.0,20650.0,2.6,PASS,NONE,TRANSITIONAL,False,T_PULLBACK_EMA,CHO_XAC_NHAN,65.0,NONE,,0.0,NEUTRAL
KOS,NO_ACTION,—,35,NEUTRAL,0.0,OUTFLOW,SAFE,,39,39,RETAIL_DRIVEN,MODE_A,38550.0,38550.0,37350.0,41650.0,2.58,PASS,NONE,TRANSITIONAL,False,T_PULLBACK_EMA,CHO_XAC_NHAN,65.0,NONE,,0.0,NEUTRAL
PHC,NO_ACTION,—,35,NEUTRAL,0.0,NEUTRAL,SAFE,,41,31,RETAIL_DRIVEN,MODE_A,5000.0,5000.0,4780.0,5580.0,2.64,PASS,CUP_WITH_HANDLE,TRANSITIONAL,False,T_PULLBACK_EMA,CHO_XAC_NHAN,65.0,NONE,,0.0,NEUTRAL
SAB,NO_ACTION,—,35,NEUTRAL,0.0,NEUTRAL,SAFE,,31,31,RETAIL_DRIVEN,MODE_A,48100.0,47650.0,45650.0,52900.0,2.62,PASS,NONE,TRANSITIONAL,False,T_AVOID,TRANH_XA,0.0,NONE,,0.0,NEUTRAL
SHI,NO_ACTION,—,35,NEUTRAL,0.0,NEUTRAL,SAFE,,38,38,RETAIL_DRIVEN,MODE_A,14350.0,14350.0,13900.0,15200.0,1.89,PASS,NONE,TRANSITIONAL,False,T_AVOID,TRANH_XA,0.0,NONE,,0.0,NEUTRAL
SJD,NO_ACTION,—,35,NEUTRAL,0.0,NEUTRAL,SAFE,,33,33,RETAIL_DRIVEN,MODE_A,14050.0,14050.0,13600.0,14350.0,0.67,PASS,NONE,TRANSITIONAL,False,T_AVOID,TRANH_XA,0.0,NONE,,0.0,NEUTRAL
TLD,NO_ACTION,—,35,NEUTRAL,0.0,NEUTRAL,SAFE,,38,38,RETAIL_DRIVEN,MODE_A,8360.0,8360.0,8100.0,8860.0,1.92,PASS,NONE,TRANSITIONAL,False,T_PULLBACK_EMA,CHO_XAC_NHAN,80.0,NONE,,0.0,NEUTRAL
TVT,NO_ACTION,—,35,NEUTRAL,0.0,NEUTRAL,SAFE,,20,20,WHALE_DISTRIBUTING,MODE_A,16000.0,16000.0,15500.0,17150.0,2.3,PASS,NONE,TRANSITIONAL,False,T_AVOID,TRANH_XA,0.0,NONE,,0.0,NEUTRAL
CAG,NO_ACTION,—,35,NEUTRAL,0.0,NEUTRAL,SAFE,,27,27,WHALE_DISTRIBUTING,MODE_A,7000.0,6910.0,6660.0,7570.0,2.64,PASS,NONE,TRANSITIONAL,False,T_SUPPORT_BOUNCE,CHO_XAC_NHAN,80.0,NONE,,0.0,NEUTRAL
L14,NO_ACTION,—,35,NEUTRAL,0.0,NEUTRAL,SAFE,,22,22,WHALE_DISTRIBUTING,MODE_A,23800.0,23800.0,22600.0,26900.0,2.58,PASS,NONE,STEADY_BEAR,False,T_AVOID,TRANH_XA,0.0,NONE,,0.0,NEUTRAL
L40,NO_ACTION,—,35,NEUTRAL,0.0,NEUTRAL,SAFE,,48,38,RETAIL_DRIVEN,MODE_A,68200.0,68200.0,65600.0,74900.0,2.58,PASS,CUP_WITH_HANDLE,TRANSITIONAL,False,T_PULLBACK_EMA,CHO_XAC_NHAN,65.0,NONE,,0.0,NEUTRAL
MBG,NO_ACTION,—,35,NEUTRAL,0.0,NEUTRAL,SAFE,,33,33,RETAIL_DRIVEN,MODE_A,2900.0,2840.0,2600.0,3470.0,2.62,PASS,NONE,TRANSITIONAL,False,T_PULLBACK_EMA,THEO_DOI,35.0,NONE,,0.0,NEUTRAL
MCO,NO_ACTION,—,35,NEUTRAL,0.0,NEUTRAL,SAFE,,43,33,RETAIL_DRIVEN,MODE_A,5200.0,5200.0,5040.0,5400.0,1.25,PASS,CUP_WITH_HANDLE,TRANSITIONAL,False,T_OVERSOLD_RECOVERY,CHO_XAC_NHAN,60.0,NONE,,0.0,NEUTRAL
MCF,NO_ACTION,—,35,NEUTRAL,0.0,NEUTRAL,SAFE,,22,22,WHALE_DISTRIBUTING,MODE_A,7200.0,7200.0,6980.0,7640.0,2.0,PASS,NONE,TRANSITIONAL,False,T_AVOID,TRANH_XA,0.0,NONE,,0.0,NEUTRAL
NST,NO_ACTION,—,35,NEUTRAL,0.0,NEUTRAL,SAFE,,29,29,WHALE_DISTRIBUTING,MODE_A,12600.0,12450.0,12000.0,13600.0,2.56,PASS,NONE,TRANSITIONAL,False,T_AVOID,TRANH_XA,0.0,NONE,,0.0,NEUTRAL
ONE,NO_ACTION,—,35,NEUTRAL,0.0,NEUTRAL,SAFE,,34,34,RETAIL_DRIVEN,MODE_A,11300.0,11300.0,10650.0,12950.0,2.54,PASS,NONE,TRANSITIONAL,False,T_PULLBACK_EMA,THEO_DOI,50.0,NONE,,0.0,NEUTRAL
PCH,NO_ACTION,—,35,NEUTRAL,0.0,NEUTRAL,SAFE,,39,39,RETAIL_DRIVEN,MODE_A,22400.0,22400.0,21700.0,23550.0,1.64,PASS,NONE,STEADY_BULL,False,T_PULLBACK_EMA,CHO_XAC_NHAN,95.0,NONE,,0.0,NEUTRAL
PCT,NO_ACTION,—,35,NEUTRAL,0.0,NEUTRAL,SAFE,,22,22,WHALE_DISTRIBUTING,MODE_A,10500.0,10450.0,9780.0,12200.0,2.61,PASS,NONE,TRANSITIONAL,False,T_PULLBACK_EMA,CHO_XAC_NHAN,80.0,NONE,,0.0,NEUTRAL
PMC,NO_ACTION,—,35,NEUTRAL,0.0,NEUTRAL,SAFE,,28,28,WHALE_DISTRIBUTING,MODE_A,138000.0,136200.0,127100.0,160300.0,2.65,PASS,NONE,TRANSITIONAL,False,T_PULLBACK_EMA,THEO_DOI,30.0,NONE,,0.0,NEUTRAL
PVB,NO_ACTION,—,35,NEUTRAL,0.0,NEUTRAL,SAFE,,37,37,RETAIL_DRIVEN,MODE_A,29100.0,28500.0,26800.0,33000.0,2.65,PASS,NONE,STEADY_BEAR,False,T_BREAKOUT,CHO_XAC_NHAN,70.0,NONE,,0.0,NEUTRAL
RCL,NO_ACTION,—,35,NEUTRAL,0.0,NEUTRAL,SAFE,,24,24,WHALE_DISTRIBUTING,MODE_A,11500.0,11500.0,10550.0,14000.0,2.63,PASS,NONE,TRANSITIONAL,False,T_AVOID,TRANH_XA,0.0,NONE,,0.0,NEUTRAL
SD9,NO_ACTION,—,35,NEUTRAL,0.0,NEUTRAL,SAFE,,43,33,RETAIL_DRIVEN,MODE_A,10900.0,10900.0,10550.0,11350.0,1.29,PASS,CUP_WITH_HANDLE,STEADY_BULL,False,T_PULLBACK_EMA,CHO_XAC_NHAN,65.0,NONE,,0.0,NEUTRAL
TTC,NO_ACTION,—,35,NEUTRAL,0.0,NEUTRAL,SAFE,,31,31,RETAIL_DRIVEN,MODE_A,9000.0,9000.0,8620.0,10000.0,2.63,PASS,NONE,TRANSITIONAL,False,T_PULLBACK_EMA,CHO_XAC_NHAN,80.0,NONE,,0.0,NEUTRAL
ACG,NO_ACTION,—,33,NEUTRAL,0.0,NEUTRAL,SAFE,,43,35,RETAIL_DRIVEN,MODE_A,33900.0,33900.0,32650.0,37200.0,2.64,PASS,RSI_DIV_BULLISH,TRANSITIONAL,False,T_SUPPORT_BOUNCE,THEO_DOI,35.0,NONE,,0.0,NEUTRAL
AAA,NO_ACTION,—,33,NEUTRAL,0.0,NEUTRAL,SAFE,,40,32,RETAIL_DRIVEN,MODE_A,7130.0,7130.0,6870.0,7810.0,2.62,PASS,RSI_DIV_BULLISH,TRANSITIONAL,False,T_PULLBACK_EMA,CHO_XAC_NHAN,65.0,NONE,,0.0,NEUTRAL
CMX,NO_ACTION,—,33,NEUTRAL,0.0,NEUTRAL,SAFE,,42,24,WHALE_DISTRIBUTING,MODE_A,5840.0,5840.0,5660.0,6260.0,2.33,PASS,VCP,STEADY_BEAR,False,T_AVOID,TRANH_XA,0.0,NONE,,0.0,NEUTRAL
DHG,NO_ACTION,—,33,NEUTRAL,0.0,NEUTRAL,SAFE,,40,32,RETAIL_DRIVEN,MODE_A,96100.0,96100.0,93200.0,99300.0,1.1,PASS,RSI_DIV_BULLISH,TRANSITIONAL,False,T_AVOID,TRANH_XA,0.0,NONE,,0.0,NEUTRAL
PC1,NO_ACTION,—,33,NEUTRAL,0.0,NEUTRAL,SAFE,,39,21,WHALE_DISTRIBUTING,MODE_B,17100.0,17100.0,15400.0,21550.0,2.62,WARN,VCP,STEADY_BEAR,False,T_AVOID,TRANH_XA,0.0,NONE,,0.0,NEUTRAL
PJT,NO_ACTION,—,33,NEUTRAL,0.0,NEUTRAL,SAFE,,49,31,RETAIL_DRIVEN,MODE_B,9100.0,9100.0,8640.0,10300.0,2.61,PASS,VCP,TRANSITIONAL,False,T_BREAKOUT,THEO_DOI,35.0,NONE,,0.0,NEUTRAL
TBC,NO_ACTION,—,33,NEUTRAL,0.0,NEUTRAL,SAFE,,40,32,RETAIL_DRIVEN,MODE_B,32200.000000000004,32200.0,31100.0,35050.0,2.59,PASS,RSI_DIV_BULLISH,STEADY_BEAR,False,T_AVOID,TRANH_XA,0.0,NONE,,0.0,NEUTRAL
THG,NO_ACTION,—,33,NEUTRAL,0.0,NEUTRAL,SAFE,,48,30,WHALE_DISTRIBUTING,MODE_A,43300.0,43300.0,42000.0,45350.0,1.58,PASS,VCP,TRANSITIONAL,False,T_OVERSOLD_RECOVERY,CHO_XAC_NHAN,75.0,NONE,,0.0,NEUTRAL
VOS,NO_ACTION,—,33,NEUTRAL,0.0,NEUTRAL,SAFE,,53,35,RETAIL_DRIVEN,MODE_A,13000.0,12750.0,12300.0,13900.0,2.56,PASS,VCP,STEADY_BEAR,False,T_NO_SETUP,THEO_DOI,0.0,NONE,,0.0,NEUTRAL
IDV,NO_ACTION,—,33,NEUTRAL,0.0,NEUTRAL,SAFE,,30,22,WHALE_DISTRIBUTING,MODE_A,22900.0,22900.0,22200.0,24500.0,2.29,PASS,RSI_DIV_BULLISH,TRANSITIONAL,False,T_AVOID,TRANH_XA,0.0,NONE,,0.0,NEUTRAL
KHS,NO_ACTION,—,33,NEUTRAL,0.0,NEUTRAL,SAFE,,42,34,RETAIL_DRIVEN,MODE_A,13600.0,13600.0,13150.0,14500.0,2.0,PASS,RSI_DIV_BULLISH,STEADY_BEAR,False,T_PULLBACK_EMA,THEO_DOI,45.0,NONE,,0.0,NEUTRAL
LAS,NO_ACTION,—,33,NEUTRAL,0.0,NEUTRAL,SAFE,,43,25,WHALE_DISTRIBUTING,MODE_A,15800.0,15800.0,14950.0,17950.0,2.53,PASS,VCP,STEADY_BEAR,False,T_AVOID,TRANH_XA,0.0,NONE,,0.0,NEUTRAL
VCS,NO_ACTION,—,33,NEUTRAL,0.0,NEUTRAL,SAFE,,44,26,WHALE_DISTRIBUTING,MODE_A,39000.0,39000.0,37800.0,41650.0,2.21,PASS,VCP,STEADY_BEAR,False,T_AVOID,TRANH_XA,0.0,NONE,,0.0,NEUTRAL
VFS,NO_ACTION,—,33,NEUTRAL,0.0,NEUTRAL,SAFE,,44,26,WHALE_DISTRIBUTING,MODE_A,13000.0,13000.0,12400.0,14500.0,2.5,PASS,VCP,TRANSITIONAL,False,T_AVOID,TRANH_XA,0.0,NONE,,0.0,NEUTRAL
ADP,NO_ACTION,—,30,NEUTRAL,0.0,NEUTRAL,SAFE,,48,48,RETAIL_DRIVEN,MODE_A,22750.0,22750.0,22050.0,23800.0,1.5,PASS,NONE,TRANSITIONAL,False,T_PULLBACK_EMA,THEO_DOI,45.0,NONE,,0.0,NEUTRAL
AST,NO_ACTION,—,30,NEUTRAL,0.0,NEUTRAL,SAFE,,40,40,RETAIL_DRIVEN,MODE_A,71500.0,71500.0,68700.0,78900.0,2.64,PASS,NONE,TRANSITIONAL,False,T_AVOID,TRANH_XA,0.0,NONE,,0.0,NEUTRAL
C32,NO_ACTION,—,30,NEUTRAL,0.0,NEUTRAL,SAFE,,49,49,RETAIL_DRIVEN,MODE_A,12950.0,12950.0,11750.0,16100.0,2.62,WARN,NONE,TRANSITIONAL,False,T_MOMENTUM_CONT,CHO_XAC_NHAN,95.0,NONE,,0.0,NEUTRAL
DPM,NO_ACTION,—,30,NEUTRAL,0.0,NEUTRAL,SAFE,,41,41,RETAIL_DRIVEN,MODE_A,28000.0,27450.0,26100.0,31000.0,2.63,PASS,NONE,TRANSITIONAL,False,T_PULLBACK_EMA,THEO_DOI,50.0,NONE,,0.0,NEUTRAL
DVP,NO_ACTION,—,30,NEUTRAL,0.0,NEUTRAL,SAFE,,49,49,RETAIL_DRIVEN,MODE_A,76200.0,75700.0,73400.0,78200.0,1.09,PASS,NONE,STEADY_BULL,False,T_MOMENTUM_CONT,CHO_XAC_NHAN,95.0,NONE,,0.0,NEUTRAL
DXG,NO_ACTION,—,30,NEUTRAL,0.0,OUTFLOW,SAFE,,42,42,RETAIL_DRIVEN,MODE_A,15700.0,15700.0,14900.0,17800.0,2.62,PASS,NONE,TRANSITIONAL,False,T_PULLBACK_EMA,THEO_DOI,45.0,NONE,,0.0,NEUTRAL
HCM,NO_ACTION,—,30,NEUTRAL,0.0,INFLOW,SAFE,,44,39,RETAIL_DRIVEN,MODE_B,29200.0,29200.0,27700.0,33050.0,2.57,WARN,NONE,TRANSITIONAL,False,T_MOMENTUM_CONT,CHO_XAC_NHAN,95.0,NONE,,0.0,NEUTRAL
HSG,NO_ACTION,—,30,NEUTRAL,0.0,NEUTRAL,SAFE,,36,26,WHALE_DISTRIBUTING,MODE_A,12000.0,12000.0,11600.0,13050.0,2.62,PASS,CUP_WITH_HANDLE,TRANSITIONAL,False,T_AVOID,TRANH_XA,0.0,NONE,,0.0,NEUTRAL
HU1,NO_ACTION,—,30,NEUTRAL,0.0,NEUTRAL,SAFE,,34,34,RETAIL_DRIVEN,MODE_B,6800.0,6800.0,6360.0,7950.0,2.61,WARN,NONE,TRANSITIONAL,False,T_BREAKOUT,CHO_XAC_NHAN,70.0,NONE,,0.0,NEUTRAL
MCM,NO_ACTION,—,30,NEUTRAL,0.0,NEUTRAL,SAFE,,40,40,RETAIL_DRIVEN,MODE_A,28500.0,28500.0,27600.0,30450.0,2.17,PASS,NONE,STEADY_BULL,False,T_MOMENTUM_CONT,CHO_XAC_NHAN,65.0,NONE,,0.0,NEUTRAL
MCP,NO_ACTION,—,30,NEUTRAL,0.0,NEUTRAL,SAFE,,49,49,RETAIL_DRIVEN,MODE_A,27300.0,27300.0,26450.0,28150.0,1.0,PASS,NONE,TRANSITIONAL,False,T_SUPPORT_BOUNCE,THEO_DOI,45.0,NONE,,0.0,NEUTRAL
PAN,NO_ACTION,—,30,NEUTRAL,0.0,NEUTRAL,SAFE,,48,48,RETAIL_DRIVEN,MODE_A,33000.0,32600.0,31200.0,36300.0,2.64,PASS,NONE,TRANSITIONAL,False,T_MOMENTUM_CONT,CHO_XAC_NHAN,70.0,NONE,,0.0,NEUTRAL
PVT,NO_ACTION,—,30,NEUTRAL,0.0,INFLOW,SAFE,,41,36,RETAIL_DRIVEN,MODE_B,25400.0,25400.0,23650.0,29950.0,2.6,WARN,NONE,TRANSITIONAL,False,T_BREAKOUT,CHO_XAC_NHAN,70.0,NONE,,0.0,NEUTRAL
SVC,NO_ACTION,—,30,NEUTRAL,0.0,NEUTRAL,SAFE,,48,48,RETAIL_DRIVEN,MODE_A,17200.0,17200.0,16350.0,19350.0,2.53,PASS,NONE,STEADY_BEAR,False,T_AVOID,TRANH_XA,0.0,NONE,,0.0,NEUTRAL
TDC,NO_ACTION,—,30,NEUTRAL,0.0,NEUTRAL,SAFE,,18,18,WHALE_DISTRIBUTING,MODE_A,10950.0,10950.0,10600.0,11550.0,1.71,PASS,NONE,TRANSITIONAL,False,T_AVOID,TRANH_XA,0.0,NONE,,0.0,NEUTRAL
VCB,NO_ACTION,—,30,NEUTRAL,0.0,INFLOW,SAFE,,45,40,RETAIL_DRIVEN,MODE_A,61500.0,61000.0,59000.0,66300.0,2.65,PASS,NONE,TRANSITIONAL,False,T_AVOID,TRANH_XA,0.0,NONE,,0.0,NEUTRAL
VPI,NO_ACTION,—,30,NEUTRAL,0.0,OUTFLOW,SAFE,,48,48,RETAIL_DRIVEN,MODE_A,62100.0,62100.0,59500.0,69000.0,2.65,PASS,NONE,TRANSITIONAL,False,T_PULLBACK_EMA,CHO_XAC_NHAN,60.0,NONE,,0.0,NEUTRAL
VPL,NO_ACTION,—,30,NEUTRAL,0.0,NEUTRAL,SAFE,,48,48,RETAIL_DRIVEN,MODE_A,89200.0,89200.0,83100.0,105400.0,2.66,PASS,NONE,TRANSITIONAL,False,T_PULLBACK_EMA,THEO_DOI,45.0,NONE,,0.0,NEUTRAL
NDX,NO_ACTION,—,30,NEUTRAL,0.0,NEUTRAL,SAFE,,50,50,MIXED,MODE_A,6700.0,6700.0,6490.0,6810.0,0.52,PASS,NONE,TRANSITIONAL,False,T_MOMENTUM_CONT,CHO_XAC_NHAN,85.0,NONE,,0.0,NEUTRAL
NTP,NO_ACTION,—,30,NEUTRAL,0.0,NEUTRAL,SAFE,,43,43,RETAIL_DRIVEN,MODE_A,61600.0,61600.0,59700.0,66300.0,2.47,PASS,NONE,TRANSITIONAL,False,T_PULLBACK_EMA,CHO_XAC_NHAN,65.0,NONE,,0.0,NEUTRAL
PRE,NO_ACTION,—,30,NEUTRAL,0.0,NEUTRAL,SAFE,,45,45,RETAIL_DRIVEN,MODE_B,26300.0,26300.0,25500.0,28000.0,2.12,WARN,NONE,STEADY_BULL,False,T_MOMENTUM_CONT,CHO_XAC_NHAN,65.0,NONE,,0.0,NEUTRAL
PVG,NO_ACTION,—,30,NEUTRAL,0.0,NEUTRAL,SAFE,,41,41,RETAIL_DRIVEN,MODE_A,6400.0,6360.0,6070.0,7130.0,2.66,PASS,NONE,TRANSITIONAL,False,T_PULLBACK_EMA,CHO_XAC_NHAN,65.0,NONE,,0.0,NEUTRAL
S99,NO_ACTION,—,30,NEUTRAL,0.0,NEUTRAL,SAFE,,44,44,RETAIL_DRIVEN,MODE_A,9500.0,9500.0,8980.0,10850.0,2.6,PASS,NONE,TRANSITIONAL,False,T_PULLBACK_EMA,CHO_XAC_NHAN,60.0,NONE,,0.0,NEUTRAL
TD6,NO_ACTION,—,30,NEUTRAL,0.0,NEUTRAL,SAFE,,46,46,RETAIL_DRIVEN,MODE_A,7100.0,7100.0,6820.0,7840.0,2.64,PASS,NONE,STEADY_BEAR,False,T_PULLBACK_EMA,THEO_DOI,45.0,NONE,,0.0,NEUTRAL
VGP,NO_ACTION,—,30,NEUTRAL,0.0,NEUTRAL,SAFE,,43,43,RETAIL_DRIVEN,MODE_A,25600.0,25600.0,24800.0,26650.0,1.31,PASS,NONE,TRANSITIONAL,False,T_SUPPORT_BOUNCE,THEO_DOI,40.0,NONE,,0.0,NEUTRAL
VTC,NO_ACTION,—,30,NEUTRAL,0.0,NEUTRAL,SAFE,,0,26,WHALE_DISTRIBUTING,MODE_B,14600.0,14600.0,13600.0,17200.0,2.6,WARN,NONE,TRANSITIONAL,False,T_BREAKOUT,CHO_XAC_NHAN,95.0,NONE,,0.0,NEUTRAL
HAR,NO_ACTION,—,28,NEUTRAL,0.0,NEUTRAL,SAFE,,51,33,RETAIL_DRIVEN,MODE_A,3660.0,3590.0,3470.0,3880.0,2.42,PASS,VCP,TRANSITIONAL,False,T_BREAKOUT,THEO_DOI,50.0,NONE,,0.0,NEUTRAL
HRC,NO_ACTION,—,28,NEUTRAL,0.0,NEUTRAL,SAFE,,15,37,WHALE_DISTRIBUTING,MODE_B,58900.0,58900.0,54300.0,71000.0,2.63,WARN,RSI_DIV_BULLISH,TRANSITIONAL,False,T_BREAKOUT,CHO_XAC_NHAN,65.0,NONE,,0.0,NEUTRAL
VIC,NO_ACTION,—,28,NEUTRAL,0.0,OUTFLOW,SAFE,,42,24,WHALE_DISTRIBUTING,MODE_A,226.3,220.0,200.0,270.0,2.5,WARN,VCP,TRANSITIONAL,False,T_AVOID,TRANH_XA,0.0,NONE,,0.0,NEUTRAL
POT,NO_ACTION,—,28,NEUTRAL,0.0,NEUTRAL,SAFE,,45,27,WHALE_DISTRIBUTING,MODE_A,20000.0,20000.0,18650.0,23500.0,2.59,PASS,VCP,TRANSITIONAL,False,T_NO_SETUP,THEO_DOI,0.0,NONE,,0.0,NEUTRAL
PSD,NO_ACTION,—,28,NEUTRAL,0.0,NEUTRAL,SAFE,,53,35,RETAIL_DRIVEN,MODE_A,17300.0,17300.0,16600.0,19050.0,2.5,PASS,VCP,TRANSITIONAL,False,T_SUPPORT_BOUNCE,THEO_DOI,35.0,NONE,,0.0,NEUTRAL
VTH,NO_ACTION,—,28,NEUTRAL,0.0,NEUTRAL,SAFE,,51,33,RETAIL_DRIVEN,MODE_B,8400.0,8400.0,7860.0,9830.0,2.65,PASS,VCP,TRANSITIONAL,False,T_PULLBACK_EMA,THEO_DOI,40.0,NONE,,0.0,NEUTRAL
BMC,NO_ACTION,—,27,NEUTRAL,0.0,NEUTRAL,SAFE,,50,38,RETAIL_DRIVEN,MODE_A,12950.0,12950.0,12400.0,14350.0,2.55,PASS,WYCKOFF_SPRING,TRANSITIONAL,False,T_SUPPORT_BOUNCE,CHO_XAC_NHAN,70.0,NONE,,0.0,NEUTRAL
DBD,NO_ACTION,—,27,NEUTRAL,0.0,NEUTRAL,SAFE,,43,31,RETAIL_DRIVEN,MODE_A,50100.0,50100.0,48550.0,52200.0,1.35,PASS,WYCKOFF_SPRING,STEADY_BEAR,False,T_SUPPORT_BOUNCE,CHO_XAC_NHAN,85.0,NONE,,0.0,NEUTRAL
HAX,NO_ACTION,—,27,NEUTRAL,0.0,NEUTRAL,SAFE,,37,25,WHALE_DISTRIBUTING,MODE_A,10100.0,10100.0,9790.0,10700.0,1.94,PASS,WYCKOFF_SPRING,STEADY_BEAR,False,T_AVOID,TRANH_XA,0.0,NONE,,0.0,NEUTRAL
LHG,NO_ACTION,—,27,NEUTRAL,0.0,NEUTRAL,SAFE,,35,23,WHALE_DISTRIBUTING,MODE_A,27900.0,27900.0,27050.0,29100.0,1.41,PASS,WYCKOFF_SPRING,STEADY_BEAR,False,T_AVOID,TRANH_XA,0.0,NONE,,0.0,NEUTRAL
MIG,NO_ACTION,—,27,NEUTRAL,0.0,NEUTRAL,SAFE,,41,29,WHALE_DISTRIBUTING,MODE_A,17400.0,17400.0,16850.0,18500.0,2.0,PASS,WYCKOFF_SPRING,STEADY_BEAR,False,T_SUPPORT_BOUNCE,CHO_XAC_NHAN,85.0,NONE,,0.0,NEUTRAL
MSH,NO_ACTION,—,27,NEUTRAL,0.0,NEUTRAL,SAFE,,39,27,WHALE_DISTRIBUTING,MODE_A,35200.0,35200.0,34100.0,37300.0,1.91,PASS,WYCKOFF_SPRING,TRANSITIONAL,False,T_AVOID,TRANH_XA,0.0,NONE,,0.0,NEUTRAL
SAM,NO_ACTION,—,27,NEUTRAL,0.0,NEUTRAL,SAFE,,40,28,WHALE_DISTRIBUTING,MODE_A,6630.0,6630.0,6410.0,7200.0,2.59,PASS,WYCKOFF_SPRING,STEADY_BEAR,False,T_SUPPORT_BOUNCE,CHO_XAC_NHAN,75.0,NONE,,0.0,NEUTRAL
SBT,NO_ACTION,—,27,NEUTRAL,0.0,NEUTRAL,SAFE,,40,28,WHALE_DISTRIBUTING,MODE_A,20200.0,20200.0,19550.0,20850.0,1.0,PASS,WYCKOFF_SPRING,STEADY_BEAR,False,T_AVOID,TRANH_XA,0.0,NONE,,0.0,NEUTRAL
VNM,NO_ACTION,—,27,NEUTRAL,0.0,NEUTRAL,SAFE,,32,20,WHALE_DISTRIBUTING,MODE_A,59900.0,59900.0,58100.0,63500.0,2.0,PASS,WYCKOFF_SPRING,STEADY_BEAR,False,T_AVOID,TRANH_XA,0.0,NONE,,0.0,NEUTRAL
ADS,NO_ACTION,—,25,NEUTRAL,0.0,NEUTRAL,SAFE,,35,35,RETAIL_DRIVEN,MODE_A,9000.0,9000.0,8730.0,9650.0,2.41,PASS,NONE,TRANSITIONAL,False,T_PULLBACK_EMA,CHO_XAC_NHAN,95.0,NONE,,0.0,NEUTRAL
AGR,NO_ACTION,—,25,NEUTRAL,0.0,NEUTRAL,SAFE,,30,30,WHALE_DISTRIBUTING,MODE_A,14550.0,14550.0,14100.0,15500.0,2.11,PASS,NONE,STEADY_BEAR,False,T_SUPPORT_BOUNCE,CHO_XAC_NHAN,80.0,NONE,,0.0,NEUTRAL
ASM,NO_ACTION,—,25,NEUTRAL,0.0,NEUTRAL,SAFE,,31,31,RETAIL_DRIVEN,MODE_A,5970.0,5970.0,5720.0,6620.0,2.6,PASS,NONE,TRANSITIONAL,False,T_PULLBACK_EMA,THEO_DOI,45.0,NONE,,0.0,NEUTRAL
APH,NO_ACTION,—,25,NEUTRAL,0.0,NEUTRAL,SAFE,,32,32,RETAIL_DRIVEN,MODE_A,5680.0,5680.0,5490.0,6180.0,2.63,PASS,NONE,TRANSITIONAL,False,T_PULLBACK_EMA,CHO_XAC_NHAN,65.0,NONE,,0.0,NEUTRAL
BMP,NO_ACTION,—,25,NEUTRAL,0.0,NEUTRAL,SAFE,,36,36,RETAIL_DRIVEN,MODE_A,155.8,160.0,150.0,180.0,2.0,PASS,NONE,TRANSITIONAL,False,T_AVOID,TRANH_XA,0.0,NONE,,0.0,NEUTRAL
BVH,NO_ACTION,—,25,NEUTRAL,0.0,OUTFLOW,SAFE,,23,23,WHALE_DISTRIBUTING,MODE_A,70500.0,69100.0,65500.0,78600.0,2.64,PASS,NONE,STEADY_BEAR,False,T_PULLBACK_EMA,THEO_DOI,30.0,NONE,,0.0,NEUTRAL
BSI,NO_ACTION,—,25,NEUTRAL,0.0,INFLOW,SAFE,,34,29,WHALE_DISTRIBUTING,MODE_A,35000.0,35000.0,33900.0,37900.0,2.64,PASS,NONE,STEADY_BEAR,False,T_SUPPORT_BOUNCE,CHO_XAC_NHAN,75.0,NONE,,0.0,NEUTRAL
DHC,NO_ACTION,—,25,NEUTRAL,0.0,NEUTRAL,SAFE,,31,31,RETAIL_DRIVEN,MODE_A,35600.0,35600.0,34300.0,38950.0,2.58,PASS,NONE,TRANSITIONAL,False,T_SUPPORT_BOUNCE,CHO_XAC_NHAN,85.0,NONE,,0.0,NEUTRAL
EVF,NO_ACTION,—,25,NEUTRAL,0.0,INFLOW,SAFE,,50,45,RETAIL_DRIVEN,MODE_A,14100.0,13800.0,13150.0,15450.0,2.54,PASS,NONE,TRANSITIONAL,False,T_RANGE_BREAK,CHO_XAC_NHAN,75.0,NONE,,0.0,NEUTRAL
FPT,NO_ACTION,—,25,NEUTRAL,0.0,NEUTRAL,SAFE,,25,25,WHALE_DISTRIBUTING,MODE_A,73700.0,73100.0,70400.0,80300.0,2.67,PASS,NONE,STEADY_BEAR,False,T_AVOID,TRANH_XA,0.0,NONE,,0.0,NEUTRAL
GMH,NO_ACTION,—,25,NEUTRAL,0.0,NEUTRAL,SAFE,,47,47,RETAIL_DRIVEN,MODE_A,7530.0,7410.0,7030.0,8400.0,2.61,PASS,NONE,TRANSITIONAL,False,T_NO_SETUP,THEO_DOI,0.0,NONE,,0.0,NEUTRAL
HCD,NO_ACTION,—,25,NEUTRAL,0.0,NEUTRAL,SAFE,,27,27,WHALE_DISTRIBUTING,MODE_A,7900.0,7900.0,7660.0,8530.0,2.62,PASS,NONE,TRANSITIONAL,False,T_SUPPORT_BOUNCE,CHO_XAC_NHAN,95.0,NONE,,0.0,NEUTRAL
HDB,NO_ACTION,—,25,NEUTRAL,0.0,INFLOW,SAFE,,37,32,RETAIL_DRIVEN,MODE_A,27250.0,27250.0,26400.0,29350.0,2.47,PASS,NONE,TRANSITIONAL,False,T_AVOID,TRANH_XA,0.0,NONE,,0.0,NEUTRAL
HTL,NO_ACTION,—,25,NEUTRAL,0.0,NEUTRAL,SAFE,,39,39,RETAIL_DRIVEN,MODE_B,21000.0,21000.0,20350.0,22350.0,2.08,WARN,NONE,STEADY_BEAR,False,T_AVOID,TRANH_XA,0.0,NONE,,0.0,NEUTRAL
ICT,NO_ACTION,—,25,NEUTRAL,0.0,NEUTRAL,SAFE,,29,29,WHALE_DISTRIBUTING,MODE_A,18100.0,18100.0,17550.0,18600.0,0.91,PASS,NONE,TRANSITIONAL,False,T_AVOID,TRANH_XA,0.0,NONE,,0.0,NEUTRAL
ILB,NO_ACTION,—,25,NEUTRAL,0.0,NEUTRAL,SAFE,,32,32,RETAIL_DRIVEN,MODE_A,21900.0,21900.0,21200.0,22850.0,1.36,PASS,NONE,TRANSITIONAL,False,T_AVOID,TRANH_XA,0.0,NONE,,0.0,NEUTRAL
KMR,NO_ACTION,—,25,NEUTRAL,0.0,NEUTRAL,SAFE,,37,37,RETAIL_DRIVEN,MODE_A,2800.0,2770.0,2680.0,2940.0,1.89,PASS,NONE,TRANSITIONAL,False,T_MOMENTUM_CONT,CHO_XAC_NHAN,60.0,NONE,,0.0,NEUTRAL
LAF,NO_ACTION,—,25,NEUTRAL,0.0,NEUTRAL,SAFE,,38,38,RETAIL_DRIVEN,MODE_A,16850.0,16850.0,16300.0,17850.0,1.82,PASS,NONE,TRANSITIONAL,False,T_PULLBACK_EMA,THEO_DOI,45.0,NONE,,0.0,NEUTRAL
MHC,NO_ACTION,—,25,NEUTRAL,0.0,NEUTRAL,SAFE,,30,30,WHALE_DISTRIBUTING,MODE_A,9850.0,9850.0,9280.0,11350.0,2.63,PASS,NONE,TRANSITIONAL,False,T_AVOID,TRANH_XA,0.0,NONE,,0.0,NEUTRAL
NAF,NO_ACTION,—,25,NEUTRAL,0.0,NEUTRAL,SAFE,,33,33,RETAIL_DRIVEN,MODE_A,49750.0,49750.0,48250.0,53100.0,2.23,PASS,NONE,TRANSITIONAL,False,T_PULLBACK_EMA,CHO_XAC_NHAN,80.0,NONE,,0.0,NEUTRAL
NBB,NO_ACTION,—,25,NEUTRAL,0.0,NEUTRAL,SAFE,,45,35,RETAIL_DRIVEN,MODE_A,17800.0,17800.0,17000.0,19800.0,2.5,PASS,CUP_WITH_HANDLE,TRANSITIONAL,False,T_AVOID,TRANH_XA,0.0,NONE,,0.0,NEUTRAL
NCT,NO_ACTION,—,25,NEUTRAL,0.0,NEUTRAL,SAFE,,27,27,WHALE_DISTRIBUTING,MODE_A,91800.0,91800.0,89000.0,95200.0,1.21,PASS,NONE,TRANSITIONAL,False,T_SUPPORT_BOUNCE,THEO_DOI,50.0,NONE,,0.0,NEUTRAL
NHH,NO_ACTION,—,25,NEUTRAL,0.0,NEUTRAL,SAFE,,37,37,RETAIL_DRIVEN,MODE_A,10550.0,10550.0,10200.0,11400.0,2.43,PASS,NONE,TRANSITIONAL,False,T_MOMENTUM_CONT,THEO_DOI,35.0,NONE,,0.0,NEUTRAL
NTL,NO_ACTION,—,25,NEUTRAL,0.0,NEUTRAL,SAFE,,32,32,RETAIL_DRIVEN,MODE_A,16400.0,16300.0,15700.0,17850.0,2.58,PASS,NONE,TRANSITIONAL,False,T_PULLBACK_EMA,CHO_XAC_NHAN,65.0,NONE,,0.0,NEUTRAL
OCB,NO_ACTION,—,25,NEUTRAL,0.0,INFLOW,SAFE,,41,36,RETAIL_DRIVEN,MODE_A,11200.0,11200.0,10850.0,12000.0,2.29,PASS,NONE,TRANSITIONAL,False,T_SUPPORT_BOUNCE,CHO_XAC_NHAN,80.0,NONE,,0.0,NEUTRAL
PTB,NO_ACTION,—,25,NEUTRAL,0.0,NEUTRAL,SAFE,,37,37,RETAIL_DRIVEN,MODE_A,40100.0,40100.0,38850.0,43250.0,2.52,PASS,NONE,TRANSITIONAL,False,T_SUPPORT_BOUNCE,CHO_XAC_NHAN,85.0,NONE,,0.0,NEUTRAL
SBG,NO_ACTION,—,25,NEUTRAL,0.0,NEUTRAL,SAFE,,30,30,WHALE_DISTRIBUTING,MODE_A,11950.0,11950.0,11400.0,13300.0,2.45,PASS,NONE,TRANSITIONAL,False,T_PULLBACK_EMA,CHO_XAC_NHAN,65.0,NONE,,0.0,NEUTRAL
SFI,NO_ACTION,—,25,NEUTRAL,0.0,NEUTRAL,SAFE,,33,33,RETAIL_DRIVEN,MODE_A,28000.0,28000.0,26850.0,30950.0,2.57,PASS,NONE,TRANSITIONAL,False,T_PULLBACK_EMA,CHO_XAC_NHAN,80.0,NONE,,0.0,NEUTRAL
SMB,NO_ACTION,—,25,NEUTRAL,0.0,NEUTRAL,SAFE,,31,31,RETAIL_DRIVEN,MODE_A,39950.0,39950.0,38750.0,41600.0,1.38,PASS,NONE,TRANSITIONAL,False,T_AVOID,TRANH_XA,0.0,NONE,,0.0,NEUTRAL
SKG,NO_ACTION,—,25,NEUTRAL,0.0,NEUTRAL,SAFE,,26,26,WHALE_DISTRIBUTING,MODE_A,9400.0,9400.0,9110.0,9970.0,1.97,PASS,NONE,TRANSITIONAL,False,T_AVOID,TRANH_XA,0.0,NONE,,0.0,NEUTRAL
SZL,NO_ACTION,—,25,NEUTRAL,0.0,NEUTRAL,SAFE,,39,39,RETAIL_DRIVEN,MODE_A,53300.0,53300.0,51700.0,57100.0,2.38,PASS,NONE,STEADY_BULL,False,T_MOMENTUM_CONT,CHO_XAC_NHAN,85.0,NONE,,0.0,NEUTRAL
TCI,NO_ACTION,—,25,NEUTRAL,0.0,NEUTRAL,SAFE,,42,42,RETAIL_DRIVEN,MODE_A,11550.0,11300.0,10850.0,12400.0,2.44,WARN,NONE,STEADY_BULL,False,T_MOMENTUM_CONT,THEO_DOI,50.0,NONE,,0.0,NEUTRAL
TCL,NO_ACTION,—,25,NEUTRAL,0.0,NEUTRAL,SAFE,,33,33,RETAIL_DRIVEN,MODE_A,34400.0,34400.0,33350.0,35650.0,1.19,PASS,NONE,TRANSITIONAL,False,T_AVOID,TRANH_XA,0.0,NONE,,0.0,NEUTRAL
TDM,NO_ACTION,—,25,NEUTRAL,0.0,NEUTRAL,SAFE,,38,38,RETAIL_DRIVEN,MODE_A,57000.0,57000.0,54900.0,62400.0,2.57,PASS,NONE,TRANSITIONAL,False,T_PULLBACK_EMA,CHO_XAC_NHAN,60.0,NONE,,0.0,NEUTRAL
TIP,NO_ACTION,—,25,NEUTRAL,0.0,NEUTRAL,SAFE,,30,30,WHALE_DISTRIBUTING,MODE_A,18250.0,18250.0,17700.0,18900.0,1.18,PASS,NONE,TRANSITIONAL,False,T_SUPPORT_BOUNCE,CHO_XAC_NHAN,75.0,NONE,,0.0,NEUTRAL
VAB,NO_ACTION,—,25,NEUTRAL,0.0,NEUTRAL,SAFE,,32,32,RETAIL_DRIVEN,MODE_A,10150.0,10150.0,9840.0,10600.0,1.45,PASS,NONE,STEADY_BEAR,False,T_SUPPORT_BOUNCE,CHO_XAC_NHAN,95.0,NONE,,0.0,NEUTRAL
VFG,NO_ACTION,—,25,NEUTRAL,0.0,NEUTRAL,SAFE,,27,27,WHALE_DISTRIBUTING,MODE_A,49100.0,49100.0,47600.0,51300.0,1.47,PASS,NONE,TRANSITIONAL,False,T_AVOID,TRANH_XA,0.0,NONE,,0.0,NEUTRAL
VID,NO_ACTION,—,25,NEUTRAL,0.0,NEUTRAL,SAFE,,23,23,WHALE_DISTRIBUTING,MODE_A,4880.0,4880.0,4720.0,5290.0,2.56,PASS,NONE,TRANSITIONAL,False,T_AVOID,TRANH_XA,0.0,NONE,,0.0,NEUTRAL
VRE,NO_ACTION,—,25,NEUTRAL,0.0,OUTFLOW,SAFE,,30,30,WHALE_DISTRIBUTING,MODE_A,33000.0,33000.0,29900.0,41150.0,2.63,PASS,NONE,TRANSITIONAL,False,T_PULLBACK_EMA,CHO_XAC_NHAN,60.0,NONE,,0.0,NEUTRAL
VSH,NO_ACTION,—,25,NEUTRAL,0.0,NEUTRAL,SAFE,,36,36,RETAIL_DRIVEN,MODE_A,42800.0,42800.0,41500.0,43950.0,0.88,PASS,NONE,TRANSITIONAL,False,T_SUPPORT_BOUNCE,CHO_XAC_NHAN,70.0,NONE,,0.0,NEUTRAL
VTO,NO_ACTION,—,25,NEUTRAL,0.0,NEUTRAL,SAFE,,36,36,RETAIL_DRIVEN,MODE_A,12200.0,12200.0,11800.0,13000.0,2.0,PASS,NONE,TRANSITIONAL,False,T_PULLBACK_EMA,CHO_XAC_NHAN,60.0,NONE,,0.0,NEUTRAL
VTP,NO_ACTION,—,25,NEUTRAL,0.0,NEUTRAL,SAFE,,28,28,WHALE_DISTRIBUTING,MODE_A,67700.0,66800.0,63600.0,75300.0,2.66,PASS,NONE,STEADY_BEAR,False,T_SUPPORT_BOUNCE,CHO_XAC_NHAN,80.0,NONE,,0.0,NEUTRAL
YBM,NO_ACTION,—,25,NEUTRAL,0.0,NEUTRAL,SAFE,,37,37,RETAIL_DRIVEN,MODE_A,10000.0,10000.0,9660.0,10900.0,2.65,PASS,NONE,TRANSITIONAL,False,T_PULLBACK_EMA,THEO_DOI,45.0,NONE,,0.0,NEUTRAL
BKC,NO_ACTION,—,25,NEUTRAL,0.0,NEUTRAL,SAFE,,24,24,WHALE_DISTRIBUTING,MODE_A,20800.0,20800.0,19600.0,24000.0,2.67,PASS,NONE,TRANSITIONAL,False,T_RANGE_BREAK,THEO_DOI,45.0,NONE,,0.0,NEUTRAL
C69,NO_ACTION,—,25,NEUTRAL,0.0,NEUTRAL,SAFE,,31,31,RETAIL_DRIVEN,MODE_A,15900.0,15900.0,15200.0,17750.0,2.64,PASS,NONE,TRANSITIONAL,False,T_AVOID,TRANH_XA,0.0,NONE,,0.0,NEUTRAL
CIA,NO_ACTION,—,25,NEUTRAL,0.0,NEUTRAL,SAFE,,31,31,RETAIL_DRIVEN,MODE_A,10000.0,9940.0,9560.0,10950.0,2.66,PASS,NONE,TRANSITIONAL,False,T_AVOID,TRANH_XA,0.0,NONE,,0.0,NEUTRAL
CEO,NO_ACTION,—,25,NEUTRAL,0.0,NEUTRAL,SAFE,,36,36,RETAIL_DRIVEN,MODE_A,17500.0,17500.0,16450.0,20300.0,2.67,PASS,NONE,TRANSITIONAL,False,T_PULLBACK_EMA,CHO_XAC_NHAN,85.0,NONE,,0.0,NEUTRAL
CPC,NO_ACTION,—,25,NEUTRAL,0.0,NEUTRAL,SAFE,,38,38,RETAIL_DRIVEN,MODE_A,17800.0,17650.0,17100.0,18800.0,2.09,PASS,NONE,TRANSITIONAL,False,T_AVOID,TRANH_XA,0.0,NONE,,0.0,NEUTRAL
HCC,NO_ACTION,—,25,NEUTRAL,0.0,NEUTRAL,SAFE,,30,30,WHALE_DISTRIBUTING,MODE_A,25500.0,25500.0,24150.0,29000.0,2.59,PASS,NONE,TRANSITIONAL,False,T_PULLBACK_EMA,THEO_DOI,50.0,NONE,,0.0,NEUTRAL
ICG,NO_ACTION,—,25,NEUTRAL,0.0,NEUTRAL,SAFE,,32,32,RETAIL_DRIVEN,MODE_A,15900.0,15900.0,15200.0,17700.0,2.57,PASS,NONE,TRANSITIONAL,False,T_PULLBACK_EMA,CHO_XAC_NHAN,70.0,NONE,,0.0,NEUTRAL
MST,NO_ACTION,—,25,NEUTRAL,0.0,NEUTRAL,SAFE,,33,33,RETAIL_DRIVEN,MODE_A,8000.0,8000.0,7570.0,9140.0,2.65,PASS,NONE,TRANSITIONAL,False,T_PULLBACK_EMA,CHO_XAC_NHAN,80.0,NONE,,0.0,NEUTRAL
NDN,NO_ACTION,—,25,NEUTRAL,0.0,NEUTRAL,SAFE,,37,37,RETAIL_DRIVEN,MODE_A,10800.0,10800.0,10250.0,12150.0,2.45,PASS,NONE,TRANSITIONAL,False,T_PULLBACK_EMA,CHO_XAC_NHAN,65.0,NONE,,0.0,NEUTRAL
NRC,NO_ACTION,—,25,NEUTRAL,0.0,NEUTRAL,SAFE,,35,35,RETAIL_DRIVEN,MODE_A,6500.0,6460.0,6020.0,7630.0,2.66,PASS,NONE,TRANSITIONAL,False,T_PULLBACK_EMA,CHO_XAC_NHAN,95.0,NONE,,0.0,NEUTRAL
PPT,NO_ACTION,—,25,NEUTRAL,0.0,NEUTRAL,SAFE,,28,28,WHALE_DISTRIBUTING,MODE_A,15400.0,15400.0,14900.0,16300.0,1.8,PASS,NONE,TRANSITIONAL,False,T_SUPPORT_BOUNCE,CHO_XAC_NHAN,95.0,NONE,,0.0,NEUTRAL
PSE,NO_ACTION,—,25,NEUTRAL,0.0,NEUTRAL,SAFE,,38,38,RETAIL_DRIVEN,MODE_A,11000.0,11000.0,10650.0,11350.0,1.0,PASS,NONE,TRANSITIONAL,False,T_SUPPORT_BOUNCE,CHO_XAC_NHAN,65.0,NONE,,0.0,NEUTRAL
PSI,NO_ACTION,—,25,NEUTRAL,0.0,NEUTRAL,SAFE,,48,48,RETAIL_DRIVEN,MODE_A,8600.0,8600.0,8230.0,9570.0,2.62,PASS,NONE,TRANSITIONAL,False,T_MOMENTUM_CONT,CHO_XAC_NHAN,65.0,NONE,,0.0,NEUTRAL
PVC,NO_ACTION,—,25,NEUTRAL,0.0,NEUTRAL,SAFE,,33,33,RETAIL_DRIVEN,MODE_A,16800.0,16450.0,15100.0,20050.0,2.67,WARN,NONE,TRANSITIONAL,False,T_PULLBACK_EMA,THEO_DOI,50.0,NONE,,0.0,NEUTRAL
THT,NO_ACTION,—,25,NEUTRAL,0.0,NEUTRAL,SAFE,,28,28,WHALE_DISTRIBUTING,MODE_A,8900.0,8900.0,8510.0,9930.0,2.64,PASS,NONE,TRANSITIONAL,False,T_PULLBACK_EMA,CHO_XAC_NHAN,80.0,NONE,,0.0,NEUTRAL
TMB,NO_ACTION,—,25,NEUTRAL,0.0,NEUTRAL,SAFE,,31,31,RETAIL_DRIVEN,MODE_A,55900.0,55900.0,54200.0,58900.0,1.76,PASS,NONE,TRANSITIONAL,False,T_SUPPORT_BOUNCE,CHO_XAC_NHAN,90.0,NONE,,0.0,NEUTRAL
TIG,NO_ACTION,—,25,NEUTRAL,0.0,NEUTRAL,SAFE,,29,29,WHALE_DISTRIBUTING,MODE_A,6500.0,6500.0,6240.0,7190.0,2.65,PASS,NONE,STEADY_BEAR,False,T_AVOID,TRANH_XA,0.0,NONE,,0.0,NEUTRAL
TSB,NO_ACTION,—,25,NEUTRAL,0.0,NEUTRAL,SAFE,,36,36,RETAIL_DRIVEN,MODE_A,19400.0,19400.0,17950.0,23150.0,2.59,PASS,NONE,TRANSITIONAL,False,T_PULLBACK_EMA,THEO_DOI,45.0,NONE,,0.0,NEUTRAL
TVC,NO_ACTION,—,25,NEUTRAL,0.0,NEUTRAL,SAFE,,44,44,RETAIL_DRIVEN,MODE_A,8600.0,8430.0,8050.0,9430.0,2.63,WARN,NONE,TRANSITIONAL,False,T_MOMENTUM_CONT,THEO_DOI,45.0,NONE,,0.0,NEUTRAL
TVD,NO_ACTION,—,25,NEUTRAL,0.0,NEUTRAL,SAFE,,33,33,RETAIL_DRIVEN,MODE_A,10300.0,10200.0,9890.0,10900.0,2.26,PASS,NONE,TRANSITIONAL,False,T_SUPPORT_BOUNCE,CHO_XAC_NHAN,55.0,NONE,,0.0,NEUTRAL
VCC,NO_ACTION,—,25,NEUTRAL,0.0,NEUTRAL,SAFE,,33,33,RETAIL_DRIVEN,MODE_A,10200.0,10200.0,9870.0,11050.0,2.58,PASS,NONE,TRANSITIONAL,False,T_PULLBACK_EMA,CHO_XAC_NHAN,60.0,NONE,,0.0,NEUTRAL
VMS,NO_ACTION,—,25,NEUTRAL,0.0,NEUTRAL,SAFE,,36,36,RETAIL_DRIVEN,MODE_A,60000.0,58900.0,55500.0,67800.0,2.62,WARN,NONE,TRANSITIONAL,False,T_PULLBACK_EMA,THEO_DOI,50.0,NONE,,0.0,NEUTRAL
VSA,NO_ACTION,—,25,NEUTRAL,0.0,NEUTRAL,SAFE,,28,28,WHALE_DISTRIBUTING,MODE_A,19200.0,19200.0,17850.0,22700.0,2.59,PASS,NONE,TRANSITIONAL,False,T_PULLBACK_EMA,THEO_DOI,45.0,NONE,,0.0,NEUTRAL
VTZ,NO_ACTION,—,25,NEUTRAL,0.0,NEUTRAL,SAFE,,39,39,RETAIL_DRIVEN,MODE_A,20600.0,20600.0,19950.0,22150.0,2.38,PASS,NONE,TRANSITIONAL,False,T_MOMENTUM_CONT,CHO_XAC_NHAN,95.0,NONE,,0.0,NEUTRAL
DTA,NO_ACTION,—,23,NEUTRAL,0.0,NEUTRAL,SAFE,,26,18,WHALE_DISTRIBUTING,MODE_A,3540.0,3540.0,3410.0,3890.0,2.69,PASS,RSI_DIV_BULLISH,TRANSITIONAL,False,T_AVOID,TRANH_XA,0.0,NONE,,0.0,NEUTRAL
HAP,NO_ACTION,—,23,NEUTRAL,0.0,NEUTRAL,SAFE,,37,29,WHALE_DISTRIBUTING,MODE_A,7000.0,7000.0,6630.0,7970.0,2.62,PASS,RSI_DIV_BULLISH,TRANSITIONAL,False,T_PULLBACK_EMA,THEO_DOI,45.0,NONE,,0.0,NEUTRAL
HTG,NO_ACTION,—,23,NEUTRAL,0.0,NEUTRAL,SAFE,,36,28,WHALE_DISTRIBUTING,MODE_A,41000.0,41000.0,39750.0,43150.0,1.72,PASS,RSI_DIV_BULLISH,STEADY_BEAR,False,T_SUPPORT_BOUNCE,THEO_DOI,30.0,NONE,,0.0,NEUTRAL
HTI,NO_ACTION,—,23,NEUTRAL,0.0,NEUTRAL,SAFE,,35,27,WHALE_DISTRIBUTING,MODE_A,23850.0,23850.0,23100.0,24850.0,1.33,PASS,RSI_DIV_BULLISH,STEADY_BEAR,False,T_AVOID,TRANH_XA,0.0,NONE,,0.0,NEUTRAL
LIX,NO_ACTION,—,23,NEUTRAL,0.0,NEUTRAL,SAFE,,33,25,WHALE_DISTRIBUTING,MODE_A,31400.0,31150.0,30150.0,33750.0,2.6,PASS,RSI_DIV_BULLISH,STEADY_BEAR,False,T_AVOID,TRANH_XA,0.0,NONE,,0.0,NEUTRAL
PPC,NO_ACTION,—,23,NEUTRAL,0.0,NEUTRAL,SAFE,,33,25,WHALE_DISTRIBUTING,MODE_A,9780.0,9780.0,9480.0,10250.0,1.57,PASS,RSI_DIV_BULLISH,TRANSITIONAL,False,T_AVOID,TRANH_XA,0.0,NONE,,0.0,NEUTRAL
TAL,NO_ACTION,—,23,NEUTRAL,0.0,NEUTRAL,SAFE,,51,43,RETAIL_DRIVEN,MODE_A,45950.0,45050.0,43150.0,50000.0,2.61,PASS,RSI_DIV_BULLISH,TRANSITIONAL,False,T_BREAKOUT,CHO_XAC_NHAN,70.0,NONE,,0.0,NEUTRAL
VPG,NO_ACTION,—,23,NEUTRAL,0.0,NEUTRAL,SAFE,,38,30,WHALE_DISTRIBUTING,MODE_A,3610.0,3610.0,3360.0,4270.0,2.64,PASS,RSI_DIV_BULLISH,STEADY_BEAR,False,T_AVOID,TRANH_XA,0.0,NONE,,0.0,NEUTRAL
PBP,NO_ACTION,—,23,NEUTRAL,0.0,NEUTRAL,SAFE,,28,20,WHALE_DISTRIBUTING,MODE_A,12200.0,12200.0,11800.0,13050.0,2.12,PASS,RSI_DIV_BULLISH,TRANSITIONAL,False,T_AVOID,TRANH_XA,0.0,NONE,,0.0,NEUTRAL
VNR,NO_ACTION,—,23,NEUTRAL,0.0,NEUTRAL,SAFE,,33,25,WHALE_DISTRIBUTING,MODE_A,20500.0,20500.0,19850.0,21300.0,1.23,PASS,RSI_DIV_BULLISH,TRANSITIONAL,False,T_AVOID,TRANH_XA,0.0,NONE,,0.0,NEUTRAL
TCH,NO_ACTION,—,22,NEUTRAL,0.0,OUTFLOW,SAFE,,49,37,RETAIL_DRIVEN,MODE_A,16450.0,16450.0,15400.0,19150.0,2.57,PASS,WYCKOFF_SPRING,TRANSITIONAL,False,T_SUPPORT_BOUNCE,THEO_DOI,30.0,NONE,,0.0,NEUTRAL
BID,NO_ACTION,—,20,NEUTRAL,0.0,INFLOW,SAFE,,56,51,RETAIL_DRIVEN,MODE_B,43950.0,43950.0,42200.0,48500.0,2.6,WARN,NONE,TRANSITIONAL,False,T_MOMENTUM_CONT,CHO_XAC_NHAN,75.0,NONE,,0.0,NEUTRAL
CIG,NO_ACTION,—,20,NEUTRAL,0.0,NEUTRAL,SAFE,,24,24,WHALE_DISTRIBUTING,MODE_A,6020.0,6020.0,5580.0,7190.0,2.66,PASS,NONE,TRANSITIONAL,False,T_NO_SETUP,THEO_DOI,0.0,NONE,,0.0,NEUTRAL
DCL,NO_ACTION,—,20,NEUTRAL,0.0,NEUTRAL,SAFE,,44,44,RETAIL_DRIVEN,MODE_A,37900.0,37900.0,36750.0,40950.0,2.65,PASS,NONE,TRANSITIONAL,False,T_PULLBACK_EMA,THEO_DOI,30.0,NONE,,0.0,NEUTRAL
DRC,NO_ACTION,—,20,NEUTRAL,0.0,NEUTRAL,SAFE,,41,41,RETAIL_DRIVEN,MODE_A,12650.0,12650.0,12250.0,13700.0,2.62,PASS,NONE,STEADY_BEAR,False,T_AVOID,TRANH_XA,0.0,NONE,,0.0,NEUTRAL
HAH,NO_ACTION,—,20,NEUTRAL,0.0,NEUTRAL,SAFE,,6,26,WHALE_DISTRIBUTING,MODE_A,57100.0,57100.0,55200.0,61900.0,2.53,PASS,CUP_WITH_HANDLE,TRANSITIONAL,False,T_PULLBACK_EMA,CHO_XAC_NHAN,65.0,NONE,,0.0,NEUTRAL
HID,NO_ACTION,—,20,NEUTRAL,0.0,NEUTRAL,SAFE,,21,21,WHALE_DISTRIBUTING,MODE_A,4810.0,4710.0,4380.0,5560.0,2.58,PASS,NONE,TRANSITIONAL,False,T_AVOID,TRANH_XA,0.0,NONE,,0.0,NEUTRAL
HII,NO_ACTION,—,20,NEUTRAL,0.0,NEUTRAL,SAFE,,41,41,RETAIL_DRIVEN,MODE_B,6450.0,6450.0,5940.0,7790.0,2.63,PASS,NONE,TRANSITIONAL,False,T_MOMENTUM_CONT,CHO_XAC_NHAN,80.0,NONE,,0.0,NEUTRAL
KDC,NO_ACTION,—,20,NEUTRAL,0.0,NEUTRAL,SAFE,,42,42,RETAIL_DRIVEN,MODE_A,48350.0,48100.0,45000.0,56300.0,2.65,PASS,NONE,TRANSITIONAL,False,T_PULLBACK_EMA,THEO_DOI,45.0,NONE,,0.0,NEUTRAL
NAV,NO_ACTION,—,20,NEUTRAL,0.0,NEUTRAL,SAFE,,37,27,WHALE_DISTRIBUTING,MODE_A,16700.0,16350.0,15850.0,17500.0,2.3,PASS,CUP_WITH_HANDLE,TRANSITIONAL,False,T_AVOID,TRANH_XA,0.0,NONE,,0.0,NEUTRAL
PDN,NO_ACTION,—,20,NEUTRAL,0.0,NEUTRAL,SAFE,,43,43,RETAIL_DRIVEN,MODE_A,105000.0,105000.0,100900.0,115700.0,2.61,PASS,NONE,TRANSITIONAL,False,T_PULLBACK_EMA,CHO_XAC_NHAN,60.0,NONE,,0.0,NEUTRAL
SHA,NO_ACTION,—,20,NEUTRAL,0.0,NEUTRAL,SAFE,,43,43,RETAIL_DRIVEN,MODE_A,3900.0,3900.0,3780.0,4190.0,2.42,PASS,NONE,TRANSITIONAL,False,T_SUPPORT_BOUNCE,CHO_XAC_NHAN,75.0,NONE,,0.0,NEUTRAL
TRC,NO_ACTION,—,20,NEUTRAL,0.0,NEUTRAL,SAFE,,40,40,RETAIL_DRIVEN,MODE_B,76600.0,76600.0,74200.0,82800.0,2.58,PASS,NONE,TRANSITIONAL,False,T_MOMENTUM_CONT,THEO_DOI,35.0,NONE,,0.0,NEUTRAL
CAP,NO_ACTION,—,20,NEUTRAL,0.0,NEUTRAL,SAFE,,47,47,RETAIL_DRIVEN,MODE_A,41800.0,41800.0,40350.0,45600.0,2.62,PASS,NONE,TRANSITIONAL,False,T_SUPPORT_BOUNCE,CHO_XAC_NHAN,95.0,NONE,,0.0,NEUTRAL
DL1,NO_ACTION,—,20,NEUTRAL,0.0,NEUTRAL,SAFE,,41,41,RETAIL_DRIVEN,MODE_B,5400.0,5400.0,4920.0,6660.0,2.62,WARN,NONE,TRANSITIONAL,False,T_MOMENTUM_CONT,CHO_XAC_NHAN,65.0,NONE,,0.0,NEUTRAL
DXP,NO_ACTION,—,20,NEUTRAL,0.0,NEUTRAL,SAFE,,23,23,WHALE_DISTRIBUTING,MODE_A,13900.0,13900.0,12850.0,16600.0,2.57,PASS,NONE,TRANSITIONAL,False,T_PULLBACK_EMA,THEO_DOI,35.0,NONE,,0.0,NEUTRAL
EVS,NO_ACTION,—,20,NEUTRAL,0.0,NEUTRAL,SAFE,,43,43,RETAIL_DRIVEN,MODE_A,4600.0,4600.0,4390.0,5140.0,2.57,PASS,NONE,STEADY_BEAR,False,T_AVOID,TRANH_XA,0.0,NONE,,0.0,NEUTRAL
HGM,NO_ACTION,—,20,NEUTRAL,0.0,NEUTRAL,SAFE,,41,41,RETAIL_DRIVEN,MODE_A,176.9,180.0,170.0,190.0,1.0,PASS,NONE,TRANSITIONAL,False,T_AVOID,TRANH_XA,0.0,NONE,,0.0,NEUTRAL
KSD,NO_ACTION,—,20,NEUTRAL,0.0,NEUTRAL,SAFE,,29,29,WHALE_DISTRIBUTING,MODE_A,4500.0,4410.0,4000.0,5500.0,2.66,WARN,NONE,TRANSITIONAL,False,T_AVOID,TRANH_XA,0.0,NONE,,0.0,NEUTRAL
SAF,NO_ACTION,—,20,NEUTRAL,0.0,NEUTRAL,SAFE,,32,32,RETAIL_DRIVEN,MODE_A,56000.0,54900.0,52500.0,61200.0,2.62,WARN,NONE,TRANSITIONAL,False,T_BREAKOUT,CHO_XAC_NHAN,70.0,NONE,,0.0,NEUTRAL
WSS,NO_ACTION,—,20,NEUTRAL,0.0,NEUTRAL,SAFE,,39,39,RETAIL_DRIVEN,MODE_A,6500.0,6400.0,6130.0,7110.0,2.63,PASS,NONE,TRANSITIONAL,False,T_BREAKOUT,CHO_XAC_NHAN,95.0,NONE,,0.0,NEUTRAL
DC4,NO_ACTION,—,18,NEUTRAL,0.0,NEUTRAL,SAFE,,40,22,WHALE_DISTRIBUTING,MODE_A,8600.0,8600.0,8340.0,9050.0,1.73,PASS,VCP,STEADY_BEAR,False,T_AVOID,TRANH_XA,0.0,NONE,,0.0,NEUTRAL
KHG,NO_ACTION,—,18,NEUTRAL,0.0,NEUTRAL,SAFE,,48,30,WHALE_DISTRIBUTING,MODE_A,5250.0,5250.0,5090.0,5620.0,2.31,PASS,VCP,TRANSITIONAL,False,T_SUPPORT_BOUNCE,CHO_XAC_NHAN,55.0,NONE,,0.0,NEUTRAL
PNJ,NO_ACTION,—,18,NEUTRAL,0.0,NEUTRAL,SAFE,,48,30,WHALE_DISTRIBUTING,MODE_A,65000.0,65000.0,62300.0,72200.0,2.67,WARN,VCP,STEADY_BEAR,False,T_NO_SETUP,THEO_DOI,0.0,NONE,,0.0,NEUTRAL
SGT,NO_ACTION,—,18,NEUTRAL,0.0,NEUTRAL,SAFE,,35,35,RETAIL_DRIVEN,MODE_B,15150.0,15150.0,14350.0,17200.0,2.56,PASS,NONE,STEADY_BEAR,False,T_AVOID,TRANH_XA,0.0,NONE,,0.0,NEUTRAL
VCG,NO_ACTION,—,18,NEUTRAL,0.0,NEUTRAL,SAFE,,48,30,WHALE_DISTRIBUTING,MODE_A,21200.0,21200.0,20200.0,23750.0,2.55,WARN,VCP,TRANSITIONAL,False,T_NO_SETUP,THEO_DOI,0.0,NONE,,0.0,NEUTRAL
VSC,NO_ACTION,—,18,NEUTRAL,0.0,NEUTRAL,SAFE,,54,36,RETAIL_DRIVEN,MODE_A,21200.0,21200.0,20050.0,24250.0,2.65,WARN,VCP,TRANSITIONAL,False,T_NO_SETUP,THEO_DOI,0.0,NONE,,0.0,NEUTRAL
HUT,NO_ACTION,—,18,NEUTRAL,0.0,NEUTRAL,SAFE,,39,21,WHALE_DISTRIBUTING,MODE_A,15700.0,15700.0,15050.0,17350.0,2.54,PASS,VCP,TRANSITIONAL,False,T_AVOID,TRANH_XA,0.0,NONE,,0.0,NEUTRAL
HOM,NO_ACTION,—,18,NEUTRAL,0.0,NEUTRAL,SAFE,,23,23,WHALE_DISTRIBUTING,MODE_B,4000.0,4000.0,3780.0,4570.0,2.59,PASS,NONE,TRANSITIONAL,False,T_AVOID,TRANH_XA,0.0,NONE,,0.0,NEUTRAL
IDC,NO_ACTION,—,18,NEUTRAL,0.0,NEUTRAL,SAFE,,49,31,RETAIL_DRIVEN,MODE_A,42500.0,42500.0,40700.0,47250.0,2.64,WARN,VCP,STEADY_BEAR,False,T_SUPPORT_BOUNCE,CHO_XAC_NHAN,55.0,NONE,,0.0,NEUTRAL
L18,NO_ACTION,—,18,NEUTRAL,0.0,NEUTRAL,SAFE,,45,27,WHALE_DISTRIBUTING,MODE_A,21400.0,21400.0,20400.0,23950.0,2.55,WARN,VCP,STEADY_BEAR,False,T_AVOID,TRANH_XA,0.0,NONE,,0.0,NEUTRAL
VHE,NO_ACTION,—,18,NEUTRAL,0.0,NEUTRAL,SAFE,,48,48,RETAIL_DRIVEN,MODE_B,3500.0,3500.0,3260.0,4130.0,2.62,WARN,NONE,TRANSITIONAL,False,T_RANGE_BREAK,CHO_XAC_NHAN,55.0,NONE,,0.0,NEUTRAL
BKG,NO_ACTION,—,15,NEUTRAL,0.0,NEUTRAL,SAFE,,33,33,RETAIL_DRIVEN,MODE_A,2490.0,2490.0,2400.0,2700.0,2.33,PASS,NONE,TRANSITIONAL,False,T_SUPPORT_BOUNCE,CHO_XAC_NHAN,60.0,NONE,,0.0,NEUTRAL
CCL,NO_ACTION,—,15,NEUTRAL,0.0,NEUTRAL,SAFE,,27,27,WHALE_DISTRIBUTING,MODE_A,4850.0,4850.0,4690.0,5260.0,2.56,PASS,NONE,STEADY_BEAR,False,T_AVOID,TRANH_XA,0.0,NONE,,0.0,NEUTRAL
CDC,NO_ACTION,—,15,NEUTRAL,0.0,NEUTRAL,SAFE,,40,40,RETAIL_DRIVEN,MODE_A,21700.0,21250.0,19700.0,25300.0,2.61,WARN,NONE,TRANSITIONAL,False,T_MOMENTUM_CONT,CHO_XAC_NHAN,90.0,NONE,,0.0,NEUTRAL
CMG,NO_ACTION,—,15,NEUTRAL,0.0,NEUTRAL,SAFE,,35,35,RETAIL_DRIVEN,MODE_A,27950.0,27950.0,27000.0,30350.0,2.53,PASS,NONE,STEADY_BEAR,False,T_PULLBACK_EMA,CHO_XAC_NHAN,65.0,NONE,,0.0,NEUTRAL
CMV,NO_ACTION,—,15,NEUTRAL,0.0,NEUTRAL,SAFE,,41,41,RETAIL_DRIVEN,MODE_A,7780.0,7780.0,7260.0,9160.0,2.65,PASS,NONE,TRANSITIONAL,False,T_PULLBACK_EMA,CHO_XAC_NHAN,65.0,NONE,,0.0,NEUTRAL
CNG,NO_ACTION,—,15,NEUTRAL,0.0,NEUTRAL,SAFE,,27,27,WHALE_DISTRIBUTING,MODE_B,22700.0,22700.0,21800.0,24950.0,2.5,PASS,NONE,STEADY_BEAR,False,T_PULLBACK_EMA,THEO_DOI,45.0,NONE,,0.0,NEUTRAL
CSV,NO_ACTION,—,15,NEUTRAL,0.0,NEUTRAL,SAFE,,29,29,WHALE_DISTRIBUTING,MODE_A,26250.0,26250.0,25450.0,27800.0,1.94,PASS,NONE,STEADY_BEAR,False,T_PULLBACK_EMA,CHO_XAC_NHAN,65.0,NONE,,0.0,NEUTRAL
CTI,NO_ACTION,—,15,NEUTRAL,0.0,NEUTRAL,SAFE,,30,30,WHALE_DISTRIBUTING,MODE_A,21300.0,21300.0,20550.0,23200.0,2.53,PASS,NONE,TRANSITIONAL,False,T_SUPPORT_BOUNCE,THEO_DOI,50.0,NONE,,0.0,NEUTRAL
DAT,NO_ACTION,—,15,NEUTRAL,0.0,NEUTRAL,SAFE,,19,19,WHALE_DISTRIBUTING,MODE_A,8380.0,8310.0,7860.0,9500.0,2.64,PASS,NONE,TRANSITIONAL,False,T_AVOID,TRANH_XA,0.0,NONE,,0.0,NEUTRAL
DBT,NO_ACTION,—,15,NEUTRAL,0.0,NEUTRAL,SAFE,,58,58,MIXED,MODE_A,12600.0,12350.0,11950.0,13300.0,2.38,WARN,NONE,STEADY_BULL,False,T_PULLBACK_EMA,THEO_DOI,30.0,NONE,,0.0,NEUTRAL
DHA,NO_ACTION,—,15,NEUTRAL,0.0,NEUTRAL,SAFE,,34,34,RETAIL_DRIVEN,MODE_A,47200.0,46800.0,45350.0,49900.0,2.14,PASS,NONE,TRANSITIONAL,False,T_NO_SETUP,THEO_DOI,0.0,NONE,,0.0,NEUTRAL
DPR,NO_ACTION,—,15,NEUTRAL,0.0,NEUTRAL,SAFE,,49,49,RETAIL_DRIVEN,MODE_A,43700.0,43050.0,41250.0,47750.0,2.61,PASS,NONE,TRANSITIONAL,False,T_MOMENTUM_CONT,CHO_XAC_NHAN,80.0,NONE,,0.0,NEUTRAL
DRL,NO_ACTION,—,15,NEUTRAL,0.0,NEUTRAL,SAFE,,24,24,WHALE_DISTRIBUTING,MODE_A,44900.0,44900.0,43550.0,46250.0,1.0,PASS,NONE,TRANSITIONAL,False,T_AVOID,TRANH_XA,0.0,NONE,,0.0,NEUTRAL
DXS,NO_ACTION,—,15,NEUTRAL,0.0,OUTFLOW,SAFE,,48,48,RETAIL_DRIVEN,MODE_A,8620.0,8450.0,7910.0,9880.0,2.65,WARN,NONE,TRANSITIONAL,False,T_RANGE_BREAK,THEO_DOI,30.0,NONE,,0.0,NEUTRAL
EVE,NO_ACTION,—,15,NEUTRAL,0.0,NEUTRAL,SAFE,,29,29,WHALE_DISTRIBUTING,MODE_A,10100.0,10100.0,9790.0,10750.0,2.1,PASS,NONE,TRANSITIONAL,False,T_SUPPORT_BOUNCE,CHO_XAC_NHAN,55.0,NONE,,0.0,NEUTRAL
FCM,NO_ACTION,—,15,NEUTRAL,0.0,NEUTRAL,SAFE,,23,23,WHALE_DISTRIBUTING,MODE_B,3130.0,3130.0,3030.0,3370.0,2.4,PASS,NONE,STEADY_BEAR,False,T_AVOID,TRANH_XA,0.0,NONE,,0.0,NEUTRAL
GEE,NO_ACTION,—,15,NEUTRAL,0.0,NEUTRAL,SAFE,,55,55,RETAIL_DRIVEN,MODE_A,117700.0,117700.0,106800.0,146700.0,2.66,PASS,NONE,TRANSITIONAL,False,T_PULLBACK_EMA,THEO_DOI,45.0,NONE,,0.0,NEUTRAL
GEX,NO_ACTION,—,15,NEUTRAL,0.0,NEUTRAL,SAFE,,49,49,RETAIL_DRIVEN,MODE_A,34200.0,33500.0,31250.0,39450.0,2.64,WARN,NONE,TRANSITIONAL,False,T_MOMENTUM_CONT,THEO_DOI,50.0,NONE,,0.0,NEUTRAL
GMD,NO_ACTION,—,15,NEUTRAL,0.0,NEUTRAL,SAFE,,40,40,RETAIL_DRIVEN,MODE_A,80000.0,80000.0,77500.0,86600.0,2.64,PASS,NONE,STEADY_BULL,False,T_PULLBACK_EMA,CHO_XAC_NHAN,60.0,NONE,,0.0,NEUTRAL
HHP,NO_ACTION,—,15,NEUTRAL,0.0,NEUTRAL,SAFE,,50,50,RETAIL_DRIVEN,MODE_A,14200.0,14200.0,13500.0,16000.0,2.57,WARN,NONE,TRANSITIONAL,False,T_MOMENTUM_CONT,CHO_XAC_NHAN,65.0,NONE,,0.0,NEUTRAL
HQC,NO_ACTION,—,15,NEUTRAL,0.0,NEUTRAL,SAFE,,29,29,WHALE_DISTRIBUTING,MODE_A,2520.0,2520.0,2440.0,2730.0,2.62,PASS,NONE,STEADY_BEAR,False,T_SUPPORT_BOUNCE,CHO_XAC_NHAN,55.0,NONE,,0.0,NEUTRAL
KHP,NO_ACTION,—,15,NEUTRAL,0.0,NEUTRAL,SAFE,,28,28,WHALE_DISTRIBUTING,MODE_B,10150.0,10150.0,9840.0,10650.0,1.61,PASS,NONE,TRANSITIONAL,False,T_NO_SETUP,THEO_DOI,0.0,NONE,,0.0,NEUTRAL
LSS,NO_ACTION,—,15,NEUTRAL,0.0,NEUTRAL,SAFE,,29,29,WHALE_DISTRIBUTING,MODE_A,8350.0,8350.0,8090.0,8740.0,1.5,PASS,NONE,STEADY_BEAR,False,T_SUPPORT_BOUNCE,CHO_XAC_NHAN,95.0,NONE,,0.0,NEUTRAL
MSB,NO_ACTION,—,15,NEUTRAL,0.0,INFLOW,SAFE,,54,49,RETAIL_DRIVEN,MODE_A,13750.0,13550.0,13100.0,14750.0,2.67,PASS,NONE,STEADY_BULL,False,T_MOMENTUM_CONT,THEO_DOI,50.0,NONE,,0.0,NEUTRAL
PGC,NO_ACTION,—,15,NEUTRAL,0.0,NEUTRAL,SAFE,,35,35,RETAIL_DRIVEN,MODE_A,13700.0,13700.0,13250.0,14500.0,1.78,PASS,NONE,TRANSITIONAL,False,T_SUPPORT_BOUNCE,CHO_XAC_NHAN,70.0,NONE,,0.0,NEUTRAL
PHR,NO_ACTION,—,15,NEUTRAL,0.0,NEUTRAL,SAFE,,56,56,RETAIL_DRIVEN,MODE_A,70700.0,69300.0,66300.0,77200.0,2.63,WARN,NONE,TRANSITIONAL,False,T_MOMENTUM_CONT,THEO_DOI,35.0,NONE,,0.0,NEUTRAL
POW,NO_ACTION,—,15,NEUTRAL,0.0,INFLOW,SAFE,,48,43,RETAIL_DRIVEN,MODE_A,14200.0,14050.0,13400.0,15700.0,2.54,PASS,NONE,TRANSITIONAL,False,T_PULLBACK_EMA,THEO_DOI,30.0,NONE,,0.0,NEUTRAL
RYG,NO_ACTION,—,15,NEUTRAL,0.0,NEUTRAL,SAFE,,30,30,WHALE_DISTRIBUTING,MODE_B,10000.0,10000.0,9480.0,11350.0,2.6,PASS,NONE,STEADY_BEAR,False,T_AVOID,TRANH_XA,0.0,NONE,,0.0,NEUTRAL
SCS,NO_ACTION,—,15,NEUTRAL,0.0,NEUTRAL,SAFE,,29,29,WHALE_DISTRIBUTING,MODE_A,52200.0,52200.0,50600.0,55000.0,1.75,PASS,NONE,TRANSITIONAL,False,T_AVOID,TRANH_XA,0.0,NONE,,0.0,NEUTRAL
SGN,NO_ACTION,—,15,NEUTRAL,0.0,NEUTRAL,SAFE,,31,31,RETAIL_DRIVEN,MODE_A,52500.0,52500.0,50300.0,58200.0,2.59,PASS,NONE,TRANSITIONAL,False,T_AVOID,TRANH_XA,0.0,NONE,,0.0,NEUTRAL
SSB,NO_ACTION,—,15,NEUTRAL,0.0,INFLOW,SAFE,,32,27,WHALE_DISTRIBUTING,MODE_A,16500.0,16500.0,16000.0,17200.0,1.4,PASS,NONE,TRANSITIONAL,False,T_AVOID,TRANH_XA,0.0,NONE,,0.0,NEUTRAL
TCM,NO_ACTION,—,15,NEUTRAL,0.0,NEUTRAL,SAFE,,35,35,RETAIL_DRIVEN,MODE_A,22900.0,22900.0,22200.0,24450.0,2.21,PASS,NONE,STEADY_BEAR,False,T_SUPPORT_BOUNCE,CHO_XAC_NHAN,55.0,NONE,,0.0,NEUTRAL
TDP,NO_ACTION,—,15,NEUTRAL,0.0,NEUTRAL,SAFE,,31,31,RETAIL_DRIVEN,MODE_A,29000.0,29000.0,27600.0,32650.0,2.61,PASS,NONE,TRANSITIONAL,False,T_PULLBACK_EMA,THEO_DOI,45.0,NONE,,0.0,NEUTRAL
VCA,NO_ACTION,—,15,NEUTRAL,0.0,NEUTRAL,SAFE,,31,31,RETAIL_DRIVEN,MODE_A,7000.0,7000.0,6740.0,7670.0,2.58,PASS,NONE,STEADY_BEAR,False,T_AVOID,TRANH_XA,0.0,NONE,,0.0,NEUTRAL
VDP,NO_ACTION,—,15,NEUTRAL,0.0,NEUTRAL,SAFE,,51,51,RETAIL_DRIVEN,MODE_A,53000.0,53000.0,51300.0,57300.0,2.53,PASS,NONE,TRANSITIONAL,False,T_OVERSOLD_RECOVERY,THEO_DOI,50.0,NONE,,0.0,NEUTRAL
VIB,NO_ACTION,—,15,NEUTRAL,0.0,INFLOW,SAFE,,41,36,RETAIL_DRIVEN,MODE_A,15950.0,15950.0,15450.0,16850.0,1.8,PASS,NONE,TRANSITIONAL,False,T_SUPPORT_BOUNCE,CHO_XAC_NHAN,95.0,NONE,,0.0,NEUTRAL
VIP,NO_ACTION,—,15,NEUTRAL,0.0,NEUTRAL,SAFE,,29,29,WHALE_DISTRIBUTING,MODE_A,11450.0,11450.0,11100.0,12050.0,1.71,PASS,NONE,STEADY_BEAR,False,T_SUPPORT_BOUNCE,THEO_DOI,50.0,NONE,,0.0,NEUTRAL
VNL,NO_ACTION,—,15,NEUTRAL,0.0,NEUTRAL,SAFE,,27,27,WHALE_DISTRIBUTING,MODE_A,18950.0,18950.0,18350.0,20100.0,1.92,PASS,NONE,TRANSITIONAL,False,T_SUPPORT_BOUNCE,THEO_DOI,35.0,NONE,,0.0,NEUTRAL
VPH,NO_ACTION,—,15,NEUTRAL,0.0,NEUTRAL,SAFE,,42,42,RETAIL_DRIVEN,MODE_A,3620.0,3620.0,3430.0,4110.0,2.58,PASS,NONE,TRANSITIONAL,False,T_MOMENTUM_CONT,CHO_XAC_NHAN,65.0,NONE,,0.0,NEUTRAL
CMS,NO_ACTION,—,15,NEUTRAL,0.0,NEUTRAL,SAFE,,29,29,WHALE_DISTRIBUTING,MODE_A,6700.0,6700.0,6310.0,7730.0,2.64,PASS,NONE,STEADY_BEAR,False,T_PULLBACK_EMA,THEO_DOI,45.0,NONE,,0.0,NEUTRAL
CTP,NO_ACTION,—,15,NEUTRAL,0.0,NEUTRAL,SAFE,,40,40,RETAIL_DRIVEN,MODE_A,6800.0,6770.0,6190.0,8310.0,2.66,PASS,NONE,TRANSITIONAL,False,T_PULLBACK_EMA,CHO_XAC_NHAN,65.0,NONE,,0.0,NEUTRAL
DHT,NO_ACTION,—,15,NEUTRAL,0.0,NEUTRAL,SAFE,,31,31,RETAIL_DRIVEN,MODE_A,69200.0,69200.0,66600.0,76100.0,2.65,PASS,NONE,TRANSITIONAL,False,T_PULLBACK_EMA,CHO_XAC_NHAN,65.0,NONE,,0.0,NEUTRAL
EID,NO_ACTION,—,15,NEUTRAL,0.0,NEUTRAL,SAFE,,23,23,WHALE_DISTRIBUTING,MODE_A,20500.0,20500.0,19850.0,21700.0,1.85,PASS,NONE,STEADY_BEAR,False,T_AVOID,TRANH_XA,0.0,NONE,,0.0,NEUTRAL
GIC,NO_ACTION,—,15,NEUTRAL,0.0,NEUTRAL,SAFE,,49,49,RETAIL_DRIVEN,MODE_A,13000.0,12750.0,12050.0,14600.0,2.64,WARN,NONE,TRANSITIONAL,False,T_MOMENTUM_CONT,THEO_DOI,50.0,NONE,,0.0,NEUTRAL
HDA,NO_ACTION,—,15,NEUTRAL,0.0,NEUTRAL,SAFE,,40,40,RETAIL_DRIVEN,MODE_A,6900.0,6780.0,6140.0,8470.0,2.64,PASS,NONE,TRANSITIONAL,False,T_MOMENTUM_CONT,CHO_XAC_NHAN,95.0,NONE,,0.0,NEUTRAL
HVT,NO_ACTION,—,15,NEUTRAL,0.0,NEUTRAL,SAFE,,36,36,RETAIL_DRIVEN,MODE_A,27300.0,27300.0,26450.0,28500.0,1.41,PASS,NONE,TRANSITIONAL,False,T_SUPPORT_BOUNCE,CHO_XAC_NHAN,85.0,NONE,,0.0,NEUTRAL
ITQ,NO_ACTION,—,15,NEUTRAL,0.0,NEUTRAL,SAFE,,27,27,WHALE_DISTRIBUTING,MODE_B,2600.0,2600.0,2400.0,3110.0,2.55,PASS,NONE,STEADY_BEAR,False,T_AVOID,TRANH_XA,0.0,NONE,,0.0,NEUTRAL
IVS,NO_ACTION,—,15,NEUTRAL,0.0,NEUTRAL,SAFE,,37,37,RETAIL_DRIVEN,MODE_A,6800.0,6800.0,6380.0,7910.0,2.64,PASS,NONE,TRANSITIONAL,False,T_PULLBACK_EMA,THEO_DOI,45.0,NONE,,0.0,NEUTRAL
LBE,NO_ACTION,—,15,NEUTRAL,0.0,NEUTRAL,SAFE,,23,23,WHALE_DISTRIBUTING,MODE_A,29800.0,29600.0,28000.0,33850.0,2.66,PASS,NONE,STEADY_BEAR,False,T_PULLBACK_EMA,CHO_XAC_NHAN,60.0,NONE,,0.0,NEUTRAL
NET,NO_ACTION,—,15,NEUTRAL,0.0,NEUTRAL,SAFE,,22,22,WHALE_DISTRIBUTING,MODE_A,65500.0,65500.0,63500.0,69600.0,2.05,PASS,NONE,TRANSITIONAL,False,T_AVOID,TRANH_XA,0.0,NONE,,0.0,NEUTRAL
PCE,NO_ACTION,—,15,NEUTRAL,0.0,NEUTRAL,SAFE,,29,29,WHALE_DISTRIBUTING,MODE_A,19400.0,19400.0,18800.0,20450.0,1.75,PASS,NONE,TRANSITIONAL,False,T_SUPPORT_BOUNCE,THEO_DOI,35.0,NONE,,0.0,NEUTRAL
PSW,NO_ACTION,—,15,NEUTRAL,0.0,NEUTRAL,SAFE,,26,26,WHALE_DISTRIBUTING,MODE_A,7900.0,7900.0,7660.0,8270.0,1.54,PASS,NONE,TRANSITIONAL,False,T_AVOID,TRANH_XA,0.0,NONE,,0.0,NEUTRAL
PTS,NO_ACTION,—,15,NEUTRAL,0.0,NEUTRAL,SAFE,,18,18,WHALE_DISTRIBUTING,MODE_A,9300.0,9300.0,9020.0,9700.0,1.43,PASS,NONE,TRANSITIONAL,False,T_AVOID,TRANH_XA,0.0,NONE,,0.0,NEUTRAL
SD5,NO_ACTION,—,15,NEUTRAL,0.0,NEUTRAL,SAFE,,24,24,WHALE_DISTRIBUTING,MODE_A,7300.0,7300.0,7060.0,7930.0,2.62,PASS,NONE,STEADY_BEAR,False,T_AVOID,TRANH_XA,0.0,NONE,,0.0,NEUTRAL
SCI,NO_ACTION,—,15,NEUTRAL,0.0,NEUTRAL,SAFE,,41,41,RETAIL_DRIVEN,MODE_A,12400.0,12150.0,11450.0,14000.0,2.64,WARN,NONE,TRANSITIONAL,False,T_MOMENTUM_CONT,CHO_XAC_NHAN,65.0,NONE,,0.0,NEUTRAL
SED,NO_ACTION,—,15,NEUTRAL,0.0,NEUTRAL,SAFE,,37,37,RETAIL_DRIVEN,MODE_A,17700.0,17700.0,17150.0,18900.0,2.18,PASS,NONE,STEADY_BEAR,False,T_AVOID,TRANH_XA,0.0,NONE,,0.0,NEUTRAL
TTH,NO_ACTION,—,15,NEUTRAL,0.0,NEUTRAL,SAFE,,42,42,RETAIL_DRIVEN,MODE_A,2400.0,2370.0,2190.0,2830.0,2.56,PASS,NONE,TRANSITIONAL,False,T_BREAKOUT,THEO_DOI,50.0,NONE,,0.0,NEUTRAL
TV4,NO_ACTION,—,15,NEUTRAL,0.0,NEUTRAL,SAFE,,11,11,WHALE_DISTRIBUTING,MODE_B,13000.0,13000.0,12450.0,14350.0,2.45,WARN,NONE,STEADY_BEAR,False,T_AVOID,TRANH_XA,0.0,NONE,,0.0,NEUTRAL
UNI,NO_ACTION,—,15,NEUTRAL,0.0,NEUTRAL,SAFE,,30,30,WHALE_DISTRIBUTING,MODE_B,7500.0,7500.0,6700.0,9610.0,2.64,PASS,NONE,STEADY_BEAR,False,T_AVOID,TRANH_XA,0.0,NONE,,0.0,NEUTRAL
VMC,NO_ACTION,—,15,NEUTRAL,0.0,NEUTRAL,SAFE,,21,21,WHALE_DISTRIBUTING,MODE_A,4400.0,4400.0,4060.0,5290.0,2.62,PASS,NONE,STEADY_BEAR,False,T_AVOID,TRANH_XA,0.0,NONE,,0.0,NEUTRAL
WCS,NO_ACTION,—,15,NEUTRAL,0.0,NEUTRAL,SAFE,,30,30,WHALE_DISTRIBUTING,MODE_B,302.9,300.0,270.0,380.0,2.67,WARN,NONE,TRANSITIONAL,False,T_PULLBACK_EMA,CHO_XAC_NHAN,80.0,NONE,,0.0,NEUTRAL
CTS,NO_ACTION,—,13,NEUTRAL,0.0,INFLOW,SAFE,,41,36,RETAIL_DRIVEN,MODE_B,28350.0,28350.0,27300.0,31100.0,2.62,PASS,NONE,TRANSITIONAL,False,T_BREAKOUT,THEO_DOI,50.0,NONE,,0.0,NEUTRAL
DST,NO_ACTION,—,13,NEUTRAL,0.0,NEUTRAL,SAFE,,50,50,RETAIL_DRIVEN,MODE_B,5200.0,5200.0,4650.0,6660.0,2.65,WARN,NONE,STEADY_BEAR,False,T_AVOID,TRANH_XA,0.0,NONE,,0.0,NEUTRAL
ANV,NO_ACTION,—,12,NEUTRAL,0.0,NEUTRAL,SAFE,,43,31,RETAIL_DRIVEN,MODE_A,22800.0,22800.0,22050.0,24800.0,2.67,WARN,WYCKOFF_SPRING,STEADY_BEAR,False,T_AVOID,TRANH_XA,0.0,NONE,,0.0,NEUTRAL
BAF,NO_ACTION,—,12,NEUTRAL,0.0,NEUTRAL,SAFE,,43,31,RETAIL_DRIVEN,MODE_A,35000.0,35000.0,33950.0,37000.0,1.9,PASS,WYCKOFF_SPRING,TRANSITIONAL,False,T_SUPPORT_BOUNCE,CHO_XAC_NHAN,60.0,NONE,,0.0,NEUTRAL
BIC,NO_ACTION,—,12,NEUTRAL,0.0,NEUTRAL,SAFE,,33,21,WHALE_DISTRIBUTING,MODE_A,23200.0,23200.0,22500.0,24850.0,2.36,PASS,WYCKOFF_SPRING,STEADY_BEAR,False,T_AVOID,TRANH_XA,0.0,NONE,,0.0,NEUTRAL
CRC,NO_ACTION,—,12,NEUTRAL,0.0,NEUTRAL,SAFE,,33,21,WHALE_DISTRIBUTING,MODE_A,8160.0,8160.0,7810.0,9090.0,2.66,WARN,WYCKOFF_SPRING,STEADY_BEAR,False,T_AVOID,TRANH_XA,0.0,NONE,,0.0,NEUTRAL
CSM,NO_ACTION,—,12,NEUTRAL,0.0,NEUTRAL,SAFE,,39,27,WHALE_DISTRIBUTING,MODE_A,11750.0,11750.0,11350.0,12800.0,2.62,PASS,WYCKOFF_SPRING,STEADY_BEAR,False,T_AVOID,TRANH_XA,0.0,NONE,,0.0,NEUTRAL
DAH,NO_ACTION,—,12,NEUTRAL,0.0,NEUTRAL,SAFE,,36,24,WHALE_DISTRIBUTING,MODE_A,2620.0,2620.0,2490.0,2950.0,2.54,WARN,WYCKOFF_SPRING,STEADY_BEAR,False,T_AVOID,TRANH_XA,0.0,NONE,,0.0,NEUTRAL
EIB,NO_ACTION,—,12,NEUTRAL,0.0,INFLOW,SAFE,,48,31,RETAIL_DRIVEN,MODE_A,21700.0,21700.0,20850.0,23950.0,2.65,PASS,WYCKOFF_SPRING,TRANSITIONAL,False,T_AVOID,TRANH_XA,0.0,NONE,,0.0,NEUTRAL
HPG,NO_ACTION,—,12,NEUTRAL,0.0,NEUTRAL,SAFE,,44,32,RETAIL_DRIVEN,MODE_A,26400.0,26400.0,25600.0,28100.0,2.12,PASS,WYCKOFF_SPRING,TRANSITIONAL,False,T_SUPPORT_BOUNCE,CHO_XAC_NHAN,60.0,NONE,,0.0,NEUTRAL
IDI,NO_ACTION,—,12,NEUTRAL,0.0,NEUTRAL,SAFE,,41,29,WHALE_DISTRIBUTING,MODE_A,5940.0,5940.0,5680.0,6620.0,2.62,WARN,WYCKOFF_SPRING,STEADY_BEAR,False,T_SUPPORT_BOUNCE,THEO_DOI,45.0,NONE,,0.0,NEUTRAL
NO1,NO_ACTION,—,12,NEUTRAL,0.0,NEUTRAL,SAFE,,42,30,WHALE_DISTRIBUTING,MODE_A,5320.0,5320.0,5110.0,5860.0,2.57,PASS,WYCKOFF_SPRING,TRANSITIONAL,False,T_OVERSOLD_RECOVERY,CHO_XAC_NHAN,55.0,NONE,,0.0,NEUTRAL
PLP,NO_ACTION,—,12,NEUTRAL,0.0,NEUTRAL,SAFE,,33,21,WHALE_DISTRIBUTING,MODE_A,4300.0,4300.0,4010.0,5070.0,2.66,WARN,WYCKOFF_SPRING,STEADY_BEAR,False,T_AVOID,TRANH_XA,0.0,NONE,,0.0,NEUTRAL
QCG,NO_ACTION,—,12,NEUTRAL,0.0,NEUTRAL,SAFE,,42,30,WHALE_DISTRIBUTING,MODE_A,13250.0,13250.0,12800.0,14450.0,2.67,PASS,WYCKOFF_SPRING,STEADY_BEAR,False,T_SUPPORT_BOUNCE,CHO_XAC_NHAN,55.0,NONE,,0.0,NEUTRAL
TVS,NO_ACTION,—,12,NEUTRAL,0.0,NEUTRAL,SAFE,,37,25,WHALE_DISTRIBUTING,MODE_A,13100.0,13100.0,12550.0,14450.0,2.45,PASS,WYCKOFF_SPRING,STEADY_BEAR,False,T_AVOID,TRANH_XA,0.0,NONE,,0.0,NEUTRAL
VPS,NO_ACTION,—,12,NEUTRAL,0.0,NEUTRAL,SAFE,,41,29,WHALE_DISTRIBUTING,MODE_A,8610.0,8610.0,8330.0,9340.0,2.61,PASS,WYCKOFF_SPRING,TRANSITIONAL,False,T_SUPPORT_BOUNCE,THEO_DOI,50.0,NONE,,0.0,NEUTRAL
SHN,NO_ACTION,—,12,NEUTRAL,0.0,NEUTRAL,SAFE,,39,27,WHALE_DISTRIBUTING,MODE_A,3600.0,3600.0,3370.0,4200.0,2.61,PASS,WYCKOFF_SPRING,STEADY_BEAR,False,T_SUPPORT_BOUNCE,THEO_DOI,40.0,NONE,,0.0,NEUTRAL
TNG,NO_ACTION,—,12,NEUTRAL,0.0,NEUTRAL,SAFE,,40,28,WHALE_DISTRIBUTING,MODE_A,19300.0,19300.0,18300.0,21950.0,2.65,WARN,WYCKOFF_SPRING,TRANSITIONAL,False,T_SUPPORT_BOUNCE,THEO_DOI,30.0,NONE,,0.0,NEUTRAL
ABT,NO_ACTION,—,10,NEUTRAL,0.0,NEUTRAL,SAFE,,26,26,WHALE_DISTRIBUTING,MODE_B,55300.0,55300.0,53600.0,59400.0,2.41,WARN,NONE,STEADY_BEAR,False,T_AVOID,TRANH_XA,0.0,NONE,,0.0,NEUTRAL
ACC,NO_ACTION,—,10,NEUTRAL,0.0,NEUTRAL,SAFE,,0,19,WHALE_DISTRIBUTING,MODE_A,12750.0,12750.0,11700.0,15450.0,2.57,PASS,NONE,TRANSITIONAL,False,T_AVOID,TRANH_XA,0.0,NONE,,0.0,NEUTRAL
BFC,NO_ACTION,—,10,NEUTRAL,0.0,NEUTRAL,SAFE,,1,31,WHALE_DISTRIBUTING,MODE_A,63600.0,63600.0,58700.0,76600.0,2.65,PASS,NONE,TRANSITIONAL,False,T_PULLBACK_EMA,CHO_XAC_NHAN,95.0,NONE,,0.0,NEUTRAL
CKG,NO_ACTION,—,10,NEUTRAL,0.0,NEUTRAL,SAFE,,26,26,WHALE_DISTRIBUTING,MODE_B,7700.0,7700.0,7390.0,8520.0,2.65,WARN,NONE,STEADY_BEAR,False,T_AVOID,TRANH_XA,0.0,NONE,,0.0,NEUTRAL
DGW,NO_ACTION,—,10,NEUTRAL,0.0,NEUTRAL,SAFE,,36,26,WHALE_DISTRIBUTING,MODE_A,41750.0,41750.0,40150.0,46000.0,2.66,PASS,CUP_WITH_HANDLE,STEADY_BEAR,False,T_AVOID,TRANH_XA,0.0,NONE,,0.0,NEUTRAL
FCN,NO_ACTION,—,10,NEUTRAL,0.0,NEUTRAL,SAFE,,41,31,RETAIL_DRIVEN,MODE_A,12800.0,12800.0,12200.0,14250.0,2.42,PASS,CUP_WITH_HANDLE,STEADY_BEAR,False,T_SUPPORT_BOUNCE,THEO_DOI,30.0,NONE,,0.0,NEUTRAL
FIR,NO_ACTION,—,10,NEUTRAL,0.0,NEUTRAL,SAFE,,0,26,WHALE_DISTRIBUTING,MODE_A,5370.0,5370.0,4980.0,6380.0,2.59,PASS,NONE,TRANSITIONAL,False,T_NO_SETUP,THEO_DOI,0.0,NONE,,0.0,NEUTRAL
HTN,NO_ACTION,—,10,NEUTRAL,0.0,NEUTRAL,SAFE,,1,31,WHALE_DISTRIBUTING,MODE_A,8200.0,8140.0,7720.0,9260.0,2.67,PASS,NONE,TRANSITIONAL,False,T_PULLBACK_EMA,THEO_DOI,35.0,NONE,,0.0,NEUTRAL
HTV,NO_ACTION,—,10,NEUTRAL,0.0,NEUTRAL,SAFE,,31,31,RETAIL_DRIVEN,MODE_A,14000.0,13700.0,12600.0,16550.0,2.59,WARN,NONE,TRANSITIONAL,False,T_PULLBACK_EMA,THEO_DOI,30.0,NONE,,0.0,NEUTRAL
HVH,NO_ACTION,—,10,NEUTRAL,0.0,NEUTRAL,SAFE,,29,29,WHALE_DISTRIBUTING,MODE_B,11350.0,11350.0,10850.0,12600.0,2.5,PASS,NONE,STEADY_BEAR,False,T_AVOID,TRANH_XA,0.0,NONE,,0.0,NEUTRAL
ITD,NO_ACTION,—,10,NEUTRAL,0.0,NEUTRAL,SAFE,,29,29,WHALE_DISTRIBUTING,MODE_B,15700.0,15700.0,15200.0,16800.0,2.2,PASS,NONE,STEADY_BEAR,False,T_SUPPORT_BOUNCE,THEO_DOI,40.0,NONE,,0.0,NEUTRAL
JVC,NO_ACTION,—,10,NEUTRAL,0.0,NEUTRAL,SAFE,,25,25,WHALE_DISTRIBUTING,MODE_B,3900.0,3900.0,3690.0,4460.0,2.67,PASS,NONE,STEADY_BEAR,False,T_AVOID,TRANH_XA,0.0,NONE,,0.0,NEUTRAL
LGL,NO_ACTION,—,10,NEUTRAL,0.0,NEUTRAL,SAFE,,30,30,WHALE_DISTRIBUTING,MODE_A,5900.0,5900.0,5540.0,6860.0,2.67,PASS,NONE,TRANSITIONAL,False,T_PULLBACK_EMA,CHO_XAC_NHAN,70.0,NONE,,0.0,NEUTRAL
LPB,NO_ACTION,—,10,NEUTRAL,0.0,INFLOW,SAFE,,41,36,RETAIL_DRIVEN,MODE_A,51700.0,50700.0,47750.0,58500.0,2.64,WARN,NONE,TRANSITIONAL,False,T_MOMENTUM_CONT,THEO_DOI,50.0,NONE,,0.0,NEUTRAL
NVL,NO_ACTION,—,10,NEUTRAL,0.0,OUTFLOW,SAFE,,30,30,WHALE_DISTRIBUTING,MODE_A,17150.0,17150.0,15550.0,21300.0,2.59,PASS,NONE,TRANSITIONAL,False,T_PULLBACK_EMA,CHO_XAC_NHAN,80.0,NONE,,0.0,NEUTRAL
PGI,NO_ACTION,—,10,NEUTRAL,0.0,NEUTRAL,SAFE,,31,31,RETAIL_DRIVEN,MODE_B,18300.0,18300.0,17400.0,20700.0,2.67,PASS,NONE,STEADY_BEAR,False,T_AVOID,TRANH_XA,0.0,NONE,,0.0,NEUTRAL
PNC,NO_ACTION,—,10,NEUTRAL,0.0,NEUTRAL,SAFE,,34,34,RETAIL_DRIVEN,MODE_A,29800.0,29200.0,27000.0,34950.0,2.61,WARN,NONE,TRANSITIONAL,False,T_PULLBACK_EMA,CHO_XAC_NHAN,70.0,NONE,,0.0,NEUTRAL
PTC,NO_ACTION,—,10,NEUTRAL,0.0,NEUTRAL,SAFE,,37,37,RETAIL_DRIVEN,MODE_B,6970.0,6970.0,6430.0,8410.0,2.67,WARN,NONE,TRANSITIONAL,False,T_SUPPORT_BOUNCE,THEO_DOI,40.0,NONE,,0.0,NEUTRAL
SIP,NO_ACTION,—,10,NEUTRAL,0.0,OUTFLOW,SAFE,,39,29,WHALE_DISTRIBUTING,MODE_A,52900.0,52900.0,50900.0,58000.0,2.55,PASS,CUP_WITH_HANDLE,TRANSITIONAL,False,T_NO_SETUP,THEO_DOI,0.0,NONE,,0.0,NEUTRAL
STB,NO_ACTION,—,10,NEUTRAL,0.0,INFLOW,SAFE,,44,39,RETAIL_DRIVEN,MODE_A,72700.0,72700.0,68800.0,83100.0,2.67,PASS,NONE,TRANSITIONAL,False,T_MOMENTUM_CONT,CHO_XAC_NHAN,80.0,NONE,,0.0,NEUTRAL
TCB,NO_ACTION,—,10,NEUTRAL,0.0,INFLOW,SAFE,,16,31,WHALE_DISTRIBUTING,MODE_A,34000.0,34000.0,32950.0,36400.0,2.29,PASS,CUP_WITH_HANDLE,TRANSITIONAL,False,T_PULLBACK_EMA,CHO_XAC_NHAN,65.0,NONE,,0.0,NEUTRAL
TDH,NO_ACTION,—,10,NEUTRAL,0.0,NEUTRAL,SAFE,,32,32,RETAIL_DRIVEN,MODE_A,3900.0,3900.0,3600.0,4680.0,2.6,WARN,NONE,TRANSITIONAL,False,T_OVERSOLD_RECOVERY,THEO_DOI,40.0,NONE,,0.0,NEUTRAL
TEG,NO_ACTION,—,10,NEUTRAL,0.0,NEUTRAL,SAFE,,36,36,RETAIL_DRIVEN,MODE_A,6460.0,6420.0,6120.0,7200.0,2.6,PASS,NONE,TRANSITIONAL,False,T_PULLBACK_EMA,CHO_XAC_NHAN,60.0,NONE,,0.0,NEUTRAL
TPC,NO_ACTION,—,10,NEUTRAL,0.0,NEUTRAL,SAFE,,23,23,WHALE_DISTRIBUTING,MODE_B,10500.0,10500.0,9560.0,13000.0,2.66,WARN,NONE,STEADY_BEAR,False,T_AVOID,TRANH_XA,0.0,NONE,,0.0,NEUTRAL
TNT,NO_ACTION,—,10,NEUTRAL,0.0,NEUTRAL,SAFE,,37,37,RETAIL_DRIVEN,MODE_A,10050.0,10050.0,9250.0,12200.0,2.69,PASS,NONE,TRANSITIONAL,False,T_PULLBACK_EMA,CHO_XAC_NHAN,80.0,NONE,,0.0,NEUTRAL
TYA,NO_ACTION,—,10,NEUTRAL,0.0,NEUTRAL,SAFE,,29,29,WHALE_DISTRIBUTING,MODE_A,18200.0,18200.0,17650.0,19650.0,2.64,PASS,NONE,TRANSITIONAL,False,T_AVOID,TRANH_XA,0.0,NONE,,0.0,NEUTRAL
VHM,NO_ACTION,—,10,NEUTRAL,0.0,OUTFLOW,SAFE,,30,30,WHALE_DISTRIBUTING,MODE_A,156.2,160.0,140.0,190.0,1.5,PASS,NONE,TRANSITIONAL,False,T_AVOID,TRANH_XA,0.0,NONE,,0.0,NEUTRAL
VHC,NO_ACTION,—,10,NEUTRAL,0.0,NEUTRAL,SAFE,,31,21,WHALE_DISTRIBUTING,MODE_A,59300.0,59300.0,56800.0,65700.0,2.56,PASS,CUP_WITH_HANDLE,TRANSITIONAL,False,T_AVOID,TRANH_XA,0.0,NONE,,0.0,NEUTRAL
VJC,NO_ACTION,—,10,NEUTRAL,0.0,NEUTRAL,SAFE,,35,35,RETAIL_DRIVEN,MODE_A,171.1,170.0,160.0,190.0,2.0,PASS,NONE,TRANSITIONAL,False,T_PULLBACK_EMA,CHO_XAC_NHAN,55.0,NONE,,0.0,NEUTRAL
VRC,NO_ACTION,—,10,NEUTRAL,0.0,NEUTRAL,SAFE,,29,29,WHALE_DISTRIBUTING,MODE_A,12450.0,12450.0,11650.0,14500.0,2.56,PASS,NONE,TRANSITIONAL,False,T_AVOID,TRANH_XA,0.0,NONE,,0.0,NEUTRAL
VSI,NO_ACTION,—,10,NEUTRAL,0.0,NEUTRAL,SAFE,,25,25,WHALE_DISTRIBUTING,MODE_B,23000.0,23000.0,22150.0,25250.0,2.65,WARN,NONE,TRANSITIONAL,False,T_SUPPORT_BOUNCE,THEO_DOI,35.0,NONE,,0.0,NEUTRAL
BPC,NO_ACTION,—,10,NEUTRAL,0.0,NEUTRAL,SAFE,,41,36,RETAIL_DRIVEN,MODE_A,12500.0,12500.0,11500.0,15050.0,2.55,PASS,NONE,TRANSITIONAL,False,T_SUPPORT_BOUNCE,THEO_DOI,35.0,NONE,,0.0,NEUTRAL
DTG,NO_ACTION,—,10,NEUTRAL,0.0,NEUTRAL,SAFE,,30,30,WHALE_DISTRIBUTING,MODE_A,15300.0,15300.0,14550.0,17300.0,2.67,PASS,NONE,TRANSITIONAL,False,T_PULLBACK_EMA,THEO_DOI,35.0,NONE,,0.0,NEUTRAL
HKT,NO_ACTION,—,10,NEUTRAL,0.0,NEUTRAL,SAFE,,35,35,RETAIL_DRIVEN,MODE_A,21900.0,21750.0,19250.0,28300.0,2.62,WARN,NONE,TRANSITIONAL,False,T_PULLBACK_EMA,CHO_XAC_NHAN,65.0,NONE,,0.0,NEUTRAL
MAC,NO_ACTION,—,10,NEUTRAL,0.0,NEUTRAL,SAFE,,36,36,RETAIL_DRIVEN,MODE_A,12200.0,12200.0,11350.0,14400.0,2.59,WARN,NONE,TRANSITIONAL,False,T_SUPPORT_BOUNCE,CHO_XAC_NHAN,55.0,NONE,,0.0,NEUTRAL
PGN,NO_ACTION,—,10,NEUTRAL,0.0,NEUTRAL,SAFE,,36,36,RETAIL_DRIVEN,MODE_A,7000.0,7000.0,6230.0,9030.0,2.64,WARN,NONE,TRANSITIONAL,False,T_PULLBACK_EMA,THEO_DOI,50.0,NONE,,0.0,NEUTRAL
PPS,NO_ACTION,—,10,NEUTRAL,0.0,NEUTRAL,SAFE,,15,15,WHALE_DISTRIBUTING,MODE_A,10000.0,10000.0,9580.0,11100.0,2.62,WARN,NONE,TRANSITIONAL,False,T_AVOID,TRANH_XA,0.0,NONE,,0.0,NEUTRAL
PVI,NO_ACTION,—,10,NEUTRAL,0.0,NEUTRAL,SAFE,,36,36,RETAIL_DRIVEN,MODE_A,80600.0,79800.0,77200.0,86600.0,2.62,PASS,NONE,TRANSITIONAL,False,T_BREAKOUT,THEO_DOI,50.0,NONE,,0.0,NEUTRAL
QTC,NO_ACTION,—,10,NEUTRAL,0.0,NEUTRAL,SAFE,,0,24,WHALE_DISTRIBUTING,MODE_A,31500.0,31500.0,27650.0,41750.0,2.66,WARN,NONE,TRANSITIONAL,False,T_PULLBACK_EMA,CHO_XAC_NHAN,55.0,NONE,,0.0,NEUTRAL
TDT,NO_ACTION,—,10,NEUTRAL,0.0,NEUTRAL,SAFE,,27,27,WHALE_DISTRIBUTING,MODE_A,7500.0,7500.0,7200.0,8300.0,2.67,PASS,NONE,TRANSITIONAL,False,T_SUPPORT_BOUNCE,CHO_XAC_NHAN,60.0,NONE,,0.0,NEUTRAL
TFC,NO_ACTION,—,10,NEUTRAL,0.0,NEUTRAL,SAFE,,34,34,RETAIL_DRIVEN,MODE_A,49000.0,49000.0,46250.0,56300.0,2.65,PASS,NONE,TRANSITIONAL,False,T_PULLBACK_EMA,CHO_XAC_NHAN,65.0,NONE,,0.0,NEUTRAL
APG,NO_ACTION,—,8,NEUTRAL,0.0,NEUTRAL,SAFE,,32,24,WHALE_DISTRIBUTING,MODE_A,4780.0,4780.0,4610.0,5220.0,2.59,PASS,RSI_DIV_BULLISH,STEADY_BEAR,False,T_AVOID,TRANH_XA,0.0,NONE,,0.0,NEUTRAL
BMI,NO_ACTION,—,8,NEUTRAL,0.0,NEUTRAL,SAFE,,37,19,WHALE_DISTRIBUTING,MODE_A,14550.0,14550.0,14100.0,15600.0,2.33,PASS,VCP,STEADY_BEAR,False,T_AVOID,TRANH_XA,0.0,NONE,,0.0,NEUTRAL
CTD,NO_ACTION,—,8,NEUTRAL,0.0,NEUTRAL,SAFE,,22,14,WHALE_DISTRIBUTING,MODE_B,73900.0,73900.0,68500.0,88200.0,2.65,WARN,RSI_DIV_BULLISH,TRANSITIONAL,False,T_AVOID,TRANH_XA,0.0,NONE,,0.0,NEUTRAL
D2D,NO_ACTION,—,8,NEUTRAL,0.0,NEUTRAL,SAFE,,32,24,WHALE_DISTRIBUTING,MODE_A,33500.0,33500.0,32450.0,34750.0,1.19,PASS,RSI_DIV_BULLISH,STEADY_BEAR,False,T_AVOID,TRANH_XA,0.0,NONE,,0.0,NEUTRAL
FIT,NO_ACTION,—,8,NEUTRAL,0.0,NEUTRAL,SAFE,,38,30,WHALE_DISTRIBUTING,MODE_A,4100.0,4100.0,3920.0,4560.0,2.56,PASS,RSI_DIV_BULLISH,STEADY_BEAR,False,T_SUPPORT_BOUNCE,THEO_DOI,30.0,NONE,,0.0,NEUTRAL
FRT,NO_ACTION,—,8,NEUTRAL,0.0,NEUTRAL,SAFE,,37,29,WHALE_DISTRIBUTING,MODE_A,133.9,130.0,120.0,140.0,1.0,WARN,RSI_DIV_BULLISH,STEADY_BEAR,False,T_OVERSOLD_RECOVERY,CHO_XAC_NHAN,60.0,NONE,,0.0,NEUTRAL
HAG,NO_ACTION,—,8,NEUTRAL,0.0,NEUTRAL,SAFE,,29,29,WHALE_DISTRIBUTING,MODE_B,15700.0,15700.0,15200.0,16950.0,2.5,PASS,NONE,STEADY_BEAR,False,T_NO_SETUP,THEO_DOI,0.0,NONE,,0.0,NEUTRAL
HPX,NO_ACTION,—,8,NEUTRAL,0.0,NEUTRAL,SAFE,,36,28,WHALE_DISTRIBUTING,MODE_A,4480.0,4480.0,4330.0,4870.0,2.6,WARN,RSI_DIV_BULLISH,STEADY_BEAR,False,T_AVOID,TRANH_XA,0.0,NONE,,0.0,NEUTRAL
PAC,NO_ACTION,—,8,NEUTRAL,0.0,NEUTRAL,SAFE,,38,30,WHALE_DISTRIBUTING,MODE_A,22050.0,22050.0,21350.0,23550.0,2.14,PASS,RSI_DIV_BULLISH,TRANSITIONAL,False,T_AVOID,TRANH_XA,0.0,NONE,,0.0,NEUTRAL
REE,NO_ACTION,—,8,NEUTRAL,0.0,INFLOW,SAFE,,37,24,WHALE_DISTRIBUTING,MODE_A,52800.0,52800.0,51200.0,56800.0,2.5,PASS,RSI_DIV_BULLISH,TRANSITIONAL,False,T_PULLBACK_EMA,THEO_DOI,30.0,NONE,,0.0,NEUTRAL
TCT,NO_ACTION,—,8,NEUTRAL,0.0,NEUTRAL,SAFE,,43,35,RETAIL_DRIVEN,MODE_A,18600.0,18600.0,18000.0,19300.0,1.17,PASS,RSI_DIV_BULLISH,STEADY_BEAR,False,T_NO_SETUP,THEO_DOI,0.0,NONE,,0.0,NEUTRAL
VCI,NO_ACTION,—,8,NEUTRAL,0.0,INFLOW,SAFE,,47,34,RETAIL_DRIVEN,MODE_A,25550.0,25550.0,24550.0,28150.0,2.6,PASS,RSI_DIV_BULLISH,TRANSITIONAL,False,T_PULLBACK_EMA,THEO_DOI,45.0,NONE,,0.0,NEUTRAL
CSC,NO_ACTION,—,8,NEUTRAL,0.0,NEUTRAL,SAFE,,32,24,WHALE_DISTRIBUTING,MODE_A,14100.0,14100.0,13300.0,16150.0,2.56,PASS,RSI_DIV_BULLISH,STEADY_BEAR,False,T_AVOID,TRANH_XA,0.0,NONE,,0.0,NEUTRAL
LIG,NO_ACTION,—,8,NEUTRAL,0.0,NEUTRAL,SAFE,,39,31,RETAIL_DRIVEN,MODE_A,3600.0,3600.0,3390.0,4140.0,2.57,PASS,RSI_DIV_BULLISH,STEADY_BEAR,False,T_OVERSOLD_RECOVERY,CHO_XAC_NHAN,55.0,NONE,,0.0,NEUTRAL
ACB,NO_ACTION,—,5,NEUTRAL,0.0,INFLOW,SAFE,,23,18,WHALE_DISTRIBUTING,MODE_A,23000.0,23000.0,22300.0,24450.0,2.07,PASS,NONE,TRANSITIONAL,False,T_AVOID,TRANH_XA,0.0,NONE,,0.0,NEUTRAL
DTT,NO_ACTION,—,5,NEUTRAL,0.0,NEUTRAL,SAFE,,19,19,WHALE_DISTRIBUTING,MODE_B,17650.0,17650.0,17100.0,19050.0,2.55,WARN,NONE,TRANSITIONAL,False,T_AVOID,TRANH_XA,0.0,NONE,,0.0,NEUTRAL
RAL,NO_ACTION,—,5,NEUTRAL,0.0,NEUTRAL,SAFE,,17,17,WHALE_DISTRIBUTING,MODE_A,84900.0,84900.0,82300.0,90000.0,1.96,PASS,NONE,TRANSITIONAL,False,T_AVOID,TRANH_XA,0.0,NONE,,0.0,NEUTRAL
TNH,NO_ACTION,—,5,NEUTRAL,0.0,NEUTRAL,SAFE,,14,14,WHALE_DISTRIBUTING,MODE_A,9950.0,9950.0,9650.0,10550.0,2.0,PASS,NONE,STEADY_BEAR,False,T_AVOID,TRANH_XA,0.0,NONE,,0.0,NEUTRAL
DIH,NO_ACTION,—,5,NEUTRAL,0.0,NEUTRAL,SAFE,,41,41,RETAIL_DRIVEN,MODE_A,8900.0,8900.0,8630.0,9560.0,2.44,PASS,NONE,STEADY_BEAR,False,T_OVERSOLD_RECOVERY,CHO_XAC_NHAN,55.0,NONE,,0.0,NEUTRAL
EBS,NO_ACTION,—,5,NEUTRAL,0.0,NEUTRAL,SAFE,,40,40,RETAIL_DRIVEN,MODE_A,10400.0,10400.0,9950.0,11600.0,2.67,PASS,NONE,STEADY_BEAR,False,T_SUPPORT_BOUNCE,THEO_DOI,35.0,NONE,,0.0,NEUTRAL
KDM,NO_ACTION,—,5,NEUTRAL,0.0,NEUTRAL,SAFE,,18,18,WHALE_DISTRIBUTING,MODE_B,23800.0,23800.0,21900.0,28750.0,2.61,WARN,NONE,STEADY_BEAR,False,T_AVOID,TRANH_XA,0.0,NONE,,0.0,NEUTRAL
NFC,NO_ACTION,—,5,NEUTRAL,0.0,NEUTRAL,SAFE,,42,42,RETAIL_DRIVEN,MODE_A,54500.0,54500.0,51200.0,63200.0,2.64,WARN,NONE,TRANSITIONAL,False,T_NO_SETUP,THEO_DOI,0.0,NONE,,0.0,NEUTRAL
SMN,NO_ACTION,—,5,NEUTRAL,0.0,NEUTRAL,SAFE,,19,19,WHALE_DISTRIBUTING,MODE_B,8900.0,8900.0,8330.0,10400.0,2.63,WARN,NONE,STEADY_BEAR,False,T_AVOID,TRANH_XA,0.0,NONE,,0.0,NEUTRAL
TA9,NO_ACTION,—,5,NEUTRAL,0.0,NEUTRAL,SAFE,,15,15,WHALE_DISTRIBUTING,MODE_A,11300.0,11300.0,10950.0,12150.0,2.43,PASS,NONE,STEADY_BEAR,False,T_AVOID,TRANH_XA,0.0,NONE,,0.0,NEUTRAL
TTL,NO_ACTION,—,3,NEUTRAL,0.0,NEUTRAL,SAFE,,8,30,WHALE_DISTRIBUTING,MODE_A,8600.0,8430.0,7610.0,10600.0,2.65,WARN,RSI_DIV_BULLISH,TRANSITIONAL,False,T_PULLBACK_EMA,THEO_DOI,35.0,NONE,,0.0,NEUTRAL
ACL,NO_ACTION,—,0,NEUTRAL,0.0,NEUTRAL,SAFE,,29,29,WHALE_DISTRIBUTING,MODE_A,12650.0,12650.0,11900.0,14550.0,2.53,PASS,NONE,TRANSITIONAL,False,T_OVERSOLD_RECOVERY,THEO_DOI,40.0,NONE,,0.0,NEUTRAL
AGG,NO_ACTION,—,0,NEUTRAL,0.0,NEUTRAL,SAFE,,23,23,WHALE_DISTRIBUTING,MODE_A,11950.0,11950.0,11550.0,12700.0,1.88,PASS,NONE,STEADY_BEAR,False,T_SUPPORT_BOUNCE,CHO_XAC_NHAN,55.0,NONE,,0.0,NEUTRAL
BRC,NO_ACTION,—,0,NEUTRAL,0.0,NEUTRAL,SAFE,,0,19,WHALE_DISTRIBUTING,MODE_A,12150.0,12150.0,11750.0,13150.0,2.5,PASS,NONE,TRANSITIONAL,False,T_AVOID,TRANH_XA,0.0,NONE,,0.0,NEUTRAL
CCC,NO_ACTION,—,0,NEUTRAL,0.0,NEUTRAL,SAFE,,39,39,RETAIL_DRIVEN,MODE_A,7800.0,7800.0,7510.0,8560.0,2.62,PASS,NONE,TRANSITIONAL,False,T_NO_SETUP,THEO_DOI,0.0,NONE,,0.0,NEUTRAL
CTF,NO_ACTION,—,0,NEUTRAL,0.0,NEUTRAL,SAFE,,26,26,WHALE_DISTRIBUTING,MODE_A,17800.0,17800.0,17100.0,19550.0,2.5,PASS,NONE,STEADY_BEAR,False,T_AVOID,TRANH_XA,0.0,NONE,,0.0,NEUTRAL
DBC,NO_ACTION,—,0,NEUTRAL,0.0,NEUTRAL,SAFE,,26,26,WHALE_DISTRIBUTING,MODE_A,22250.0,22250.0,21550.0,23750.0,2.14,PASS,NONE,STEADY_BEAR,False,T_AVOID,TRANH_XA,0.0,NONE,,0.0,NEUTRAL
DHM,NO_ACTION,—,0,NEUTRAL,0.0,NEUTRAL,SAFE,,34,34,RETAIL_DRIVEN,MODE_A,6500.0,6500.0,6200.0,7270.0,2.57,WARN,NONE,TRANSITIONAL,False,T_SUPPORT_BOUNCE,CHO_XAC_NHAN,55.0,NONE,,0.0,NEUTRAL
DMC,NO_ACTION,—,0,NEUTRAL,0.0,NEUTRAL,SAFE,,29,29,WHALE_DISTRIBUTING,MODE_A,57000.0,57000.0,55200.0,61500.0,2.5,PASS,NONE,STEADY_BEAR,False,T_NO_SETUP,THEO_DOI,0.0,NONE,,0.0,NEUTRAL
DPG,NO_ACTION,—,0,NEUTRAL,0.0,NEUTRAL,SAFE,,25,25,WHALE_DISTRIBUTING,MODE_A,39400.0,39400.0,37250.0,45050.0,2.63,WARN,NONE,STEADY_BEAR,False,T_SUPPORT_BOUNCE,THEO_DOI,35.0,NONE,,0.0,NEUTRAL
DSE,NO_ACTION,—,0,NEUTRAL,0.0,INFLOW,SAFE,,35,30,WHALE_DISTRIBUTING,MODE_A,22250.0,22250.0,21500.0,24250.0,2.67,PASS,NONE,STEADY_BEAR,False,T_OVERSOLD_RECOVERY,THEO_DOI,45.0,NONE,,0.0,NEUTRAL
ELC,NO_ACTION,—,0,NEUTRAL,0.0,NEUTRAL,SAFE,,31,31,RETAIL_DRIVEN,MODE_A,16149.999999999998,16150.0,15250.0,18500.0,2.61,WARN,NONE,STEADY_BEAR,False,T_AVOID,TRANH_XA,0.0,NONE,,0.0,NEUTRAL
EVG,NO_ACTION,—,0,NEUTRAL,0.0,NEUTRAL,SAFE,,29,29,WHALE_DISTRIBUTING,MODE_A,6220.0,6220.0,5960.0,6900.0,2.62,WARN,NONE,STEADY_BEAR,False,T_SUPPORT_BOUNCE,CHO_XAC_NHAN,55.0,NONE,,0.0,NEUTRAL
FMC,NO_ACTION,—,0,NEUTRAL,0.0,NEUTRAL,SAFE,,32,32,RETAIL_DRIVEN,MODE_A,35400.0,35400.0,34300.0,37850.0,2.23,PASS,NONE,TRANSITIONAL,False,T_SUPPORT_BOUNCE,THEO_DOI,35.0,NONE,,0.0,NEUTRAL
GDT,NO_ACTION,—,0,NEUTRAL,0.0,NEUTRAL,SAFE,,17,17,WHALE_DISTRIBUTING,MODE_B,18000.0,18000.0,17450.0,19050.0,1.91,PASS,NONE,STEADY_BEAR,False,T_AVOID,TRANH_XA,0.0,NONE,,0.0,NEUTRAL
GEG,NO_ACTION,—,0,NEUTRAL,0.0,NEUTRAL,SAFE,,24,24,WHALE_DISTRIBUTING,MODE_A,14150.0,14150.0,13700.0,15050.0,2.0,PASS,NONE,TRANSITIONAL,False,T_AVOID,TRANH_XA,0.0,NONE,,0.0,NEUTRAL
GIL,NO_ACTION,—,0,NEUTRAL,0.0,NEUTRAL,SAFE,,28,28,WHALE_DISTRIBUTING,MODE_A,12700.0,12700.0,12250.0,13800.0,2.44,PASS,NONE,STEADY_BEAR,False,T_AVOID,TRANH_XA,0.0,NONE,,0.0,NEUTRAL
HDG,NO_ACTION,—,0,NEUTRAL,0.0,OUTFLOW,SAFE,,23,23,WHALE_DISTRIBUTING,MODE_A,24550.0,24550.0,23750.0,26650.0,2.62,WARN,NONE,TRANSITIONAL,False,T_AVOID,TRANH_XA,0.0,NONE,,0.0,NEUTRAL
HHV,NO_ACTION,—,0,NEUTRAL,0.0,NEUTRAL,SAFE,,21,21,WHALE_DISTRIBUTING,MODE_A,11950.0,11950.0,11450.0,13200.0,2.5,PASS,NONE,TRANSITIONAL,False,T_AVOID,TRANH_XA,0.0,NONE,,0.0,NEUTRAL
HMC,NO_ACTION,—,0,NEUTRAL,0.0,NEUTRAL,SAFE,,23,23,WHALE_DISTRIBUTING,MODE_A,11300.0,11300.0,10950.0,11800.0,1.43,PASS,NONE,TRANSITIONAL,False,T_AVOID,TRANH_XA,0.0,NONE,,0.0,NEUTRAL
HSL,NO_ACTION,—,0,NEUTRAL,0.0,NEUTRAL,SAFE,,30,30,WHALE_DISTRIBUTING,MODE_A,4960.0,4960.0,4680.0,5690.0,2.61,PASS,NONE,STEADY_BEAR,False,T_OVERSOLD_RECOVERY,THEO_DOI,35.0,NONE,,0.0,NEUTRAL
HT1,NO_ACTION,—,0,NEUTRAL,0.0,NEUTRAL,SAFE,,23,23,WHALE_DISTRIBUTING,MODE_A,13800.0,13800.0,13250.0,15150.0,2.45,WARN,NONE,STEADY_BEAR,False,T_SUPPORT_BOUNCE,THEO_DOI,35.0,NONE,,0.0,NEUTRAL
HUB,NO_ACTION,—,0,NEUTRAL,0.0,NEUTRAL,SAFE,,19,19,WHALE_DISTRIBUTING,MODE_B,12950.0,12950.0,12200.0,14850.0,2.53,WARN,NONE,TRANSITIONAL,False,T_AVOID,TRANH_XA,0.0,NONE,,0.0,NEUTRAL
IMP,NO_ACTION,—,0,NEUTRAL,0.0,NEUTRAL,SAFE,,29,29,WHALE_DISTRIBUTING,MODE_A,46600.0,46600.0,44300.0,52700.0,2.65,WARN,NONE,TRANSITIONAL,False,T_AVOID,TRANH_XA,0.0,NONE,,0.0,NEUTRAL
IJC,NO_ACTION,—,0,NEUTRAL,0.0,NEUTRAL,SAFE,,25,25,WHALE_DISTRIBUTING,MODE_A,9960.0,9960.0,9660.0,10500.0,1.8,PASS,NONE,STEADY_BEAR,False,T_SUPPORT_BOUNCE,THEO_DOI,45.0,NONE,,0.0,NEUTRAL
KBC,NO_ACTION,—,0,NEUTRAL,0.0,OUTFLOW,SAFE,,30,30,WHALE_DISTRIBUTING,MODE_A,31550.0,31550.0,30150.0,35250.0,2.64,WARN,NONE,STEADY_BEAR,False,T_NO_SETUP,THEO_DOI,0.0,NONE,,0.0,NEUTRAL
KDH,NO_ACTION,—,0,NEUTRAL,0.0,OUTFLOW,SAFE,,21,21,WHALE_DISTRIBUTING,MODE_A,23300.0,23300.0,22450.0,25500.0,2.59,WARN,NONE,STEADY_BEAR,False,T_SUPPORT_BOUNCE,THEO_DOI,30.0,NONE,,0.0,NEUTRAL
KSB,NO_ACTION,—,0,NEUTRAL,0.0,NEUTRAL,SAFE,,31,31,RETAIL_DRIVEN,MODE_A,15500.0,15500.0,15000.0,16450.0,1.9,PASS,NONE,TRANSITIONAL,False,T_SUPPORT_BOUNCE,THEO_DOI,35.0,NONE,,0.0,NEUTRAL
LCG,NO_ACTION,—,0,NEUTRAL,0.0,NEUTRAL,SAFE,,29,29,WHALE_DISTRIBUTING,MODE_A,9260.0,9260.0,8980.0,9990.0,2.61,WARN,NONE,STEADY_BEAR,False,T_SUPPORT_BOUNCE,THEO_DOI,35.0,NONE,,0.0,NEUTRAL
MBB,NO_ACTION,—,0,NEUTRAL,0.0,INFLOW,SAFE,,30,25,WHALE_DISTRIBUTING,MODE_A,25500.0,25500.0,24700.0,26750.0,1.56,PASS,NONE,STEADY_BEAR,False,T_AVOID,TRANH_XA,0.0,NONE,,0.0,NEUTRAL
MWG,NO_ACTION,—,0,NEUTRAL,0.0,NEUTRAL,SAFE,,31,31,RETAIL_DRIVEN,MODE_A,79500.0,79500.0,76800.0,86700.0,2.67,WARN,NONE,TRANSITIONAL,False,T_NO_SETUP,THEO_DOI,0.0,NONE,,0.0,NEUTRAL
NKG,NO_ACTION,—,0,NEUTRAL,0.0,NEUTRAL,SAFE,,30,30,WHALE_DISTRIBUTING,MODE_A,13750.0,13750.0,13300.0,14850.0,2.44,PASS,NONE,STEADY_BEAR,False,T_NO_SETUP,THEO_DOI,0.0,NONE,,0.0,NEUTRAL
NHA,NO_ACTION,—,0,NEUTRAL,0.0,NEUTRAL,SAFE,,29,29,WHALE_DISTRIBUTING,MODE_A,12400.0,12400.0,11900.0,13650.0,2.5,PASS,NONE,STEADY_BEAR,False,T_SUPPORT_BOUNCE,THEO_DOI,35.0,NONE,,0.0,NEUTRAL
NLG,NO_ACTION,—,0,NEUTRAL,0.0,OUTFLOW,SAFE,,24,24,WHALE_DISTRIBUTING,MODE_A,26250.0,26250.0,25100.0,29250.0,2.61,PASS,NONE,STEADY_BEAR,False,T_SUPPORT_BOUNCE,THEO_DOI,30.0,NONE,,0.0,NEUTRAL
NT2,NO_ACTION,—,0,NEUTRAL,0.0,INFLOW,SAFE,,24,19,WHALE_DISTRIBUTING,MODE_A,23050.0,23050.0,22150.0,25400.0,2.61,WARN,NONE,STEADY_BEAR,False,T_AVOID,TRANH_XA,0.0,NONE,,0.0,NEUTRAL
NSC,NO_ACTION,—,0,NEUTRAL,0.0,NEUTRAL,SAFE,,11,41,WHALE_DISTRIBUTING,MODE_A,75000.0,75000.0,72700.0,78500.0,1.52,PASS,NONE,TRANSITIONAL,False,T_PULLBACK_EMA,CHO_XAC_NHAN,65.0,NONE,,0.0,NEUTRAL
OGC,NO_ACTION,—,0,NEUTRAL,0.0,NEUTRAL,SAFE,,17,17,WHALE_DISTRIBUTING,MODE_A,2810.0,2810.0,2680.0,3130.0,2.46,WARN,NONE,TRANSITIONAL,False,T_AVOID,TRANH_XA,0.0,NONE,,0.0,NEUTRAL
PIT,NO_ACTION,—,0,NEUTRAL,0.0,NEUTRAL,SAFE,,34,34,RETAIL_DRIVEN,MODE_A,7420.0,7420.0,6980.0,8570.0,2.61,PASS,NONE,TRANSITIONAL,False,T_PULLBACK_EMA,THEO_DOI,30.0,NONE,,0.0,NEUTRAL
QNP,NO_ACTION,—,0,NEUTRAL,0.0,NEUTRAL,SAFE,,37,37,RETAIL_DRIVEN,MODE_A,31500.0,31500.0,29400.0,37050.0,2.64,PASS,NONE,TRANSITIONAL,False,T_SUPPORT_BOUNCE,THEO_DOI,30.0,NONE,,0.0,NEUTRAL
SAV,NO_ACTION,—,0,NEUTRAL,0.0,NEUTRAL,SAFE,,0,27,WHALE_DISTRIBUTING,MODE_A,14950.0,14950.0,13550.0,18650.0,2.64,PASS,NONE,TRANSITIONAL,False,T_PULLBACK_EMA,CHO_XAC_NHAN,80.0,NONE,,0.0,NEUTRAL
SFC,NO_ACTION,—,0,NEUTRAL,0.0,NEUTRAL,SAFE,,36,36,RETAIL_DRIVEN,MODE_A,18000.0,18000.0,17350.0,19650.0,2.54,PASS,NONE,STEADY_BEAR,False,T_SUPPORT_BOUNCE,THEO_DOI,35.0,NONE,,0.0,NEUTRAL
SCR,NO_ACTION,—,0,NEUTRAL,0.0,NEUTRAL,SAFE,,28,28,WHALE_DISTRIBUTING,MODE_A,5580.0,5580.0,5340.0,6220.0,2.67,WARN,NONE,STEADY_BEAR,False,T_NO_SETUP,THEO_DOI,0.0,NONE,,0.0,NEUTRAL
SFG,NO_ACTION,—,0,NEUTRAL,0.0,NEUTRAL,SAFE,,31,31,RETAIL_DRIVEN,MODE_A,10500.0,10500.0,10050.0,11600.0,2.44,PASS,NONE,TRANSITIONAL,False,T_SUPPORT_BOUNCE,THEO_DOI,35.0,NONE,,0.0,NEUTRAL
SGR,NO_ACTION,—,0,NEUTRAL,0.0,NEUTRAL,SAFE,,25,25,WHALE_DISTRIBUTING,MODE_A,14550.0,14550.0,14050.0,15800.0,2.5,PASS,NONE,STEADY_BEAR,False,T_SUPPORT_BOUNCE,THEO_DOI,50.0,NONE,,0.0,NEUTRAL
SHB,NO_ACTION,—,0,NEUTRAL,0.0,INFLOW,SAFE,,30,25,WHALE_DISTRIBUTING,MODE_A,13750.0,13750.0,13300.0,14700.0,2.11,WARN,NONE,TRANSITIONAL,False,T_OVERSOLD_RECOVERY,THEO_DOI,50.0,NONE,,0.0,NEUTRAL
SJS,NO_ACTION,—,0,NEUTRAL,0.0,OUTFLOW,SAFE,,0,27,WHALE_DISTRIBUTING,MODE_A,54200.0,54200.0,51600.0,60900.0,2.58,WARN,NONE,TRANSITIONAL,False,T_NO_SETUP,THEO_DOI,0.0,NONE,,0.0,NEUTRAL
ST8,NO_ACTION,—,0,NEUTRAL,0.0,NEUTRAL,SAFE,,26,26,WHALE_DISTRIBUTING,MODE_A,3170.0,3170.0,3070.0,3420.0,2.5,PASS,NONE,STEADY_BEAR,False,T_AVOID,TRANH_XA,0.0,NONE,,0.0,NEUTRAL
STK,NO_ACTION,—,0,NEUTRAL,0.0,NEUTRAL,SAFE,,25,25,WHALE_DISTRIBUTING,MODE_A,13000.0,13000.0,12550.0,14150.0,2.56,PASS,NONE,STEADY_BEAR,False,T_AVOID,TRANH_XA,0.0,NONE,,0.0,NEUTRAL
SVD,NO_ACTION,—,0,NEUTRAL,0.0,NEUTRAL,SAFE,,6,36,WHALE_DISTRIBUTING,MODE_B,4050.0,4050.0,3780.0,4770.0,2.67,WARN,NONE,TRANSITIONAL,False,T_BREAKOUT,THEO_DOI,35.0,NONE,,0.0,NEUTRAL
SZC,NO_ACTION,—,0,NEUTRAL,0.0,OUTFLOW,SAFE,,28,28,WHALE_DISTRIBUTING,MODE_A,25600.0,25600.0,24700.0,27900.0,2.56,WARN,NONE,STEADY_BEAR,False,T_NO_SETUP,THEO_DOI,0.0,NONE,,0.0,NEUTRAL
SVT,NO_ACTION,—,0,NEUTRAL,0.0,NEUTRAL,SAFE,,18,18,WHALE_DISTRIBUTING,MODE_B,10550.0,10550.0,10200.0,11100.0,1.57,PASS,NONE,STEADY_BEAR,False,T_AVOID,TRANH_XA,0.0,NONE,,0.0,NEUTRAL
TDG,NO_ACTION,—,0,NEUTRAL,0.0,NEUTRAL,SAFE,,26,26,WHALE_DISTRIBUTING,MODE_A,2590.0,2590.0,2460.0,2930.0,2.62,PASS,NONE,STEADY_BEAR,False,T_PULLBACK_EMA,THEO_DOI,45.0,NONE,,0.0,NEUTRAL
TLH,NO_ACTION,—,0,NEUTRAL,0.0,NEUTRAL,SAFE,,30,30,WHALE_DISTRIBUTING,MODE_A,4560.0,4560.0,4400.0,4970.0,2.56,PASS,NONE,STEADY_BEAR,False,T_SUPPORT_BOUNCE,CHO_XAC_NHAN,65.0,NONE,,0.0,NEUTRAL
TMP,NO_ACTION,—,0,NEUTRAL,0.0,NEUTRAL,SAFE,,18,18,WHALE_DISTRIBUTING,MODE_A,46900.0,46900.0,45400.0,50900.0,2.67,PASS,NONE,STEADY_BEAR,False,T_AVOID,TRANH_XA,0.0,NONE,,0.0,NEUTRAL
TMT,NO_ACTION,—,0,NEUTRAL,0.0,NEUTRAL,SAFE,,21,21,WHALE_DISTRIBUTING,MODE_A,11600.0,11600.0,10800.0,13700.0,2.62,WARN,NONE,STEADY_BEAR,False,T_OVERSOLD_RECOVERY,THEO_DOI,35.0,NONE,,0.0,NEUTRAL
TN1,NO_ACTION,—,0,NEUTRAL,0.0,NEUTRAL,SAFE,,22,22,WHALE_DISTRIBUTING,MODE_A,13200.0,13200.0,12450.0,15150.0,2.6,WARN,NONE,STEADY_BEAR,False,T_AVOID,TRANH_XA,0.0,NONE,,0.0,NEUTRAL
TNC,NO_ACTION,—,0,NEUTRAL,0.0,NEUTRAL,SAFE,,0,24,WHALE_DISTRIBUTING,MODE_A,31000.0,31000.0,28650.0,37200.0,2.64,WARN,NONE,TRANSITIONAL,False,T_PULLBACK_EMA,THEO_DOI,45.0,NONE,,0.0,NEUTRAL
TNI,NO_ACTION,—,0,NEUTRAL,0.0,NEUTRAL,SAFE,,19,19,WHALE_DISTRIBUTING,MODE_A,4900.0,4900.0,4530.0,5870.0,2.62,PASS,NONE,TRANSITIONAL,False,T_AVOID,TRANH_XA,0.0,NONE,,0.0,NEUTRAL
TPB,NO_ACTION,—,0,NEUTRAL,0.0,INFLOW,SAFE,,33,28,WHALE_DISTRIBUTING,MODE_A,15600.0,15600.0,15100.0,16700.0,2.2,PASS,NONE,STEADY_BEAR,False,T_SUPPORT_BOUNCE,CHO_XAC_NHAN,55.0,NONE,,0.0,NEUTRAL
TRA,NO_ACTION,—,0,NEUTRAL,0.0,NEUTRAL,SAFE,,7,37,WHALE_DISTRIBUTING,MODE_A,80000.0,80000.0,77200.0,87200.0,2.57,WARN,NONE,TRANSITIONAL,False,T_MOMENTUM_CONT,CHO_XAC_NHAN,65.0,NONE,,0.0,NEUTRAL
TSC,NO_ACTION,—,0,NEUTRAL,0.0,NEUTRAL,SAFE,,25,25,WHALE_DISTRIBUTING,MODE_A,2300.0,2300.0,2200.0,2550.0,2.5,PASS,NONE,STEADY_BEAR,False,T_AVOID,TRANH_XA,0.0,NONE,,0.0,NEUTRAL
TTA,NO_ACTION,—,0,NEUTRAL,0.0,NEUTRAL,SAFE,,35,35,RETAIL_DRIVEN,MODE_A,10600.0,10600.0,10200.0,11650.0,2.62,PASS,NONE,TRANSITIONAL,False,T_SUPPORT_BOUNCE,THEO_DOI,50.0,NONE,,0.0,NEUTRAL
TTF,NO_ACTION,—,0,NEUTRAL,0.0,NEUTRAL,SAFE,,25,25,WHALE_DISTRIBUTING,MODE_A,2410.0,2410.0,2300.0,2700.0,2.64,WARN,NONE,STEADY_BEAR,False,T_AVOID,TRANH_XA,0.0,NONE,,0.0,NEUTRAL
TV2,NO_ACTION,—,0,NEUTRAL,0.0,NEUTRAL,SAFE,,30,30,WHALE_DISTRIBUTING,MODE_A,31700.0,31700.0,29950.0,36250.0,2.6,WARN,NONE,STEADY_BEAR,False,T_AVOID,TRANH_XA,0.0,NONE,,0.0,NEUTRAL
TVB,NO_ACTION,—,0,NEUTRAL,0.0,NEUTRAL,SAFE,,31,31,RETAIL_DRIVEN,MODE_A,7400.0,7400.0,7070.0,8270.0,2.64,PASS,NONE,TRANSITIONAL,False,T_SUPPORT_BOUNCE,CHO_XAC_NHAN,55.0,NONE,,0.0,NEUTRAL
UIC,NO_ACTION,—,0,NEUTRAL,0.0,NEUTRAL,SAFE,,0,28,WHALE_DISTRIBUTING,MODE_A,66300.0,65700.0,63600.0,71100.0,2.57,PASS,NONE,TRANSITIONAL,False,T_MOMENTUM_CONT,CHO_XAC_NHAN,70.0,NONE,,0.0,NEUTRAL
VDS,NO_ACTION,—,0,NEUTRAL,0.0,NEUTRAL,SAFE,,29,29,WHALE_DISTRIBUTING,MODE_A,13400.0,13400.0,12800.0,14950.0,2.58,WARN,NONE,STEADY_BEAR,False,T_AVOID,TRANH_XA,0.0,NONE,,0.0,NEUTRAL
VNS,NO_ACTION,—,0,NEUTRAL,0.0,NEUTRAL,SAFE,,25,25,WHALE_DISTRIBUTING,MODE_A,7770.0,7770.0,7530.0,8160.0,1.62,PASS,NONE,STEADY_BEAR,False,T_AVOID,TRANH_XA,0.0,NONE,,0.0,NEUTRAL
VPD,NO_ACTION,—,0,NEUTRAL,0.0,NEUTRAL,SAFE,,31,31,RETAIL_DRIVEN,MODE_A,23650.0,23650.0,22900.0,24700.0,1.4,PASS,NONE,TRANSITIONAL,False,T_SUPPORT_BOUNCE,THEO_DOI,35.0,NONE,,0.0,NEUTRAL
VTB,NO_ACTION,—,0,NEUTRAL,0.0,NEUTRAL,SAFE,,24,24,WHALE_DISTRIBUTING,MODE_A,13400.0,13400.0,12700.0,15150.0,2.5,PASS,NONE,STEADY_BEAR,False,T_SUPPORT_BOUNCE,THEO_DOI,40.0,NONE,,0.0,NEUTRAL
CMC,NO_ACTION,—,0,NEUTRAL,0.0,NEUTRAL,SAFE,,16,46,WHALE_DISTRIBUTING,MODE_A,9200.0,9200.0,8680.0,10550.0,2.6,PASS,NONE,TRANSITIONAL,False,T_PULLBACK_EMA,CHO_XAC_NHAN,80.0,NONE,,0.0,NEUTRAL
CST,NO_ACTION,—,0,NEUTRAL,0.0,NEUTRAL,SAFE,,34,34,RETAIL_DRIVEN,MODE_A,13300.0,13300.0,12850.0,14400.0,2.44,PASS,NONE,TRANSITIONAL,False,T_NO_SETUP,THEO_DOI,0.0,NONE,,0.0,NEUTRAL
DP3,NO_ACTION,—,0,NEUTRAL,0.0,NEUTRAL,SAFE,,3,33,WHALE_DISTRIBUTING,MODE_A,58600.0,58600.0,56800.0,61700.0,1.72,PASS,NONE,TRANSITIONAL,False,T_MOMENTUM_CONT,CHO_XAC_NHAN,65.0,NONE,,0.0,NEUTRAL
DTD,NO_ACTION,—,0,NEUTRAL,0.0,NEUTRAL,SAFE,,21,21,WHALE_DISTRIBUTING,MODE_A,14700.0,14700.0,13800.0,17000.0,2.56,WARN,NONE,STEADY_BEAR,False,T_AVOID,TRANH_XA,0.0,NONE,,0.0,NEUTRAL
DVM,NO_ACTION,—,0,NEUTRAL,0.0,NEUTRAL,SAFE,,34,34,RETAIL_DRIVEN,MODE_A,6900.0,6900.0,6490.0,7990.0,2.66,WARN,NONE,TRANSITIONAL,False,T_OVERSOLD_RECOVERY,CHO_XAC_NHAN,60.0,NONE,,0.0,NEUTRAL
GLT,NO_ACTION,—,0,NEUTRAL,0.0,NEUTRAL,SAFE,,29,29,WHALE_DISTRIBUTING,MODE_A,27500.0,27500.0,25800.0,32050.0,2.68,WARN,NONE,TRANSITIONAL,False,T_SUPPORT_BOUNCE,CHO_XAC_NHAN,60.0,NONE,,0.0,NEUTRAL
HLC,NO_ACTION,—,0,NEUTRAL,0.0,NEUTRAL,SAFE,,34,34,RETAIL_DRIVEN,MODE_A,11600.0,11600.0,11150.0,12750.0,2.56,WARN,NONE,TRANSITIONAL,False,T_AVOID,TRANH_XA,0.0,NONE,,0.0,NEUTRAL
HLD,NO_ACTION,—,0,NEUTRAL,0.0,NEUTRAL,SAFE,,29,29,WHALE_DISTRIBUTING,MODE_A,15800.0,15800.0,14700.0,18650.0,2.59,WARN,NONE,STEADY_BEAR,False,T_AVOID,TRANH_XA,0.0,NONE,,0.0,NEUTRAL
HMR,NO_ACTION,—,0,NEUTRAL,0.0,NEUTRAL,SAFE,,22,22,WHALE_DISTRIBUTING,MODE_A,9500.0,9500.0,9210.0,9990.0,1.69,PASS,NONE,STEADY_BEAR,False,T_AVOID,TRANH_XA,0.0,NONE,,0.0,NEUTRAL
IPA,NO_ACTION,—,0,NEUTRAL,0.0,NEUTRAL,SAFE,,18,18,WHALE_DISTRIBUTING,MODE_A,14300.0,14300.0,13600.0,16150.0,2.64,PASS,NONE,STEADY_BEAR,False,T_AVOID,TRANH_XA,0.0,NONE,,0.0,NEUTRAL
KKC,NO_ACTION,—,0,NEUTRAL,0.0,NEUTRAL,SAFE,,36,36,RETAIL_DRIVEN,MODE_A,5900.0,5900.0,5480.0,7010.0,2.64,PASS,NONE,STEADY_BEAR,False,T_AVOID,TRANH_XA,0.0,NONE,,0.0,NEUTRAL
MDC,NO_ACTION,—,0,NEUTRAL,0.0,NEUTRAL,SAFE,,28,28,WHALE_DISTRIBUTING,MODE_A,9600.0,9600.0,9240.0,10550.0,2.64,PASS,NONE,TRANSITIONAL,False,T_NO_SETUP,THEO_DOI,0.0,NONE,,0.0,NEUTRAL
MKV,NO_ACTION,—,0,NEUTRAL,0.0,NEUTRAL,SAFE,,16,16,WHALE_DISTRIBUTING,MODE_A,17700.0,17700.0,15450.0,23650.0,2.64,WARN,NONE,TRANSITIONAL,False,T_SUPPORT_BOUNCE,THEO_DOI,40.0,NONE,,0.0,NEUTRAL
MIC,NO_ACTION,—,0,NEUTRAL,0.0,NEUTRAL,SAFE,,19,19,WHALE_DISTRIBUTING,MODE_A,11200.0,11200.0,10300.0,13550.0,2.61,PASS,NONE,STEADY_BEAR,False,T_AVOID,TRANH_XA,0.0,NONE,,0.0,NEUTRAL
NAG,NO_ACTION,—,0,NEUTRAL,0.0,NEUTRAL,SAFE,,32,32,RETAIL_DRIVEN,MODE_A,8300.0,8300.0,7780.0,9670.0,2.63,PASS,NONE,TRANSITIONAL,False,T_SUPPORT_BOUNCE,THEO_DOI,35.0,NONE,,0.0,NEUTRAL
NBC,NO_ACTION,—,0,NEUTRAL,0.0,NEUTRAL,SAFE,,25,17,WHALE_DISTRIBUTING,MODE_A,8800.0,8800.0,8320.0,10050.0,2.6,PASS,RSI_DIV_BULLISH,TRANSITIONAL,False,T_AVOID,TRANH_XA,0.0,NONE,,0.0,NEUTRAL
NSH,NO_ACTION,—,0,NEUTRAL,0.0,NEUTRAL,SAFE,,30,30,WHALE_DISTRIBUTING,MODE_A,5000.0,5000.0,4670.0,5860.0,2.61,WARN,NONE,TRANSITIONAL,False,T_PULLBACK_EMA,THEO_DOI,50.0,NONE,,0.0,NEUTRAL
PDB,NO_ACTION,—,0,NEUTRAL,0.0,NEUTRAL,SAFE,,32,32,RETAIL_DRIVEN,MODE_A,19200.0,19200.0,18150.0,22000.0,2.67,WARN,NONE,STEADY_BEAR,False,T_OVERSOLD_RECOVERY,THEO_DOI,40.0,NONE,,0.0,NEUTRAL
PIC,NO_ACTION,—,0,NEUTRAL,0.0,NEUTRAL,SAFE,,24,24,WHALE_DISTRIBUTING,MODE_A,15100.0,15100.0,13900.0,18300.0,2.67,PASS,NONE,STEADY_BEAR,False,T_NO_SETUP,THEO_DOI,0.0,NONE,,0.0,NEUTRAL
PMS,NO_ACTION,—,0,NEUTRAL,0.0,NEUTRAL,SAFE,,13,43,WHALE_DISTRIBUTING,MODE_A,36600.0,35900.0,33800.0,41450.0,2.64,PASS,NONE,TRANSITIONAL,False,T_PULLBACK_EMA,CHO_XAC_NHAN,70.0,NONE,,0.0,NEUTRAL
PMB,NO_ACTION,—,0,NEUTRAL,0.0,NEUTRAL,SAFE,,2,32,WHALE_DISTRIBUTING,MODE_A,11600.0,11600.0,11250.0,11950.0,1.0,PASS,NONE,STEADY_BULL,False,T_PULLBACK_EMA,CHO_XAC_NHAN,60.0,NONE,,0.0,NEUTRAL
PRC,NO_ACTION,—,0,NEUTRAL,0.0,NEUTRAL,SAFE,,31,31,RETAIL_DRIVEN,MODE_A,11000.0,11000.0,10450.0,12350.0,2.45,WARN,NONE,STEADY_BEAR,False,T_AVOID,TRANH_XA,0.0,NONE,,0.0,NEUTRAL
SGC,NO_ACTION,—,0,NEUTRAL,0.0,NEUTRAL,SAFE,,24,44,WHALE_DISTRIBUTING,MODE_A,109.0,110.0,-156430.0,417500.0,2.67,WARN,CUP_WITH_HANDLE,TRANSITIONAL,False,T_PULLBACK_EMA,THEO_DOI,30.0,NONE,,0.0,NEUTRAL
SHE,NO_ACTION,—,0,NEUTRAL,0.0,NEUTRAL,SAFE,,21,21,WHALE_DISTRIBUTING,MODE_A,6300.0,6300.0,5810.0,7590.0,2.63,PASS,NONE,STEADY_BEAR,False,T_AVOID,TRANH_XA,0.0,NONE,,0.0,NEUTRAL
SLS,NO_ACTION,—,0,NEUTRAL,0.0,NEUTRAL,SAFE,,12,12,WHALE_DISTRIBUTING,MODE_A,149.3,150.0,140.0,160.0,1.0,PASS,NONE,STEADY_BEAR,False,T_AVOID,TRANH_XA,0.0,NONE,,0.0,NEUTRAL
SJE,NO_ACTION,—,0,NEUTRAL,0.0,NEUTRAL,SAFE,,19,19,WHALE_DISTRIBUTING,MODE_A,13700.0,13700.0,13150.0,15150.0,2.64,WARN,NONE,STEADY_BEAR,False,T_AVOID,TRANH_XA,0.0,NONE,,0.0,NEUTRAL
SVN,NO_ACTION,—,0,NEUTRAL,0.0,NEUTRAL,SAFE,,30,30,WHALE_DISTRIBUTING,MODE_A,2000.0,2000.0,1770.0,2600.0,2.61,PASS,NONE,TRANSITIONAL,False,T_SUPPORT_BOUNCE,CHO_XAC_NHAN,60.0,NONE,,0.0,NEUTRAL
TKU,NO_ACTION,—,0,NEUTRAL,0.0,NEUTRAL,SAFE,,29,29,WHALE_DISTRIBUTING,MODE_A,11200.0,11200.0,9890.0,14700.0,2.67,WARN,NONE,TRANSITIONAL,False,T_RANGE_BREAK,THEO_DOI,30.0,NONE,,0.0,NEUTRAL
TV3,NO_ACTION,—,0,NEUTRAL,0.0,NEUTRAL,SAFE,,16,16,WHALE_DISTRIBUTING,MODE_A,16000.0,16000.0,15000.0,18650.0,2.65,PASS,NONE,TRANSITIONAL,False,T_NO_SETUP,THEO_DOI,0.0,NONE,,0.0,NEUTRAL
VC6,NO_ACTION,—,0,NEUTRAL,0.0,NEUTRAL,SAFE,,19,19,WHALE_DISTRIBUTING,MODE_B,21300.0,21300.0,18950.0,27450.0,2.62,WARN,NONE,STEADY_BEAR,False,T_AVOID,TRANH_XA,0.0,NONE,,0.0,NEUTRAL
VGS,NO_ACTION,—,0,NEUTRAL,0.0,NEUTRAL,SAFE,,29,29,WHALE_DISTRIBUTING,MODE_A,22800.0,22800.0,22000.0,24900.0,2.62,WARN,NONE,STEADY_BEAR,False,T_SUPPORT_BOUNCE,THEO_DOI,45.0,NONE,,0.0,NEUTRAL
VNC,NO_ACTION,—,0,NEUTRAL,0.0,NEUTRAL,SAFE,,30,30,WHALE_DISTRIBUTING,MODE_A,32600.0,32600.0,31600.0,34650.0,2.05,WARN,NONE,TRANSITIONAL,False,T_NO_SETUP,THEO_DOI,0.0,NONE,,0.0,NEUTRAL
AAM,EXIT,—,20,NEUTRAL,0.0,NEUTRAL,SAFE,,41,41,RETAIL_DRIVEN,MODE_B,7100.0,7100.0,6670.0,8240.0,2.65,PASS,NONE,TRANSITIONAL,False,T_AVOID,TRANH_XA,0.0,NONE,,0.0,NEUTRAL
ASP,EXIT,—,15,NEUTRAL,0.0,NEUTRAL,SAFE,,48,48,RETAIL_DRIVEN,MODE_A,7600.0,7450.0,6820.0,9110.0,2.63,WARN,NONE,TRANSITIONAL,False,T_AVOID,TRANH_XA,0.0,NONE,,0.0,NEUTRAL
VIX,EXIT,—,15,NEUTRAL,0.0,INFLOW,SAFE,,48,43,RETAIL_DRIVEN,MODE_A,18500.0,18500.0,17350.0,21500.0,2.61,PASS,NONE,TRANSITIONAL,False,T_AVOID,TRANH_XA,0.0,NONE,,0.0,NEUTRAL
